datetime,open,high,low,close,volume
2026-03-12T13:30:00+00:00,317.38,317.61,314.25,315.88,723
2026-03-12T13:33:00+00:00,315.88,316.5,315.68,315.76,831
2026-03-12T13:36:00+00:00,315.76,315.85,315.07,315.15000000000003,975
2026-03-12T13:39:00+00:00,315.15000000000003,315.61,314.44,314.58000000000004,1146
2026-03-12T13:42:00+00:00,314.58000000000004,314.72,313.99,314.65000000000003,870
2026-03-12T13:45:00+00:00,314.65000000000003,314.7,313.32,313.75,985
2026-03-12T13:48:00+00:00,313.75,314.53000000000003,313.51,314.07,1324
2026-03-12T13:51:00+00:00,314.07,314.27000000000004,313.05,313.06,1268
2026-03-12T13:54:00+00:00,313.06,313.46000000000004,312.8,312.92,1283
2026-03-12T13:57:00+00:00,312.92,313.09000000000003,312.55,312.98,1431
2026-03-12T14:00:00+00:00,312.98,313.71000000000004,312.92,313.56,1363
2026-03-12T14:03:00+00:00,313.56,313.78000000000003,312.74,313.26,1337
2026-03-12T14:06:00+00:00,313.26,313.79,313.22,313.58000000000004,1260
2026-03-12T14:09:00+00:00,313.58000000000004,313.67,312.97,313.14000000000004,1384
2026-03-12T14:12:00+00:00,313.14000000000004,313.34000000000003,312.61,312.89000000000004,1092
2026-03-12T14:15:00+00:00,312.89000000000004,312.97,312.09000000000003,312.37,1311
2026-03-12T14:18:00+00:00,312.37,312.47,312.07,312.31,1090
2026-03-12T14:21:00+00:00,312.31,312.68,312.28000000000003,312.35,1023
2026-03-12T14:24:00+00:00,312.35,312.6,312.05,312.16,951
2026-03-12T14:27:00+00:00,312.16,312.16,311.49,311.49,957
2026-03-12T14:30:00+00:00,311.49,312.05,311.3,312.01,666
2026-03-12T14:33:00+00:00,312.01,312.21000000000004,311.82,312.2,732
2026-03-12T14:36:00+00:00,312.2,312.27000000000004,311.01,311.28000000000003,864
2026-03-12T14:39:00+00:00,311.28000000000003,311.44,311.05,311.25,931
2026-03-12T14:42:00+00:00,311.25,311.61,311.08000000000004,311.46000000000004,791
2026-03-12T14:45:00+00:00,311.46000000000004,312.04,311.15000000000003,311.2,1143
2026-03-12T14:48:00+00:00,311.2,311.31,310.65000000000003,310.86,989
2026-03-12T14:51:00+00:00,310.86,311.31,310.8,311.1,938
2026-03-12T14:54:00+00:00,311.1,311.31,310.85,311.05,774
2026-03-12T14:57:00+00:00,311.05,311.08000000000004,310.59000000000003,310.77000000000004,632
2026-03-12T15:00:00+00:00,310.77000000000004,310.82,310.38,310.7,1040
2026-03-12T15:03:00+00:00,310.7,310.84000000000003,310.25,310.74,838
2026-03-12T15:06:00+00:00,310.74,310.86,310.3,310.51,1002
2026-03-12T15:09:00+00:00,310.51,310.6,310.15000000000003,310.16,909
2026-03-12T15:12:00+00:00,310.16,310.57,309.99,310.5,902
2026-03-12T15:15:00+00:00,310.5,310.63,310.07,310.40000000000003,1021
2026-03-12T15:18:00+00:00,310.40000000000003,310.47,310.1,310.13,927
2026-03-12T15:21:00+00:00,310.13,310.34000000000003,309.85,309.93,762
2026-03-12T15:24:00+00:00,309.93,310.96000000000004,309.93,310.93,844
2026-03-12T15:27:00+00:00,310.93,311.14000000000004,310.8,311.11,803
2026-03-12T15:30:00+00:00,311.11,311.6,310.75,311.49,716
2026-03-12T15:33:00+00:00,311.49,311.5,310.78000000000003,311.06,886
2026-03-12T15:36:00+00:00,311.06,311.55,310.88,311.41,852
2026-03-12T15:39:00+00:00,311.41,312.24,311.31,312.06,1270
2026-03-12T15:42:00+00:00,312.06,312.26,311.82,311.97,1030
2026-03-12T15:45:00+00:00,311.97,312.12,311.31,311.57,972
2026-03-12T15:48:00+00:00,311.57,311.98,311.49,311.83000000000004,945
2026-03-12T15:51:00+00:00,311.83000000000004,312.1,311.73,312.01,770
2026-03-12T15:54:00+00:00,312.01,312.12,311.73,312.02000000000004,748
2026-03-12T15:57:00+00:00,312.02000000000004,312.13,311.69,311.96000000000004,692
2026-03-12T16:00:00+00:00,311.96000000000004,312.04,311.56,311.84000000000003,786
2026-03-12T16:03:00+00:00,311.84000000000003,312.63,311.84000000000003,312.57,645
2026-03-12T16:06:00+00:00,312.57,312.57,311.46000000000004,311.46000000000004,833
2026-03-12T16:09:00+00:00,311.46000000000004,311.90000000000003,311.06,311.73,892
2026-03-12T16:12:00+00:00,311.73,312.23,311.62,312.21000000000004,691
2026-03-12T16:15:00+00:00,312.21000000000004,312.61,312.09000000000003,312.43,768
2026-03-12T16:18:00+00:00,312.43,312.46000000000004,312.06,312.34000000000003,716
2026-03-12T16:21:00+00:00,312.34000000000003,312.76,312.19,312.37,816
2026-03-12T16:24:00+00:00,312.37,312.51,311.46000000000004,311.6,761
2026-03-12T16:27:00+00:00,311.6,311.87,311.55,311.83000000000004,691
2026-03-12T16:30:00+00:00,311.83000000000004,312,311.61,311.86,676
2026-03-12T16:33:00+00:00,311.86,312.32,311.84000000000003,312.16,677
2026-03-12T16:36:00+00:00,312.16,312.49,311.94,312.41,770
2026-03-12T16:39:00+00:00,312.41,312.57,312.28000000000003,312.5,669
2026-03-12T16:42:00+00:00,312.5,312.58000000000004,312.27000000000004,312.48,545
2026-03-12T16:45:00+00:00,312.48,312.53000000000003,311.72,311.87,662
2026-03-12T16:48:00+00:00,311.87,312.19,311.71000000000004,312.11,790
2026-03-12T16:51:00+00:00,312.11,312.22,311.79,311.83000000000004,613
2026-03-12T16:54:00+00:00,311.83000000000004,312.16,311.73,311.99,635
2026-03-12T16:57:00+00:00,311.99,312.24,311.91,312.23,595
2026-03-12T17:00:00+00:00,312.23,312.47,312.13,312.38,643
2026-03-12T17:03:00+00:00,312.38,312.92,312.3,312.88,610
2026-03-12T17:06:00+00:00,312.88,313.04,312.56,312.6,605
2026-03-12T17:09:00+00:00,312.6,312.79,312.45,312.65000000000003,587
2026-03-12T17:12:00+00:00,312.65000000000003,312.81,312.44,312.49,489
2026-03-12T17:15:00+00:00,312.49,312.65000000000003,312.3,312.59000000000003,536
2026-03-12T17:18:00+00:00,312.59000000000003,312.65000000000003,312.38,312.47,493
2026-03-12T17:21:00+00:00,312.47,313.02000000000004,312.45,312.84000000000003,652
2026-03-12T17:24:00+00:00,312.84000000000003,313.01,312.72,312.83000000000004,576
2026-03-12T17:27:00+00:00,312.83000000000004,312.97,312.53000000000003,312.62,494
2026-03-12T17:30:00+00:00,312.62,312.88,312.54,312.85,619
2026-03-12T17:33:00+00:00,312.85,312.95,312.51,312.89000000000004,583
2026-03-12T17:36:00+00:00,312.89000000000004,313.04,312.45,312.64000000000004,688
2026-03-12T17:39:00+00:00,312.64000000000004,312.91,312.46000000000004,312.48,525
2026-03-12T17:42:00+00:00,312.48,312.65000000000003,312.41,312.53000000000003,447
2026-03-12T17:45:00+00:00,312.53000000000003,312.64000000000004,312.33000000000004,312.58000000000004,612
2026-03-12T17:48:00+00:00,312.58000000000004,312.67,312.29,312.58000000000004,685
2026-03-12T17:51:00+00:00,312.58000000000004,312.66,312.33000000000004,312.33000000000004,598
2026-03-12T17:54:00+00:00,312.33000000000004,312.47,311.83000000000004,312.07,659
2026-03-12T17:57:00+00:00,312.07,312.5,312.07,312.46000000000004,697
2026-03-12T18:00:00+00:00,312.46000000000004,313.13,312.44,313.08000000000004,671
2026-03-12T18:03:00+00:00,313.08000000000004,313.31,312.96000000000004,313.07,580
2026-03-12T18:06:00+00:00,313.07,313.52000000000004,312.91,313.39000000000004,564
2026-03-12T18:09:00+00:00,313.39000000000004,313.49,313.27000000000004,313.44,539
2026-03-12T18:12:00+00:00,313.44,313.46000000000004,312.91,313.14000000000004,544
2026-03-12T18:15:00+00:00,313.14000000000004,313.28000000000003,313.04,313.13,573
2026-03-12T18:18:00+00:00,313.13,313.14000000000004,312.77000000000004,312.77000000000004,609
2026-03-12T18:21:00+00:00,312.77000000000004,313.13,312.72,313.03000000000003,616
2026-03-12T18:24:00+00:00,313.03000000000003,313.34000000000003,313.02000000000004,313.26,678
2026-03-12T18:27:00+00:00,313.26,313.43,313.17,313.37,597
2026-03-12T18:30:00+00:00,313.37,313.37,313.08000000000004,313.3,525
2026-03-12T18:33:00+00:00,313.3,313.32,312.97,313.05,573
2026-03-12T18:36:00+00:00,313.05,313.21000000000004,312.94,312.99,498
2026-03-12T18:39:00+00:00,312.99,313.21000000000004,312.97,313.04,490
2026-03-12T18:42:00+00:00,313.04,313.14000000000004,312.89000000000004,312.92,505
2026-03-12T18:45:00+00:00,312.92,313.02000000000004,312.81,312.90000000000003,519
2026-03-12T18:48:00+00:00,312.90000000000003,313.08000000000004,312.86,312.97,518
2026-03-12T18:51:00+00:00,312.97,313.14000000000004,312.78000000000003,313.02000000000004,551
2026-03-12T18:54:00+00:00,313.02000000000004,313.21000000000004,312.96000000000004,313.02000000000004,470
2026-03-12T18:57:00+00:00,313.02000000000004,313.21000000000004,313.02000000000004,313.13,506
2026-03-12T19:00:00+00:00,313.13,313.32,312.85,312.85,751
2026-03-12T19:03:00+00:00,312.85,313.08000000000004,312.7,313.01,668
2026-03-12T19:06:00+00:00,313.01,313.22,312.87,313.22,538
2026-03-12T19:09:00+00:00,313.22,313.55,312.97,312.97,520
2026-03-12T19:12:00+00:00,312.97,313.38,312.86,313.33000000000004,400
2026-03-12T19:15:00+00:00,313.33000000000004,313.43,313.24,313.43,454
2026-03-12T19:18:00+00:00,313.43,313.67,313.37,313.64000000000004,499
2026-03-12T19:21:00+00:00,313.64000000000004,313.82,313.5,313.69,524
2026-03-12T19:24:00+00:00,313.69,313.76,313.53000000000003,313.69,553
2026-03-12T19:27:00+00:00,313.69,313.83000000000004,313.41,313.56,483
2026-03-12T19:30:00+00:00,313.56,313.76,313.49,313.7,500
2026-03-12T19:33:00+00:00,313.7,313.79,313.37,313.38,511
2026-03-12T19:36:00+00:00,313.38,313.75,313.26,313.5,610
2026-03-12T19:39:00+00:00,313.5,313.59000000000003,313.16,313.23,653
2026-03-12T19:42:00+00:00,313.23,313.27000000000004,312.98,313.2,587
2026-03-12T19:45:00+00:00,313.2,313.23,312.86,313.11,756
2026-03-12T19:48:00+00:00,313.11,313.31,312.87,313.1,685
2026-03-12T19:51:00+00:00,313.1,313.19,312.56,312.76,666
2026-03-12T19:54:00+00:00,312.76,312.85,312.1,312.36,809
2026-03-12T19:57:00+00:00,312.36,312.41,311.95,312.24,1053
2026-03-13T13:30:00+00:00,312.24,316.22,312.24,315.2,1001
2026-03-13T13:33:00+00:00,315.2,315.74,313.07,313.44,867
2026-03-13T13:36:00+00:00,313.44,313.87,313.04,313.36,1157
2026-03-13T13:39:00+00:00,313.36,313.98,313.05,313.28000000000003,1140
2026-03-13T13:42:00+00:00,313.28000000000003,314.82,313.07,314.53000000000003,899
2026-03-13T13:45:00+00:00,314.53000000000003,315.63,314.51,315.35,1096
2026-03-13T13:48:00+00:00,315.35,315.35,314.66,314.79,1152
2026-03-13T13:51:00+00:00,314.79,315.40000000000003,314.69,315.38,1214
2026-03-13T13:54:00+00:00,315.38,315.52000000000004,314.59000000000003,314.75,1266
2026-03-13T13:57:00+00:00,314.75,315.1,314.45,314.5,1137
2026-03-13T14:00:00+00:00,314.5,314.97,313.98,314,1277
2026-03-13T14:03:00+00:00,314,314.8,313.96000000000004,314.44,1253
2026-03-13T14:06:00+00:00,314.44,314.71000000000004,314.05,314.29,1231
2026-03-13T14:09:00+00:00,314.29,314.69,313.89000000000004,314.55,1255
2026-03-13T14:12:00+00:00,314.55,314.94,314.43,314.71000000000004,1229
2026-03-13T14:15:00+00:00,314.71000000000004,315.04,314.43,314.61,1215
2026-03-13T14:18:00+00:00,314.61,315.2,314.34000000000003,315.01,1222
2026-03-13T14:21:00+00:00,315.01,315.35,314.83000000000004,315.14000000000004,1159
2026-03-13T14:24:00+00:00,315.14000000000004,315.35,315.01,315.14000000000004,1279
2026-03-13T14:27:00+00:00,315.14000000000004,315.49,314.90000000000003,315.28000000000003,1102
2026-03-13T14:30:00+00:00,315.28000000000003,316.18,315.24,316.02000000000004,921
2026-03-13T14:33:00+00:00,316.02000000000004,316.07,315.08000000000004,315.1,982
2026-03-13T14:36:00+00:00,315.1,315.5,314.76,315.34000000000003,1049
2026-03-13T14:39:00+00:00,315.34000000000003,315.52000000000004,314.55,314.58000000000004,996
2026-03-13T14:42:00+00:00,314.58000000000004,314.72,314.26,314.32,945
2026-03-13T14:45:00+00:00,314.32,314.39000000000004,313.91,314,1284
2026-03-13T14:48:00+00:00,314,314.57,314,314.34000000000003,1279
2026-03-13T14:51:00+00:00,314.34000000000003,314.44,313.92,314.16,1302
2026-03-13T14:54:00+00:00,314.16,314.24,313.14000000000004,313.2,1176
2026-03-13T14:57:00+00:00,313.2,313.61,313.06,313.45,1074
2026-03-13T15:00:00+00:00,313.45,313.72,313.06,313.15000000000003,1207
2026-03-13T15:03:00+00:00,313.15000000000003,313.7,313.06,313.45,1320
2026-03-13T15:06:00+00:00,313.45,313.88,313.3,313.78000000000003,1071
2026-03-13T15:09:00+00:00,313.78000000000003,314.25,313.77000000000004,314.24,808
2026-03-13T15:12:00+00:00,314.24,314.73,314.2,314.55,766
2026-03-13T15:15:00+00:00,314.55,314.63,313.98,314.05,884
2026-03-13T15:18:00+00:00,314.05,314.15000000000003,313.38,313.44,1046
2026-03-13T15:21:00+00:00,313.44,313.79,313.16,313.40000000000003,1041
2026-03-13T15:24:00+00:00,313.40000000000003,313.47,312.79,313.03000000000003,1000
2026-03-13T15:27:00+00:00,313.03000000000003,313.09000000000003,312.57,312.69,883
2026-03-13T15:30:00+00:00,312.69,312.85,312.47,312.57,1006
2026-03-13T15:33:00+00:00,312.57,312.91,312.34000000000003,312.40000000000003,1194
2026-03-13T15:36:00+00:00,312.40000000000003,312.46000000000004,311.77000000000004,312.46000000000004,1012
2026-03-13T15:39:00+00:00,312.46000000000004,312.51,311.84000000000003,311.90000000000003,988
2026-03-13T15:42:00+00:00,311.90000000000003,312.04,311.69,311.8,774
2026-03-13T15:45:00+00:00,311.8,312.40000000000003,311.66,312.17,1249
2026-03-13T15:48:00+00:00,312.17,312.21000000000004,311.44,311.7,1188
2026-03-13T15:51:00+00:00,311.7,311.76,311.07,311.17,911
2026-03-13T15:54:00+00:00,311.17,311.57,311.09000000000003,311.35,899
2026-03-13T15:57:00+00:00,311.35,311.58000000000004,310.99,311.37,856
2026-03-13T16:00:00+00:00,311.37,311.79,311.26,311.5,886
2026-03-13T16:03:00+00:00,311.5,311.93,311.49,311.62,810
2026-03-13T16:06:00+00:00,311.62,311.83000000000004,311.46000000000004,311.66,813
2026-03-13T16:09:00+00:00,311.66,311.75,311.13,311.54,772
2026-03-13T16:12:00+00:00,311.54,311.68,310.76,311.13,977
2026-03-13T16:15:00+00:00,311.13,311.36,310.88,311.08000000000004,1033
2026-03-13T16:18:00+00:00,311.08000000000004,311.18,310.90000000000003,311.05,846
2026-03-13T16:21:00+00:00,311.05,311.28000000000003,310.98,311.15000000000003,765
2026-03-13T16:24:00+00:00,311.15000000000003,311.31,310.79,310.90000000000003,734
2026-03-13T16:27:00+00:00,310.90000000000003,311.26,310.88,311.11,797
2026-03-13T16:30:00+00:00,311.11,311.36,310.98,311.13,639
2026-03-13T16:33:00+00:00,311.13,311.23,310.89000000000004,311.12,782
2026-03-13T16:36:00+00:00,311.12,311.58000000000004,310.88,311,776
2026-03-13T16:39:00+00:00,311,311,310.5,310.51,826
2026-03-13T16:42:00+00:00,310.51,310.69,309.96000000000004,309.98,755
2026-03-13T16:45:00+00:00,309.98,310.13,309.72,309.81,780
2026-03-13T16:48:00+00:00,309.81,310.13,309.74,310.05,709
2026-03-13T16:51:00+00:00,310.05,310.11,309.74,309.88,737
2026-03-13T16:54:00+00:00,309.88,310.09000000000003,309.08000000000004,309.21000000000004,722
2026-03-13T16:57:00+00:00,309.21000000000004,309.72,309.05,309.17,898
2026-03-13T17:00:00+00:00,309.17,309.77000000000004,309.17,309.68,856
2026-03-13T17:03:00+00:00,309.68,309.91,309.49,309.82,751
2026-03-13T17:06:00+00:00,309.82,310.42,309.8,310.35,676
2026-03-13T17:09:00+00:00,310.35,310.53000000000003,310.18,310.3,607
2026-03-13T17:12:00+00:00,310.3,310.98,310.22,310.98,595
2026-03-13T17:15:00+00:00,310.98,311.06,310.44,310.51,575
2026-03-13T17:18:00+00:00,310.51,310.59000000000003,310.23,310.33000000000004,667
2026-03-13T17:21:00+00:00,310.33000000000004,310.47,310.17,310.43,633
2026-03-13T17:24:00+00:00,310.43,310.6,310.07,310.28000000000003,780
2026-03-13T17:27:00+00:00,310.28000000000003,310.40000000000003,310.06,310.3,633
2026-03-13T17:30:00+00:00,310.3,310.44,309.96000000000004,309.96000000000004,703
2026-03-13T17:33:00+00:00,309.96000000000004,309.99,309.55,309.56,597
2026-03-13T17:36:00+00:00,309.56,309.75,309.42,309.48,615
2026-03-13T17:39:00+00:00,309.48,309.74,309.16,309.16,668
2026-03-13T17:42:00+00:00,309.16,309.31,308.82,309.17,743
2026-03-13T17:45:00+00:00,309.17,309.25,308.82,309.05,748
2026-03-13T17:48:00+00:00,309.05,309.24,308.82,308.98,621
2026-03-13T17:51:00+00:00,308.98,309.31,308.98,309.15000000000003,737
2026-03-13T17:54:00+00:00,309.15000000000003,309.32,308.95,309.21000000000004,725
2026-03-13T17:57:00+00:00,309.21000000000004,309.29,308.83000000000004,308.97,656
2026-03-13T18:00:00+00:00,308.97,309.25,308.85,309.18,691
2026-03-13T18:03:00+00:00,309.18,309.40000000000003,309.14000000000004,309.32,645
2026-03-13T18:06:00+00:00,309.32,309.56,309.13,309.53000000000003,688
2026-03-13T18:09:00+00:00,309.53000000000003,310.02000000000004,309.48,310,722
2026-03-13T18:12:00+00:00,310,310.07,309.65000000000003,309.87,660
2026-03-13T18:15:00+00:00,309.87,310,309.58000000000004,309.72,619
2026-03-13T18:18:00+00:00,309.72,310.24,309.6,310.14000000000004,647
2026-03-13T18:21:00+00:00,310.14000000000004,310.36,309.56,309.77000000000004,570
2026-03-13T18:24:00+00:00,309.77000000000004,310.22,309.77000000000004,310.21000000000004,629
2026-03-13T18:27:00+00:00,310.21000000000004,310.43,310.08000000000004,310.36,545
2026-03-13T18:30:00+00:00,310.36,310.71000000000004,310.21000000000004,310.6,593
2026-03-13T18:33:00+00:00,310.6,310.62,310.06,310.44,740
2026-03-13T18:36:00+00:00,310.44,310.72,310.35,310.71000000000004,556
2026-03-13T18:39:00+00:00,310.71000000000004,310.84000000000003,310.54,310.68,504
2026-03-13T18:42:00+00:00,310.68,310.82,310.62,310.69,498
2026-03-13T18:45:00+00:00,310.69,310.97,310.62,310.78000000000003,613
2026-03-13T18:48:00+00:00,310.78000000000003,310.95,310.55,310.87,468
2026-03-13T18:51:00+00:00,310.87,310.96000000000004,310.82,310.84000000000003,401
2026-03-13T18:54:00+00:00,310.84000000000003,311.04,310.71000000000004,310.87,540
2026-03-13T18:57:00+00:00,310.87,310.95,310.47,310.61,451
2026-03-13T19:00:00+00:00,310.61,310.76,310.47,310.47,573
2026-03-13T19:03:00+00:00,310.47,310.69,310.27000000000004,310.36,511
2026-03-13T19:06:00+00:00,310.36,310.53000000000003,310.18,310.43,520
2026-03-13T19:09:00+00:00,310.43,310.56,310.33000000000004,310.44,434
2026-03-13T19:12:00+00:00,310.44,310.58000000000004,310.28000000000003,310.37,437
2026-03-13T19:15:00+00:00,310.37,310.54,310.19,310.44,531
2026-03-13T19:18:00+00:00,310.44,310.48,310.07,310.07,428
2026-03-13T19:21:00+00:00,310.07,310.09000000000003,309.74,309.85,693
2026-03-13T19:24:00+00:00,309.85,309.98,309.48,309.62,630
2026-03-13T19:27:00+00:00,309.62,309.90000000000003,309.52000000000004,309.85,590
2026-03-13T19:30:00+00:00,309.85,310.07,309.78000000000003,309.87,622
2026-03-13T19:33:00+00:00,309.87,310.01,309.68,309.97,495
2026-03-13T19:36:00+00:00,309.97,310.07,309.72,309.73,553
2026-03-13T19:39:00+00:00,309.73,309.8,309.35,309.49,628
2026-03-13T19:42:00+00:00,309.49,309.74,309.35,309.7,582
2026-03-13T19:45:00+00:00,309.7,309.96000000000004,309.61,309.92,527
2026-03-13T19:48:00+00:00,309.92,310.21000000000004,309.78000000000003,309.96000000000004,746
2026-03-13T19:51:00+00:00,309.96000000000004,310.29,309.86,310.07,590
2026-03-13T19:54:00+00:00,310.07,310.62,310.07,310.53000000000003,752
2026-03-13T19:57:00+00:00,310.53000000000003,310.8,310.3,310.64000000000004,1143
2026-03-16T13:30:00+00:00,310.64000000000004,313.6,310.64000000000004,311.6,1197
2026-03-16T13:33:00+00:00,311.6,312.93,311.53000000000003,312.48,980
2026-03-16T13:36:00+00:00,312.48,312.75,311.78000000000003,312.18,1123
2026-03-16T13:39:00+00:00,312.18,312.75,311.97,312.55,1114
2026-03-16T13:42:00+00:00,312.55,312.74,312.22,312.56,963
2026-03-16T13:45:00+00:00,312.56,313.55,312.49,313.2,1104
2026-03-16T13:48:00+00:00,313.2,313.39000000000004,312.81,313.23,1297
2026-03-16T13:51:00+00:00,313.23,313.47,313.09000000000003,313.33000000000004,1161
2026-03-16T13:54:00+00:00,313.33000000000004,313.54,312.55,313.05,1357
2026-03-16T13:57:00+00:00,313.05,313.71000000000004,312.89000000000004,313.54,1230
2026-03-16T14:00:00+00:00,313.54,313.62,312.89000000000004,313.19,1306
2026-03-16T14:03:00+00:00,313.19,313.85,313.06,313.75,1198
2026-03-16T14:06:00+00:00,313.75,314.41,313.56,314.40000000000003,1144
2026-03-16T14:09:00+00:00,314.40000000000003,314.63,314.06,314.22,1321
2026-03-16T14:12:00+00:00,314.22,314.5,313.82,314.13,1191
2026-03-16T14:15:00+00:00,314.13,314.40000000000003,313.90000000000003,314.09000000000003,1148
2026-03-16T14:18:00+00:00,314.09000000000003,314.5,314.05,314.21000000000004,1141
2026-03-16T14:21:00+00:00,314.21000000000004,314.3,313.68,313.79,1071
2026-03-16T14:24:00+00:00,313.79,314.21000000000004,313.68,314,962
2026-03-16T14:27:00+00:00,314,314,313.32,313.37,1032
2026-03-16T14:30:00+00:00,313.37,313.37,312.66,312.67,1057
2026-03-16T14:33:00+00:00,312.67,312.73,312.26,312.69,1020
2026-03-16T14:36:00+00:00,312.69,312.73,312.08000000000004,312.08000000000004,999
2026-03-16T14:39:00+00:00,312.08000000000004,312.39000000000004,312.08000000000004,312.25,1064
2026-03-16T14:42:00+00:00,312.25,312.39000000000004,311.88,311.99,975
2026-03-16T14:45:00+00:00,311.99,312.54,311.92,311.95,1070
2026-03-16T14:48:00+00:00,311.95,312.28000000000003,311.68,311.73,965
2026-03-16T14:51:00+00:00,311.73,312.29,311.61,312.2,1027
2026-03-16T14:54:00+00:00,312.2,312.28000000000003,311.90000000000003,312.08000000000004,812
2026-03-16T14:57:00+00:00,312.08000000000004,312.15000000000003,311.75,312.08000000000004,701
2026-03-16T15:00:00+00:00,312.08000000000004,312.1,311.51,311.64000000000004,776
2026-03-16T15:03:00+00:00,311.64000000000004,311.64000000000004,311.25,311.37,803
2026-03-16T15:06:00+00:00,311.37,311.79,311.27000000000004,311.77000000000004,910
2026-03-16T15:09:00+00:00,311.77000000000004,311.8,311.42,311.62,823
2026-03-16T15:12:00+00:00,311.62,312.1,311.58000000000004,312.02000000000004,869
2026-03-16T15:15:00+00:00,312.02000000000004,312.05,311.66,311.90000000000003,918
2026-03-16T15:18:00+00:00,311.90000000000003,312.04,311.81,311.93,630
2026-03-16T15:21:00+00:00,311.93,312.05,311.8,312.03000000000003,485
2026-03-16T15:24:00+00:00,312.03000000000003,312.23,311.93,312.02000000000004,533
2026-03-16T15:27:00+00:00,312.02000000000004,312.16,311.90000000000003,312,597
2026-03-16T15:30:00+00:00,312,312.39000000000004,311.98,312.23,531
2026-03-16T15:33:00+00:00,312.23,312.31,312.07,312.17,436
2026-03-16T15:36:00+00:00,312.17,312.29,312,312.01,440
2026-03-16T15:39:00+00:00,312.01,312.12,311.90000000000003,312.04,569
2026-03-16T15:42:00+00:00,312.04,312.23,311.99,312.06,492
2026-03-16T15:45:00+00:00,312.06,312.13,311.97,312.09000000000003,501
2026-03-16T15:48:00+00:00,312.09000000000003,312.13,311.71000000000004,311.82,757
2026-03-16T15:51:00+00:00,311.82,311.93,311.49,311.63,835
2026-03-16T15:54:00+00:00,311.63,311.83000000000004,311.48,311.75,707
2026-03-16T15:57:00+00:00,311.75,311.8,311.3,311.52000000000004,785
2026-03-16T16:00:00+00:00,311.52000000000004,311.82,311.45,311.73,712
2026-03-16T16:03:00+00:00,311.73,311.98,311.65000000000003,311.89000000000004,789
2026-03-16T16:06:00+00:00,311.89000000000004,312.1,311.8,311.85,646
2026-03-16T16:09:00+00:00,311.85,312.17,311.63,311.95,674
2026-03-16T16:12:00+00:00,311.95,311.95,311.58000000000004,311.71000000000004,668
2026-03-16T16:15:00+00:00,311.71000000000004,311.91,311.49,311.81,784
2026-03-16T16:18:00+00:00,311.81,311.81,311.48,311.56,729
2026-03-16T16:21:00+00:00,311.56,311.59000000000003,311.07,311.23,793
2026-03-16T16:24:00+00:00,311.23,311.31,310.85,310.95,723
2026-03-16T16:27:00+00:00,310.95,311.22,310.93,311,745
2026-03-16T16:30:00+00:00,311,311.25,310.89000000000004,311.05,814
2026-03-16T16:33:00+00:00,311.05,311.54,311,311.46000000000004,774
2026-03-16T16:36:00+00:00,311.46000000000004,311.65000000000003,311.35,311.6,846
2026-03-16T16:39:00+00:00,311.6,311.79,311.49,311.65000000000003,708
2026-03-16T16:42:00+00:00,311.65000000000003,311.94,311.52000000000004,311.93,646
2026-03-16T16:45:00+00:00,311.93,312.19,311.79,311.81,702
2026-03-16T16:48:00+00:00,311.81,311.96000000000004,311.68,311.91,607
2026-03-16T16:51:00+00:00,311.91,312.15000000000003,311.83000000000004,312.08000000000004,586
2026-03-16T16:54:00+00:00,312.08000000000004,312.17,311.93,311.97,572
2026-03-16T16:57:00+00:00,311.97,312.32,311.93,312.17,646
2026-03-16T17:00:00+00:00,312.17,312.73,312.11,312.55,1223
2026-03-16T17:03:00+00:00,312.55,312.55,312.17,312.43,728
2026-03-16T17:06:00+00:00,312.43,312.6,312.23,312.49,557
2026-03-16T17:09:00+00:00,312.49,312.58000000000004,312.33000000000004,312.54,483
2026-03-16T17:12:00+00:00,312.54,312.55,312.31,312.38,463
2026-03-16T17:15:00+00:00,312.38,312.51,312.31,312.39000000000004,524
2026-03-16T17:18:00+00:00,312.39000000000004,312.62,312.32,312.6,461
2026-03-16T17:21:00+00:00,312.6,312.68,312.35,312.36,405
2026-03-16T17:24:00+00:00,312.36,312.61,312.3,312.47,482
2026-03-16T17:27:00+00:00,312.47,312.66,312.31,312.34000000000003,512
2026-03-16T17:30:00+00:00,312.34000000000003,312.52000000000004,312.3,312.36,470
2026-03-16T17:33:00+00:00,312.36,312.40000000000003,312.22,312.28000000000003,443
2026-03-16T17:36:00+00:00,312.28000000000003,312.51,312.25,312.38,542
2026-03-16T17:39:00+00:00,312.38,312.54,312.26,312.37,456
2026-03-16T17:42:00+00:00,312.37,312.44,312.22,312.27000000000004,416
2026-03-16T17:45:00+00:00,312.27000000000004,312.48,312.27000000000004,312.42,438
2026-03-16T17:48:00+00:00,312.42,312.45,312.14000000000004,312.29,539
2026-03-16T17:51:00+00:00,312.29,312.47,312.25,312.41,637
2026-03-16T17:54:00+00:00,312.41,312.53000000000003,312.29,312.49,438
2026-03-16T17:57:00+00:00,312.49,312.61,312.36,312.37,494
2026-03-16T18:00:00+00:00,312.37,312.44,312.07,312.36,471
2026-03-16T18:03:00+00:00,312.36,312.71000000000004,312.35,312.66,488
2026-03-16T18:06:00+00:00,312.66,312.89000000000004,312.51,312.8,661
2026-03-16T18:09:00+00:00,312.8,312.90000000000003,312.57,312.67,577
2026-03-16T18:12:00+00:00,312.67,312.76,312.58000000000004,312.72,446
2026-03-16T18:15:00+00:00,312.72,313,312.62,312.99,579
2026-03-16T18:18:00+00:00,312.99,312.99,312.59000000000003,312.65000000000003,557
2026-03-16T18:21:00+00:00,312.65000000000003,312.76,312.27000000000004,312.69,514
2026-03-16T18:24:00+00:00,312.69,312.84000000000003,312.63,312.76,429
2026-03-16T18:27:00+00:00,312.76,312.82,312.47,312.71000000000004,490
2026-03-16T18:30:00+00:00,312.71000000000004,312.83000000000004,312.61,312.68,432
2026-03-16T18:33:00+00:00,312.68,313.12,312.68,312.92,391
2026-03-16T18:36:00+00:00,312.92,313.35,312.91,313.12,452
2026-03-16T18:39:00+00:00,313.12,313.29,312.93,313.27000000000004,455
2026-03-16T18:42:00+00:00,313.27000000000004,313.37,313.07,313.33000000000004,403
2026-03-16T18:45:00+00:00,313.33000000000004,313.45,313.3,313.36,387
2026-03-16T18:48:00+00:00,313.36,313.51,313.29,313.33000000000004,323
2026-03-16T18:51:00+00:00,313.33000000000004,313.39000000000004,313.24,313.33000000000004,401
2026-03-16T18:54:00+00:00,313.33000000000004,313.45,313.27000000000004,313.37,418
2026-03-16T18:57:00+00:00,313.37,313.63,313.35,313.42,445
2026-03-16T19:00:00+00:00,313.42,313.59000000000003,313.38,313.46000000000004,435
2026-03-16T19:03:00+00:00,313.46000000000004,313.49,313.14000000000004,313.26,448
2026-03-16T19:06:00+00:00,313.26,313.45,312.98,312.98,515
2026-03-16T19:09:00+00:00,312.98,313.90000000000003,312.86,312.96000000000004,1037
2026-03-16T19:12:00+00:00,312.96000000000004,313.24,312.33000000000004,312.97,693
2026-03-16T19:15:00+00:00,312.97,313.64000000000004,312.97,313.63,926
2026-03-16T19:18:00+00:00,313.63,313.69,313.25,313.44,900
2026-03-16T19:21:00+00:00,313.44,313.49,313.22,313.46000000000004,707
2026-03-16T19:24:00+00:00,313.46000000000004,313.56,313.34000000000003,313.53000000000003,604
2026-03-16T19:27:00+00:00,313.53000000000003,314.08000000000004,313.49,313.95,929
2026-03-16T19:30:00+00:00,313.95,314.1,313.46000000000004,313.55,782
2026-03-16T19:33:00+00:00,313.55,313.58000000000004,312.97,313.09000000000003,423
2026-03-16T19:36:00+00:00,313.09000000000003,313.61,313.07,313.5,471
2026-03-16T19:39:00+00:00,313.5,313.51,313.13,313.18,541
2026-03-16T19:42:00+00:00,313.18,313.22,313,313.12,596
2026-03-16T19:45:00+00:00,313.12,313.45,313.12,313.24,714
2026-03-16T19:48:00+00:00,313.24,313.53000000000003,312.87,313.21000000000004,942
2026-03-16T19:51:00+00:00,313.21000000000004,313.58000000000004,312.69,313.36,727
2026-03-16T19:54:00+00:00,313.36,313.47,312.88,313.32,848
2026-03-16T19:57:00+00:00,313.32,313.65000000000003,313.28000000000003,313.64000000000004,965
2026-03-17T13:30:00+00:00,313.64000000000004,315.34000000000003,313.17,315.22,738
2026-03-17T13:33:00+00:00,315.22,315.27000000000004,314.2,314.88,570
2026-03-17T13:36:00+00:00,314.88,314.93,314.23,314.64000000000004,746
2026-03-17T13:39:00+00:00,314.64000000000004,314.64000000000004,313.93,314.33000000000004,790
2026-03-17T13:42:00+00:00,314.33000000000004,314.37,313.6,313.91,803
2026-03-17T13:45:00+00:00,313.91,314.99,313.89000000000004,314.23,1176
2026-03-17T13:48:00+00:00,314.23,315.27000000000004,314.17,314.84000000000003,1080
2026-03-17T13:51:00+00:00,314.84000000000003,315.1,314.66,314.93,1112
2026-03-17T13:54:00+00:00,314.93,314.96000000000004,314.18,314.35,903
2026-03-17T13:57:00+00:00,314.35,314.49,314.17,314.26,921
2026-03-17T14:00:00+00:00,314.26,314.96000000000004,314.24,314.42,1126
2026-03-17T14:03:00+00:00,314.42,314.81,314.40000000000003,314.69,865
2026-03-17T14:06:00+00:00,314.69,315.01,314.35,314.86,842
2026-03-17T14:09:00+00:00,314.86,314.90000000000003,314.24,314.27000000000004,849
2026-03-17T14:12:00+00:00,314.27000000000004,314.58000000000004,314.21000000000004,314.33000000000004,905
2026-03-17T14:15:00+00:00,314.33000000000004,314.56,313.87,313.88,1178
2026-03-17T14:18:00+00:00,313.88,314.81,313.87,314.72,962
2026-03-17T14:21:00+00:00,314.72,314.91,314.56,314.81,885
2026-03-17T14:24:00+00:00,314.81,315.29,314.71000000000004,315.21000000000004,1061
2026-03-17T14:27:00+00:00,315.21000000000004,315.26,314.91,314.97,917
2026-03-17T14:30:00+00:00,314.97,315.41,314.90000000000003,315.34000000000003,769
2026-03-17T14:33:00+00:00,315.34000000000003,315.71000000000004,315.22,315.69,635
2026-03-17T14:36:00+00:00,315.69,315.73,314.89000000000004,315.06,838
2026-03-17T14:39:00+00:00,315.06,315.24,314.68,314.82,817
2026-03-17T14:42:00+00:00,314.82,315.38,314.72,315.24,690
2026-03-17T14:45:00+00:00,315.24,315.39000000000004,314.98,315.09000000000003,601
2026-03-17T14:48:00+00:00,315.09000000000003,315.23,314.85,314.88,749
2026-03-17T14:51:00+00:00,314.88,315.05,314.63,314.86,641
2026-03-17T14:54:00+00:00,314.86,315.03000000000003,314.8,314.88,577
2026-03-17T14:57:00+00:00,314.88,314.92,314.62,314.69,558
2026-03-17T15:00:00+00:00,314.69,314.96000000000004,314.61,314.78000000000003,530
2026-03-17T15:03:00+00:00,314.78000000000003,314.88,314.57,314.68,611
2026-03-17T15:06:00+00:00,314.68,314.8,314.36,314.47,662
2026-03-17T15:09:00+00:00,314.47,314.77000000000004,314.36,314.51,860
2026-03-17T15:12:00+00:00,314.51,314.63,314.3,314.53000000000003,661
2026-03-17T15:15:00+00:00,314.53000000000003,315.09000000000003,314.51,315.07,602
2026-03-17T15:18:00+00:00,315.07,315.08000000000004,314.66,314.78000000000003,840
2026-03-17T15:21:00+00:00,314.78000000000003,314.85,314.61,314.79,724
2026-03-17T15:24:00+00:00,314.79,314.95,314.65000000000003,314.91,648
2026-03-17T15:27:00+00:00,314.91,314.92,314.32,314.34000000000003,634
2026-03-17T15:30:00+00:00,314.34000000000003,314.68,314.34000000000003,314.5,638
2026-03-17T15:33:00+00:00,314.5,314.7,314.35,314.37,749
2026-03-17T15:36:00+00:00,314.37,314.52000000000004,314.09000000000003,314.2,827
2026-03-17T15:39:00+00:00,314.2,314.69,314.18,314.44,791
2026-03-17T15:42:00+00:00,314.44,314.91,314.3,314.8,661
2026-03-17T15:45:00+00:00,314.8,315.29,314.79,315.14000000000004,646
2026-03-17T15:48:00+00:00,315.14000000000004,315.37,315.04,315.3,627
2026-03-17T15:51:00+00:00,315.3,315.65000000000003,315.22,315.64000000000004,596
2026-03-17T15:54:00+00:00,315.64000000000004,315.82,315.47,315.63,716
2026-03-17T15:57:00+00:00,315.63,315.86,315.43,315.71000000000004,663
2026-03-17T16:00:00+00:00,315.71000000000004,316.19,315.67,316.01,721
2026-03-17T16:03:00+00:00,316.01,316.07,315.75,315.91,701
2026-03-17T16:06:00+00:00,315.91,316.06,315.54,315.95,752
2026-03-17T16:09:00+00:00,315.95,316.53000000000003,315.87,316.35,780
2026-03-17T16:12:00+00:00,316.35,316.42,316.06,316.2,731
2026-03-17T16:15:00+00:00,316.2,316.27000000000004,315.83000000000004,316,681
2026-03-17T16:18:00+00:00,316,316.15000000000003,315.85,316.06,652
2026-03-17T16:21:00+00:00,316.06,316.24,315.73,316.11,547
2026-03-17T16:24:00+00:00,316.11,316.36,315.98,316.07,564
2026-03-17T16:27:00+00:00,316.07,316.1,315.93,316.09000000000003,585
2026-03-17T16:30:00+00:00,316.09000000000003,316.35,316.05,316.15000000000003,730
2026-03-17T16:33:00+00:00,316.15000000000003,316.31,315.97,316.16,704
2026-03-17T16:36:00+00:00,316.16,316.34000000000003,315.97,316.07,609
2026-03-17T16:39:00+00:00,316.07,316.15000000000003,315.8,316.07,595
2026-03-17T16:42:00+00:00,316.07,316.36,315.98,316.3,605
2026-03-17T16:45:00+00:00,316.3,316.34000000000003,315.98,316,521
2026-03-17T16:48:00+00:00,316,316.2,315.76,315.85,541
2026-03-17T16:51:00+00:00,315.85,316.04,315.73,315.82,420
2026-03-17T16:54:00+00:00,315.82,315.97,315.76,315.88,382
2026-03-17T16:57:00+00:00,315.88,315.92,315.61,315.68,452
2026-03-17T17:00:00+00:00,315.68,316,315.68,315.95,520
2026-03-17T17:03:00+00:00,315.95,316.08000000000004,315.87,315.93,578
2026-03-17T17:06:00+00:00,315.93,316.02000000000004,315.8,315.87,397
2026-03-17T17:09:00+00:00,315.87,315.92,315.53000000000003,315.85,432
2026-03-17T17:12:00+00:00,315.85,315.97,315.7,315.92,372
2026-03-17T17:15:00+00:00,315.92,315.94,315.72,315.74,344
2026-03-17T17:18:00+00:00,315.74,315.95,315.6,315.63,347
2026-03-17T17:21:00+00:00,315.63,316.02000000000004,315.61,315.91,354
2026-03-17T17:24:00+00:00,315.91,315.95,315.67,315.68,344
2026-03-17T17:27:00+00:00,315.68,315.81,315.63,315.77000000000004,315
2026-03-17T17:30:00+00:00,315.77000000000004,315.97,315.64000000000004,315.89000000000004,361
2026-03-17T17:33:00+00:00,315.89000000000004,316.1,315.76,316.04,363
2026-03-17T17:36:00+00:00,316.04,316.25,316.01,316.11,384
2026-03-17T17:39:00+00:00,316.11,316.29,316.1,316.21000000000004,355
2026-03-17T17:42:00+00:00,316.21000000000004,316.53000000000003,315.88,315.92,421
2026-03-17T17:45:00+00:00,315.92,316.15000000000003,315.91,315.97,396
2026-03-17T17:48:00+00:00,315.97,316.12,315.77000000000004,315.82,371
2026-03-17T17:51:00+00:00,315.82,316.45,315.78000000000003,316.33000000000004,438
2026-03-17T17:54:00+00:00,316.33000000000004,316.54,316.26,316.44,359
2026-03-17T17:57:00+00:00,316.44,316.59000000000003,316.44,316.56,269
2026-03-17T18:00:00+00:00,316.56,316.71000000000004,316.34000000000003,316.7,394
2026-03-17T18:03:00+00:00,316.7,316.90000000000003,316.6,316.64000000000004,417
2026-03-17T18:06:00+00:00,316.64000000000004,317.11,316.63,317.06,372
2026-03-17T18:09:00+00:00,317.06,317.16,316.96000000000004,317.06,425
2026-03-17T18:12:00+00:00,317.06,317.18,316.95,316.95,343
2026-03-17T18:15:00+00:00,316.95,317.24,316.85,317.2,350
2026-03-17T18:18:00+00:00,317.2,317.44,317.15000000000003,317.31,417
2026-03-17T18:21:00+00:00,317.31,317.31,317.09000000000003,317.12,411
2026-03-17T18:24:00+00:00,317.12,317.3,316.83000000000004,317.17,554
2026-03-17T18:27:00+00:00,317.17,317.27000000000004,317.04,317.12,419
2026-03-17T18:30:00+00:00,317.12,317.23,316.83000000000004,317.08000000000004,472
2026-03-17T18:33:00+00:00,317.08000000000004,317.31,316.98,317.21000000000004,311
2026-03-17T18:36:00+00:00,317.21000000000004,317.40000000000003,317.14000000000004,317.33000000000004,320
2026-03-17T18:39:00+00:00,317.33000000000004,317.40000000000003,317.04,317.1,436
2026-03-17T18:42:00+00:00,317.1,317.3,317.1,317.17,413
2026-03-17T18:45:00+00:00,317.17,317.37,317.12,317.18,315
2026-03-17T18:48:00+00:00,317.18,317.49,317.17,317.47,372
2026-03-17T18:51:00+00:00,317.47,317.74,317.46000000000004,317.65000000000003,414
2026-03-17T18:54:00+00:00,317.65000000000003,317.78000000000003,317.55,317.67,397
2026-03-17T18:57:00+00:00,317.67,317.7,317.57,317.68,280
2026-03-17T19:00:00+00:00,317.68,317.85,317.54,317.85,526
2026-03-17T19:03:00+00:00,317.85,317.93,317.71000000000004,317.84000000000003,455
2026-03-17T19:06:00+00:00,317.84000000000003,317.98,317.64000000000004,317.94,435
2026-03-17T19:09:00+00:00,317.94,318.11,317.75,318.03000000000003,449
2026-03-17T19:12:00+00:00,318.03000000000003,318.22,317.81,318.17,287
2026-03-17T19:15:00+00:00,318.17,318.35,318.14000000000004,318.26,446
2026-03-17T19:18:00+00:00,318.26,318.3,318.04,318.2,408
2026-03-17T19:21:00+00:00,318.2,318.35,318.13,318.19,311
2026-03-17T19:24:00+00:00,318.19,318.37,318.15000000000003,318.22,306
2026-03-17T19:27:00+00:00,318.22,318.53000000000003,318.15000000000003,318.42,369
2026-03-17T19:30:00+00:00,318.42,318.72,318.36,318.64000000000004,322
2026-03-17T19:33:00+00:00,318.64000000000004,318.67,318.18,318.29,382
2026-03-17T19:36:00+00:00,318.29,318.51,318.29,318.39000000000004,291
2026-03-17T19:39:00+00:00,318.39000000000004,318.6,318.33000000000004,318.48,365
2026-03-17T19:42:00+00:00,318.48,318.51,318.33000000000004,318.36,420
2026-03-17T19:45:00+00:00,318.36,318.75,318.36,318.56,505
2026-03-17T19:48:00+00:00,318.56,318.86,318.38,318.46000000000004,791
2026-03-17T19:51:00+00:00,318.46000000000004,318.66,318.05,318.31,889
2026-03-17T19:54:00+00:00,318.31,319.04,318.13,318.2,1209
2026-03-17T19:57:00+00:00,318.2,318.6,318,318.49,1221
2026-03-18T13:30:00+00:00,318.49,319.49,316.46000000000004,318.78000000000003,1239
2026-03-18T13:33:00+00:00,318.78000000000003,319.57,318.62,318.94,938
2026-03-18T13:36:00+00:00,318.94,319.78000000000003,318.66,319.63,1074
2026-03-18T13:39:00+00:00,319.63,319.71000000000004,318.81,318.89000000000004,1070
2026-03-18T13:42:00+00:00,318.89000000000004,319.17,317.67,318.25,1148
2026-03-18T13:45:00+00:00,318.25,318.37,317.57,318.08000000000004,1476
2026-03-18T13:48:00+00:00,318.08000000000004,318.17,317.57,317.72,1540
2026-03-18T13:51:00+00:00,317.72,318.28000000000003,317.31,317.81,1565
2026-03-18T13:54:00+00:00,317.81,317.94,317.6,317.84000000000003,1483
2026-03-18T13:57:00+00:00,317.84000000000003,318.04,317.47,317.93,1039
2026-03-18T14:00:00+00:00,317.93,318.29,317.75,317.76,1191
2026-03-18T14:03:00+00:00,317.76,318.07,317.45,317.89000000000004,1242
2026-03-18T14:06:00+00:00,317.89000000000004,318.72,317.57,318.36,1253
2026-03-18T14:09:00+00:00,318.36,318.41,317.35,317.5,1219
2026-03-18T14:12:00+00:00,317.5,317.64000000000004,317.2,317.40000000000003,1354
2026-03-18T14:15:00+00:00,317.40000000000003,317.72,317.23,317.62,1292
2026-03-18T14:18:00+00:00,317.62,317.64000000000004,317.27000000000004,317.28000000000003,1116
2026-03-18T14:21:00+00:00,317.28000000000003,317.58000000000004,317.16,317.38,1221
2026-03-18T14:24:00+00:00,317.38,317.59000000000003,316.46000000000004,316.52000000000004,1345
2026-03-18T14:27:00+00:00,316.52000000000004,316.85,316.3,316.69,1175
2026-03-18T14:30:00+00:00,316.69,317.56,316.58000000000004,317.47,947
2026-03-18T14:33:00+00:00,317.47,317.76,317.06,317.37,1013
2026-03-18T14:36:00+00:00,317.37,317.89000000000004,317.29,317.73,949
2026-03-18T14:39:00+00:00,317.73,318.05,317.47,317.84000000000003,816
2026-03-18T14:42:00+00:00,317.84000000000003,318.08000000000004,317.77000000000004,317.85,707
2026-03-18T14:45:00+00:00,317.85,318.33000000000004,317.8,318.15000000000003,900
2026-03-18T14:48:00+00:00,318.15000000000003,318.65000000000003,317.76,318.63,794
2026-03-18T14:51:00+00:00,318.63,318.87,318.24,318.42,780
2026-03-18T14:54:00+00:00,318.42,318.58000000000004,318.21000000000004,318.46000000000004,671
2026-03-18T14:57:00+00:00,318.46000000000004,318.51,317.98,318.24,633
2026-03-18T15:00:00+00:00,318.24,318.51,317.55,317.81,810
2026-03-18T15:03:00+00:00,317.81,318.16,317.68,317.98,713
2026-03-18T15:06:00+00:00,317.98,318.41,317.83000000000004,318.09000000000003,868
2026-03-18T15:09:00+00:00,318.09000000000003,318.40000000000003,317.71000000000004,318.1,778
2026-03-18T15:12:00+00:00,318.1,318.42,317.95,317.97,564
2026-03-18T15:15:00+00:00,317.97,318.1,317.47,317.99,606
2026-03-18T15:18:00+00:00,317.99,317.99,317.59000000000003,317.61,691
2026-03-18T15:21:00+00:00,317.61,317.96000000000004,317.52000000000004,317.93,719
2026-03-18T15:24:00+00:00,317.93,318.27000000000004,317.87,318.18,658
2026-03-18T15:27:00+00:00,318.18,318.45,318.07,318.19,647
2026-03-18T15:30:00+00:00,318.19,318.59000000000003,318.16,318.57,635
2026-03-18T15:33:00+00:00,318.57,318.63,318.17,318.35,704
2026-03-18T15:36:00+00:00,318.35,318.73,318.29,318.51,623
2026-03-18T15:39:00+00:00,318.51,318.51,317.77000000000004,317.96000000000004,626
2026-03-18T15:42:00+00:00,317.96000000000004,318.07,317.78000000000003,318.03000000000003,522
2026-03-18T15:45:00+00:00,318.03000000000003,318.23,317.76,318,644
2026-03-18T15:48:00+00:00,318,318.1,317.76,317.78000000000003,473
2026-03-18T15:51:00+00:00,317.78000000000003,318.07,317.7,317.90000000000003,479
2026-03-18T15:54:00+00:00,317.90000000000003,318.29,317.90000000000003,318.13,633
2026-03-18T15:57:00+00:00,318.13,318.18,317.86,318.06,491
2026-03-18T16:00:00+00:00,318.06,318.1,317.65000000000003,317.75,643
2026-03-18T16:03:00+00:00,317.75,317.99,317.68,317.87,529
2026-03-18T16:06:00+00:00,317.87,317.99,317.69,317.96000000000004,525
2026-03-18T16:09:00+00:00,317.96000000000004,318.01,317.75,317.93,547
2026-03-18T16:12:00+00:00,317.93,318.28000000000003,317.93,318.11,491
2026-03-18T16:15:00+00:00,318.11,318.14000000000004,317.76,318.05,484
2026-03-18T16:18:00+00:00,318.05,318.3,318,318.21000000000004,411
2026-03-18T16:21:00+00:00,318.21000000000004,318.28000000000003,318.12,318.19,436
2026-03-18T16:24:00+00:00,318.19,318.21000000000004,317.98,318.08000000000004,415
2026-03-18T16:27:00+00:00,318.08000000000004,318.16,317.61,317.7,464
2026-03-18T16:30:00+00:00,317.7,317.85,317.56,317.67,608
2026-03-18T16:33:00+00:00,317.67,317.71000000000004,316.81,316.84000000000003,883
2026-03-18T16:36:00+00:00,316.84000000000003,317.34000000000003,316.84000000000003,317.22,595
2026-03-18T16:39:00+00:00,317.22,317.42,317.21000000000004,317.38,530
2026-03-18T16:42:00+00:00,317.38,317.57,317.25,317.25,457
2026-03-18T16:45:00+00:00,317.25,317.49,317.1,317.49,412
2026-03-18T16:48:00+00:00,317.49,317.59000000000003,317.40000000000003,317.56,390
2026-03-18T16:51:00+00:00,317.56,317.85,317.46000000000004,317.76,495
2026-03-18T16:54:00+00:00,317.76,317.8,317.6,317.67,300
2026-03-18T16:57:00+00:00,317.67,317.7,317.05,317.15000000000003,354
2026-03-18T17:00:00+00:00,317.15000000000003,317.15000000000003,316.66,316.74,540
2026-03-18T17:03:00+00:00,316.74,316.82,316.65000000000003,316.67,426
2026-03-18T17:06:00+00:00,316.67,316.87,316.55,316.55,424
2026-03-18T17:09:00+00:00,316.55,316.61,316.35,316.37,504
2026-03-18T17:12:00+00:00,316.37,316.56,316.35,316.44,442
2026-03-18T17:15:00+00:00,316.44,316.44,316.2,316.33000000000004,556
2026-03-18T17:18:00+00:00,316.33000000000004,316.57,316.21000000000004,316.48,458
2026-03-18T17:21:00+00:00,316.48,316.61,316.47,316.58000000000004,392
2026-03-18T17:24:00+00:00,316.58000000000004,316.71000000000004,316.5,316.67,422
2026-03-18T17:27:00+00:00,316.67,316.8,316.43,316.43,438
2026-03-18T17:30:00+00:00,316.43,316.62,316.33000000000004,316.44,561
2026-03-18T17:33:00+00:00,316.44,316.56,316.12,316.48,474
2026-03-18T17:36:00+00:00,316.48,316.54,316.22,316.49,406
2026-03-18T17:39:00+00:00,316.49,316.68,316.41,316.55,482
2026-03-18T17:42:00+00:00,316.55,316.66,316.43,316.6,337
2026-03-18T17:45:00+00:00,316.6,317.16,316.57,317.12,512
2026-03-18T17:48:00+00:00,317.12,317.15000000000003,316.8,316.86,496
2026-03-18T17:51:00+00:00,316.86,317.07,316.83000000000004,316.91,348
2026-03-18T17:54:00+00:00,316.91,317.11,316.82,317.01,353
2026-03-18T17:57:00+00:00,317.01,317.06,316.86,316.90000000000003,550
2026-03-18T18:00:00+00:00,316.90000000000003,317.46000000000004,316.88,317.19,1023
2026-03-18T18:03:00+00:00,317.19,317.53000000000003,317.06,317.1,969
2026-03-18T18:06:00+00:00,317.1,317.3,317.06,317.23,735
2026-03-18T18:09:00+00:00,317.23,317.23,316.75,316.77000000000004,523
2026-03-18T18:12:00+00:00,316.77000000000004,316.96000000000004,316.64000000000004,316.75,455
2026-03-18T18:15:00+00:00,316.75,316.78000000000003,316.24,316.47,835
2026-03-18T18:18:00+00:00,316.47,316.56,316.33000000000004,316.44,598
2026-03-18T18:21:00+00:00,316.44,316.47,316.16,316.2,460
2026-03-18T18:24:00+00:00,316.2,316.39000000000004,316.14000000000004,316.36,553
2026-03-18T18:27:00+00:00,316.36,316.47,316.14000000000004,316.31,658
2026-03-18T18:30:00+00:00,316.31,316.42,315.79,315.8,714
2026-03-18T18:33:00+00:00,315.8,316,315.47,315.91,1055
2026-03-18T18:36:00+00:00,315.91,316.3,315.82,315.83000000000004,1289
2026-03-18T18:39:00+00:00,315.83000000000004,316.28000000000003,315.59000000000003,315.91,900
2026-03-18T18:42:00+00:00,315.91,316.44,315.91,316.12,704
2026-03-18T18:45:00+00:00,316.12,316.21000000000004,315.96000000000004,316.06,686
2026-03-18T18:48:00+00:00,316.06,316.19,315.81,315.95,718
2026-03-18T18:51:00+00:00,315.95,316.11,315.56,315.72,765
2026-03-18T18:54:00+00:00,315.72,315.99,315.40000000000003,315.59000000000003,796
2026-03-18T18:57:00+00:00,315.59000000000003,315.72,315.40000000000003,315.46000000000004,514
2026-03-18T19:00:00+00:00,315.46000000000004,315.85,315.37,315.79,681
2026-03-18T19:03:00+00:00,315.79,316.32,315.79,316.17,646
2026-03-18T19:06:00+00:00,316.17,316.45,315.92,316.27000000000004,734
2026-03-18T19:09:00+00:00,316.27000000000004,316.46000000000004,316.16,316.27000000000004,754
2026-03-18T19:12:00+00:00,316.27000000000004,316.34000000000003,316.08000000000004,316.22,560
2026-03-18T19:15:00+00:00,316.22,316.26,315.95,315.98,666
2026-03-18T19:18:00+00:00,315.98,316.22,315.87,315.97,534
2026-03-18T19:21:00+00:00,315.97,316,315.61,315.8,598
2026-03-18T19:24:00+00:00,315.8,315.8,315.48,315.59000000000003,432
2026-03-18T19:27:00+00:00,315.59000000000003,315.81,315.48,315.61,489
2026-03-18T19:30:00+00:00,315.61,315.71000000000004,315.31,315.69,591
2026-03-18T19:33:00+00:00,315.69,315.81,315.43,315.59000000000003,530
2026-03-18T19:36:00+00:00,315.59000000000003,315.62,315.31,315.39000000000004,570
2026-03-18T19:39:00+00:00,315.39000000000004,315.51,315.11,315.16,557
2026-03-18T19:42:00+00:00,315.16,315.24,314.79,314.96000000000004,587
2026-03-18T19:45:00+00:00,314.96000000000004,315.09000000000003,314.81,315,559
2026-03-18T19:48:00+00:00,315,315.29,314.94,315.01,803
2026-03-18T19:51:00+00:00,315.01,315.05,314.57,314.93,563
2026-03-18T19:54:00+00:00,314.93,315.75,314.76,315.75,770
2026-03-18T19:57:00+00:00,315.75,315.86,314.85,315.47,1027
2026-03-19T13:30:00+00:00,315.47,315.47,310.01,311.28000000000003,928
2026-03-19T13:33:00+00:00,311.28000000000003,311.48,310.34000000000003,310.5,813
2026-03-19T13:36:00+00:00,310.5,311.19,310.27000000000004,311.19,884
2026-03-19T13:39:00+00:00,311.19,311.56,310.12,311.37,1207
2026-03-19T13:42:00+00:00,311.37,311.61,310.73,311.33000000000004,1035
2026-03-19T13:45:00+00:00,311.33000000000004,311.52000000000004,310.65000000000003,310.89000000000004,1195
2026-03-19T13:48:00+00:00,310.89000000000004,312.41,310.89000000000004,311.94,1309
2026-03-19T13:51:00+00:00,311.94,312.3,311.49,312.02000000000004,1508
2026-03-19T13:54:00+00:00,312.02000000000004,312.96000000000004,312.01,312.61,1510
2026-03-19T13:57:00+00:00,312.61,312.62,312.16,312.51,1216
2026-03-19T14:00:00+00:00,312.51,313.25,312.32,312.58000000000004,1404
2026-03-19T14:03:00+00:00,312.58000000000004,313.13,312.17,313.02000000000004,1291
2026-03-19T14:06:00+00:00,313.02000000000004,313.3,312.68,313.1,1297
2026-03-19T14:09:00+00:00,313.1,313.3,312.40000000000003,313.17,1184
2026-03-19T14:12:00+00:00,313.17,313.42,312.8,312.99,1248
2026-03-19T14:15:00+00:00,312.99,313.19,312.55,312.63,1199
2026-03-19T14:18:00+00:00,312.63,312.84000000000003,311.96000000000004,312.27000000000004,1234
2026-03-19T14:21:00+00:00,312.27000000000004,312.35,311.16,311.58000000000004,1112
2026-03-19T14:24:00+00:00,311.58000000000004,312,311.56,311.83000000000004,1033
2026-03-19T14:27:00+00:00,311.83000000000004,311.84000000000003,311.25,311.38,842
2026-03-19T14:30:00+00:00,311.38,312.39000000000004,311.33000000000004,311.90000000000003,1113
2026-03-19T14:33:00+00:00,311.90000000000003,312.39000000000004,311.76,312.2,1003
2026-03-19T14:36:00+00:00,312.2,312.24,311.56,311.69,733
2026-03-19T14:39:00+00:00,311.69,312.2,311.14000000000004,311.93,926
2026-03-19T14:42:00+00:00,311.93,312.13,311.58000000000004,311.76,884
2026-03-19T14:45:00+00:00,311.76,311.93,311.51,311.61,856
2026-03-19T14:48:00+00:00,311.61,312.41,311.61,312.35,793
2026-03-19T14:51:00+00:00,312.35,312.86,312.31,312.59000000000003,842
2026-03-19T14:54:00+00:00,312.59000000000003,312.86,312.37,312.71000000000004,873
2026-03-19T14:57:00+00:00,312.71000000000004,313.22,312.38,312.69,780
2026-03-19T15:00:00+00:00,312.69,313,312.67,312.87,851
2026-03-19T15:03:00+00:00,312.87,313.55,312.86,313.54,864
2026-03-19T15:06:00+00:00,313.54,313.6,313.07,313.12,983
2026-03-19T15:09:00+00:00,313.12,313.37,312.8,313.11,793
2026-03-19T15:12:00+00:00,313.11,313.26,312.93,313.26,614
2026-03-19T15:15:00+00:00,313.26,313.32,312.68,312.71000000000004,651
2026-03-19T15:18:00+00:00,312.71000000000004,312.93,312.05,312.09000000000003,760
2026-03-19T15:21:00+00:00,312.09000000000003,312.16,311.79,312.02000000000004,731
2026-03-19T15:24:00+00:00,312.02000000000004,312.18,311.68,311.90000000000003,760
2026-03-19T15:27:00+00:00,311.90000000000003,311.99,311.68,311.7,839
2026-03-19T15:30:00+00:00,311.7,311.71000000000004,311.08000000000004,311.57,884
2026-03-19T15:33:00+00:00,311.57,311.69,311.08000000000004,311.39000000000004,896
2026-03-19T15:36:00+00:00,311.39000000000004,311.59000000000003,311.35,311.5,652
2026-03-19T15:39:00+00:00,311.5,311.7,311.3,311.42,673
2026-03-19T15:42:00+00:00,311.42,311.73,311.29,311.47,813
2026-03-19T15:45:00+00:00,311.47,311.84000000000003,311.24,311.41,763
2026-03-19T15:48:00+00:00,311.41,311.89000000000004,311.07,311.74,783
2026-03-19T15:51:00+00:00,311.74,311.95,311.55,311.76,877
2026-03-19T15:54:00+00:00,311.76,312.5,311.55,312.3,980
2026-03-19T15:57:00+00:00,312.3,312.78000000000003,311.94,312.77000000000004,811
2026-03-19T16:00:00+00:00,312.77000000000004,313.3,312.44,313.27000000000004,636
2026-03-19T16:03:00+00:00,313.27000000000004,313.37,312.94,313.23,748
2026-03-19T16:06:00+00:00,313.23,313.36,312.94,313.2,627
2026-03-19T16:09:00+00:00,313.2,313.33000000000004,312.94,313.23,740
2026-03-19T16:12:00+00:00,313.23,313.61,312.94,313.16,789
2026-03-19T16:15:00+00:00,313.16,313.41,312.67,312.76,688
2026-03-19T16:18:00+00:00,312.76,313.08000000000004,312.7,312.93,683
2026-03-19T16:21:00+00:00,312.93,313.21000000000004,312.69,312.82,690
2026-03-19T16:24:00+00:00,312.82,313.09000000000003,312.73,313.03000000000003,537
2026-03-19T16:27:00+00:00,313.03000000000003,313.3,312.98,313.13,610
2026-03-19T16:30:00+00:00,313.13,313.3,312.7,312.77000000000004,633
2026-03-19T16:33:00+00:00,312.77000000000004,312.93,312.44,312.52000000000004,603
2026-03-19T16:36:00+00:00,312.52000000000004,313.03000000000003,312.5,312.97,521
2026-03-19T16:39:00+00:00,312.97,313.42,312.87,313.35,510
2026-03-19T16:42:00+00:00,313.35,313.55,313.07,313.34000000000003,517
2026-03-19T16:45:00+00:00,313.34000000000003,313.48,313,313.25,465
2026-03-19T16:48:00+00:00,313.25,313.34000000000003,313.17,313.26,411
2026-03-19T16:51:00+00:00,313.26,313.32,312.76,313.02000000000004,549
2026-03-19T16:54:00+00:00,313.02000000000004,313.47,312.92,313.40000000000003,604
2026-03-19T16:57:00+00:00,313.40000000000003,313.72,313.32,313.59000000000003,541
2026-03-19T17:00:00+00:00,313.59000000000003,313.65000000000003,313.21000000000004,313.33000000000004,662
2026-03-19T17:03:00+00:00,313.33000000000004,313.39000000000004,312.44,312.61,588
2026-03-19T17:06:00+00:00,312.61,313.25,312.58000000000004,313.06,604
2026-03-19T17:09:00+00:00,313.06,313.1,312.45,312.98,558
2026-03-19T17:12:00+00:00,312.98,313.05,312.72,312.93,441
2026-03-19T17:15:00+00:00,312.93,313.06,312.56,312.90000000000003,570
2026-03-19T17:18:00+00:00,312.90000000000003,313.05,312.76,312.78000000000003,501
2026-03-19T17:21:00+00:00,312.78000000000003,313.39000000000004,312.78000000000003,313.37,543
2026-03-19T17:24:00+00:00,313.37,313.37,313.05,313.24,445
2026-03-19T17:27:00+00:00,313.24,313.45,313.01,313.22,489
2026-03-19T17:30:00+00:00,313.22,313.47,312.99,313.01,483
2026-03-19T17:33:00+00:00,313.01,313.08000000000004,312.57,312.93,458
2026-03-19T17:36:00+00:00,312.93,313.16,312.82,312.88,340
2026-03-19T17:39:00+00:00,312.88,312.94,312.56,312.90000000000003,430
2026-03-19T17:42:00+00:00,312.90000000000003,313.3,312.83000000000004,313.15000000000003,420
2026-03-19T17:45:00+00:00,313.15000000000003,313.2,312.94,312.97,330
2026-03-19T17:48:00+00:00,312.97,313.40000000000003,312.97,313.37,345
2026-03-19T17:51:00+00:00,313.37,313.69,313.25,313.55,423
2026-03-19T17:54:00+00:00,313.55,313.76,313.42,313.53000000000003,427
2026-03-19T17:57:00+00:00,313.53000000000003,313.6,313.27000000000004,313.32,345
2026-03-19T18:00:00+00:00,313.32,313.32,312.69,312.7,495
2026-03-19T18:03:00+00:00,312.7,312.90000000000003,312.67,312.88,365
2026-03-19T18:06:00+00:00,312.88,313.06,312.77000000000004,312.98,313
2026-03-19T18:09:00+00:00,312.98,313.23,312.93,313.22,413
2026-03-19T18:12:00+00:00,313.22,313.72,313.11,313.52000000000004,521
2026-03-19T18:15:00+00:00,313.52000000000004,313.7,313.31,313.31,330
2026-03-19T18:18:00+00:00,313.31,313.61,313.18,313.48,375
2026-03-19T18:21:00+00:00,313.48,313.56,313.35,313.36,335
2026-03-19T18:24:00+00:00,313.36,313.51,313.35,313.48,287
2026-03-19T18:27:00+00:00,313.48,313.53000000000003,313.05,313.06,297
2026-03-19T18:30:00+00:00,313.06,313.07,312.68,312.85,342
2026-03-19T18:33:00+00:00,312.85,313.21000000000004,312.83000000000004,313.11,309
2026-03-19T18:36:00+00:00,313.11,313.26,312.87,313.17,407
2026-03-19T18:39:00+00:00,313.17,313.18,312.97,313,303
2026-03-19T18:42:00+00:00,313,313.02000000000004,312.77000000000004,312.81,374
2026-03-19T18:45:00+00:00,312.81,313.01,312.8,312.88,352
2026-03-19T18:48:00+00:00,312.88,312.97,312.76,312.76,283
2026-03-19T18:51:00+00:00,312.76,313.18,312.76,313.13,370
2026-03-19T18:54:00+00:00,313.13,313.33000000000004,312.99,313.28000000000003,426
2026-03-19T18:57:00+00:00,313.28000000000003,314.25,313.27000000000004,313.92,620
2026-03-19T19:00:00+00:00,313.92,314.78000000000003,313.81,314.71000000000004,904
2026-03-19T19:03:00+00:00,314.71000000000004,314.73,313.94,314.53000000000003,1087
2026-03-19T19:06:00+00:00,314.53000000000003,315.22,314.07,315.07,1492
2026-03-19T19:09:00+00:00,315.07,315.49,314.72,315.11,1351
2026-03-19T19:12:00+00:00,315.11,315.16,314.06,315.02000000000004,1298
2026-03-19T19:15:00+00:00,315.02000000000004,315.67,314.42,315.37,1241
2026-03-19T19:18:00+00:00,315.37,315.55,314.59000000000003,314.61,1218
2026-03-19T19:21:00+00:00,314.61,314.93,314.22,314.69,900
2026-03-19T19:24:00+00:00,314.69,314.78000000000003,314.06,314.21000000000004,745
2026-03-19T19:27:00+00:00,314.21000000000004,314.63,314.06,314.5,998
2026-03-19T19:30:00+00:00,314.5,314.8,314.35,314.45,873
2026-03-19T19:33:00+00:00,314.45,314.89000000000004,313.79,314,842
2026-03-19T19:36:00+00:00,314,314.62,313.68,314.44,752
2026-03-19T19:39:00+00:00,314.44,314.8,314.41,314.7,693
2026-03-19T19:42:00+00:00,314.7,315.01,314.58000000000004,314.69,690
2026-03-19T19:45:00+00:00,314.69,314.86,314.19,314.77000000000004,762
2026-03-19T19:48:00+00:00,314.77000000000004,314.93,314.51,314.65000000000003,807
2026-03-19T19:51:00+00:00,314.65000000000003,314.96000000000004,314.22,314.71000000000004,839
2026-03-19T19:54:00+00:00,314.71000000000004,315.15000000000003,314.47,314.97,1038
2026-03-19T19:57:00+00:00,314.97,315.17,314.38,314.72,1373
2026-03-20T13:30:00+00:00,314.72,314.72,310.96000000000004,310.99,787
2026-03-20T13:33:00+00:00,310.99,311.43,310.38,311.39000000000004,794
2026-03-20T13:36:00+00:00,311.39000000000004,311.98,311.18,311.83000000000004,894
2026-03-20T13:39:00+00:00,311.83000000000004,311.88,311.3,311.72,997
2026-03-20T13:42:00+00:00,311.72,311.93,311,311.67,1046
2026-03-20T13:45:00+00:00,311.67,312.03000000000003,311.05,311.59000000000003,1221
2026-03-20T13:48:00+00:00,311.59000000000003,311.71000000000004,310.12,310.14000000000004,1037
2026-03-20T13:51:00+00:00,310.14000000000004,310.39000000000004,309.78000000000003,309.97,937
2026-03-20T13:54:00+00:00,309.97,310.3,309.87,310.17,1317
2026-03-20T13:57:00+00:00,310.17,310.31,309.49,309.77000000000004,1075
2026-03-20T14:00:00+00:00,309.77000000000004,309.91,309,309.74,1590
2026-03-20T14:03:00+00:00,309.74,310.01,309.36,309.82,1277
2026-03-20T14:06:00+00:00,309.82,310,309.37,309.5,1088
2026-03-20T14:09:00+00:00,309.5,310.25,309.3,309.8,1224
2026-03-20T14:12:00+00:00,309.8,309.96000000000004,309.31,309.59000000000003,1000
2026-03-20T14:15:00+00:00,309.59000000000003,310.36,309.54,310.29,1103
2026-03-20T14:18:00+00:00,310.29,310.35,309.82,310.08000000000004,976
2026-03-20T14:21:00+00:00,310.08000000000004,310.51,309.77000000000004,310.40000000000003,892
2026-03-20T14:24:00+00:00,310.40000000000003,310.63,310.17,310.32,902
2026-03-20T14:27:00+00:00,310.32,310.39000000000004,309.76,309.84000000000003,932
2026-03-20T14:30:00+00:00,309.84000000000003,310.26,309.83000000000004,310.09000000000003,1071
2026-03-20T14:33:00+00:00,310.09000000000003,310.31,309.93,309.98,759
2026-03-20T14:36:00+00:00,309.98,310.18,309.56,309.63,860
2026-03-20T14:39:00+00:00,309.63,309.96000000000004,309.56,309.58000000000004,745
2026-03-20T14:42:00+00:00,309.58000000000004,309.77000000000004,309.45,309.65000000000003,828
2026-03-20T14:45:00+00:00,309.65000000000003,310.14000000000004,309.56,309.89000000000004,809
2026-03-20T14:48:00+00:00,309.89000000000004,310.51,309.89000000000004,310.18,748
2026-03-20T14:51:00+00:00,310.18,310.28000000000003,309.68,309.69,734
2026-03-20T14:54:00+00:00,309.69,310.06,309.21000000000004,309.62,972
2026-03-20T14:57:00+00:00,309.62,309.86,309.5,309.54,711
2026-03-20T15:00:00+00:00,309.54,310,309.12,309.17,1124
2026-03-20T15:03:00+00:00,309.17,309.35,308.56,309.02000000000004,863
2026-03-20T15:06:00+00:00,309.02000000000004,309.24,308.63,308.76,953
2026-03-20T15:09:00+00:00,308.76,309.14000000000004,308.62,309.12,868
2026-03-20T15:12:00+00:00,309.12,309.48,308.97,309.28000000000003,736
2026-03-20T15:15:00+00:00,309.28000000000003,309.32,308.93,309.03000000000003,806
2026-03-20T15:18:00+00:00,309.03000000000003,309.06,308.66,308.85,795
2026-03-20T15:21:00+00:00,308.85,309.76,308.85,309.45,1115
2026-03-20T15:24:00+00:00,309.45,309.57,308.91,308.93,1449
2026-03-20T15:27:00+00:00,308.93,309.26,308.81,309.09000000000003,734
2026-03-20T15:30:00+00:00,309.09000000000003,309.21000000000004,308.91,309.1,820
2026-03-20T15:33:00+00:00,309.1,309.46000000000004,308.89000000000004,309.07,764
2026-03-20T15:36:00+00:00,309.07,309.45,308.99,309.29,589
2026-03-20T15:39:00+00:00,309.29,309.46000000000004,309.24,309.39000000000004,653
2026-03-20T15:42:00+00:00,309.39000000000004,309.69,309.36,309.69,719
2026-03-20T15:45:00+00:00,309.69,309.73,309.36,309.7,588
2026-03-20T15:48:00+00:00,309.7,309.82,309.47,309.5,608
2026-03-20T15:51:00+00:00,309.5,309.94,309.42,309.64000000000004,587
2026-03-20T15:54:00+00:00,309.64000000000004,309.87,309.53000000000003,309.85,759
2026-03-20T15:57:00+00:00,309.85,309.97,309.71000000000004,309.81,517
2026-03-20T16:00:00+00:00,309.81,310,309.62,309.92,626
2026-03-20T16:03:00+00:00,309.92,310.44,309.92,310.38,674
2026-03-20T16:06:00+00:00,310.38,310.5,310.15000000000003,310.19,632
2026-03-20T16:09:00+00:00,310.19,310.28000000000003,309.95,310.09000000000003,570
2026-03-20T16:12:00+00:00,310.09000000000003,310.22,309.98,310.17,521
2026-03-20T16:15:00+00:00,310.17,310.18,309.84000000000003,310.09000000000003,689
2026-03-20T16:18:00+00:00,310.09000000000003,310.6,310.09000000000003,310.38,559
2026-03-20T16:21:00+00:00,310.38,310.45,310.13,310.2,578
2026-03-20T16:24:00+00:00,310.2,310.35,310.05,310.07,621
2026-03-20T16:27:00+00:00,310.07,310.14000000000004,309.79,309.79,552
2026-03-20T16:30:00+00:00,309.79,309.86,309.45,309.48,724
2026-03-20T16:33:00+00:00,309.48,309.77000000000004,309.45,309.51,628
2026-03-20T16:36:00+00:00,309.51,309.82,309.38,309.46000000000004,617
2026-03-20T16:39:00+00:00,309.46000000000004,309.56,309.25,309.3,479
2026-03-20T16:42:00+00:00,309.3,309.45,309.25,309.32,459
2026-03-20T16:45:00+00:00,309.32,309.47,309.05,309.1,511
2026-03-20T16:48:00+00:00,309.1,309.27000000000004,308.90000000000003,308.91,617
2026-03-20T16:51:00+00:00,308.91,308.93,308.36,308.79,628
2026-03-20T16:54:00+00:00,308.79,309.02000000000004,308.6,308.92,514
2026-03-20T16:57:00+00:00,308.92,308.95,308.45,308.46000000000004,408
2026-03-20T17:00:00+00:00,308.46000000000004,308.84000000000003,308.45,308.83000000000004,572
2026-03-20T17:03:00+00:00,308.83000000000004,308.90000000000003,308.2,308.22,785
2026-03-20T17:06:00+00:00,308.22,308.55,308.2,308.5,893
2026-03-20T17:09:00+00:00,308.5,308.55,308.22,308.29,577
2026-03-20T17:12:00+00:00,308.29,308.48,308.07,308.29,452
2026-03-20T17:15:00+00:00,308.29,308.43,308.1,308.23,561
2026-03-20T17:18:00+00:00,308.23,308.28000000000003,307.87,307.96000000000004,459
2026-03-20T17:21:00+00:00,307.96000000000004,308.40000000000003,307.93,308.23,555
2026-03-20T17:24:00+00:00,308.23,308.54,308.06,308.18,453
2026-03-20T17:27:00+00:00,308.18,308.37,308.14000000000004,308.24,343
2026-03-20T17:30:00+00:00,308.24,308.38,307.87,307.90000000000003,335
2026-03-20T17:33:00+00:00,307.90000000000003,308.16,307.87,308,416
2026-03-20T17:36:00+00:00,308,308.03000000000003,307.77000000000004,307.95,474
2026-03-20T17:39:00+00:00,307.95,308.37,307.95,308.23,514
2026-03-20T17:42:00+00:00,308.23,308.24,307.56,307.64000000000004,430
2026-03-20T17:45:00+00:00,307.64000000000004,307.72,307.46000000000004,307.49,449
2026-03-20T17:48:00+00:00,307.49,307.90000000000003,307.49,307.81,431
2026-03-20T17:51:00+00:00,307.81,308.1,307.79,308.04,473
2026-03-20T17:54:00+00:00,308.04,308.3,307.96000000000004,308.06,522
2026-03-20T17:57:00+00:00,308.06,308.38,307.99,308.13,464
2026-03-20T18:00:00+00:00,308.13,308.24,307.97,308.11,400
2026-03-20T18:03:00+00:00,308.11,308.15000000000003,307.43,307.45,506
2026-03-20T18:06:00+00:00,307.45,307.8,307.3,307.55,524
2026-03-20T18:09:00+00:00,307.55,307.73,307.49,307.58000000000004,456
2026-03-20T18:12:00+00:00,307.58000000000004,307.77000000000004,307.42,307.61,585
2026-03-20T18:15:00+00:00,307.61,308.04,307.36,307.81,627
2026-03-20T18:18:00+00:00,307.81,308.07,307.72,307.78000000000003,546
2026-03-20T18:21:00+00:00,307.78000000000003,308.05,307.27000000000004,307.65000000000003,965
2026-03-20T18:24:00+00:00,307.65000000000003,307.68,307.37,307.52000000000004,1117
2026-03-20T18:27:00+00:00,307.52000000000004,307.79,307.40000000000003,307.53000000000003,996
2026-03-20T18:30:00+00:00,307.53000000000003,307.62,307.1,307.31,869
2026-03-20T18:33:00+00:00,307.31,307.35,307.06,307.16,594
2026-03-20T18:36:00+00:00,307.16,307.28000000000003,306.82,306.97,438
2026-03-20T18:39:00+00:00,306.97,307.1,306.8,306.87,540
2026-03-20T18:42:00+00:00,306.87,306.97,306.55,306.63,582
2026-03-20T18:45:00+00:00,306.63,306.95,306.6,306.86,605
2026-03-20T18:48:00+00:00,306.86,306.88,306.5,306.54,475
2026-03-20T18:51:00+00:00,306.54,306.8,306.45,306.64000000000004,615
2026-03-20T18:54:00+00:00,306.64000000000004,306.76,306.45,306.53000000000003,520
2026-03-20T18:57:00+00:00,306.53000000000003,306.88,306.48,306.73,501
2026-03-20T19:00:00+00:00,306.73,307.05,306.69,306.79,548
2026-03-20T19:03:00+00:00,306.79,306.95,306.59000000000003,306.88,409
2026-03-20T19:06:00+00:00,306.88,307.13,306.8,306.95,540
2026-03-20T19:09:00+00:00,306.95,306.97,306.6,306.8,466
2026-03-20T19:12:00+00:00,306.8,306.94,306.66,306.82,505
2026-03-20T19:15:00+00:00,306.82,307.06,306.77000000000004,306.88,386
2026-03-20T19:18:00+00:00,306.88,307.1,306.77000000000004,306.99,422
2026-03-20T19:21:00+00:00,306.99,307.16,306.87,306.94,451
2026-03-20T19:24:00+00:00,306.94,307.17,306.65000000000003,307.1,639
2026-03-20T19:27:00+00:00,307.1,307.22,306.95,307.01,602
2026-03-20T19:30:00+00:00,307.01,307.16,306.85,306.92,573
2026-03-20T19:33:00+00:00,306.92,306.93,306.27000000000004,306.44,540
2026-03-20T19:36:00+00:00,306.44,306.44,305.76,306.07,698
2026-03-20T19:39:00+00:00,306.07,306.44,305.93,306.42,715
2026-03-20T19:42:00+00:00,306.42,306.93,306.06,306.77000000000004,812
2026-03-20T19:45:00+00:00,306.77000000000004,306.87,306.26,306.62,852
2026-03-20T19:48:00+00:00,306.62,308.33000000000004,306.41,307.7,1064
2026-03-20T19:51:00+00:00,307.7,308.65000000000003,307.69,307.95,1096
2026-03-20T19:54:00+00:00,307.95,308.5,307.47,307.96000000000004,1167
2026-03-20T19:57:00+00:00,307.96000000000004,308.26,307.58000000000004,308.01,1186
2026-03-23T13:30:00+00:00,308.01,311.91,308.01,310.65000000000003,1390
2026-03-23T13:33:00+00:00,310.65000000000003,310.8,309.45,309.54,1043
2026-03-23T13:36:00+00:00,309.54,310.40000000000003,309.48,310.15000000000003,1321
2026-03-23T13:39:00+00:00,310.15000000000003,310.5,309.61,310.31,1494
2026-03-23T13:42:00+00:00,310.31,311.34000000000003,310.13,310.57,1456
2026-03-23T13:45:00+00:00,310.57,310.89000000000004,309.97,310.17,1598
2026-03-23T13:48:00+00:00,310.17,311.3,310.07,311.07,1290
2026-03-23T13:51:00+00:00,311.07,311.38,310.63,311.21000000000004,1399
2026-03-23T13:54:00+00:00,311.21000000000004,311.41,310.09000000000003,310.3,1507
2026-03-23T13:57:00+00:00,310.3,310.94,309.97,310.84000000000003,1430
2026-03-23T14:00:00+00:00,310.84000000000003,311.19,310.46000000000004,311.14000000000004,1239
2026-03-23T14:03:00+00:00,311.14000000000004,311.35,310.65000000000003,311.19,1222
2026-03-23T14:06:00+00:00,311.19,311.66,310.65000000000003,311.26,1317
2026-03-23T14:09:00+00:00,311.26,312.07,311.04,311.92,1533
2026-03-23T14:12:00+00:00,311.92,312.40000000000003,311.12,311.54,1259
2026-03-23T14:15:00+00:00,311.54,311.90000000000003,311.21000000000004,311.78000000000003,1050
2026-03-23T14:18:00+00:00,311.78000000000003,312.24,311.78000000000003,312.14000000000004,919
2026-03-23T14:21:00+00:00,312.14000000000004,312.22,311.63,311.88,885
2026-03-23T14:24:00+00:00,311.88,312.18,311.37,311.58000000000004,899
2026-03-23T14:27:00+00:00,311.58000000000004,311.63,311.25,311.47,1056
2026-03-23T14:30:00+00:00,311.47,311.47,310.83000000000004,311.16,966
2026-03-23T14:33:00+00:00,311.16,311.46000000000004,311.07,311.40000000000003,880
2026-03-23T14:36:00+00:00,311.40000000000003,311.51,310.89000000000004,311.24,990
2026-03-23T14:39:00+00:00,311.24,311.24,310.36,310.43,1030
2026-03-23T14:42:00+00:00,310.43,310.57,309.97,310.23,931
2026-03-23T14:45:00+00:00,310.23,310.76,310.12,310.56,1020
2026-03-23T14:48:00+00:00,310.56,310.77000000000004,309.91,310.1,961
2026-03-23T14:51:00+00:00,310.1,310.23,309.86,309.92,868
2026-03-23T14:54:00+00:00,309.92,310.15000000000003,309.40000000000003,309.7,991
2026-03-23T14:57:00+00:00,309.7,309.92,309.41,309.69,740
2026-03-23T15:00:00+00:00,309.69,310.09000000000003,309.53000000000003,310.07,783
2026-03-23T15:03:00+00:00,310.07,310.48,309.77000000000004,310.02000000000004,780
2026-03-23T15:06:00+00:00,310.02000000000004,310.14000000000004,309.46000000000004,309.83000000000004,825
2026-03-23T15:09:00+00:00,309.83000000000004,310.32,309.83000000000004,310.24,763
2026-03-23T15:12:00+00:00,310.24,310.3,309.86,310.17,702
2026-03-23T15:15:00+00:00,310.17,310.49,310.06,310.16,779
2026-03-23T15:18:00+00:00,310.16,310.39000000000004,309.81,309.85,855
2026-03-23T15:21:00+00:00,309.85,310.90000000000003,309.75,310.8,915
2026-03-23T15:24:00+00:00,310.8,311.16,310.41,310.45,964
2026-03-23T15:27:00+00:00,310.45,310.55,310.15000000000003,310.45,1174
2026-03-23T15:30:00+00:00,310.45,310.58000000000004,309.8,310.32,1250
2026-03-23T15:33:00+00:00,310.32,310.40000000000003,308.85,308.93,881
2026-03-23T15:36:00+00:00,308.93,309.16,308.2,308.68,751
2026-03-23T15:39:00+00:00,308.68,309.57,308.55,309.32,969
2026-03-23T15:42:00+00:00,309.32,309.90000000000003,309.12,309.85,968
2026-03-23T15:45:00+00:00,309.85,309.96000000000004,309.28000000000003,309.61,1061
2026-03-23T15:48:00+00:00,309.61,310.1,309.61,309.82,815
2026-03-23T15:51:00+00:00,309.82,310.22,309.21000000000004,309.74,939
2026-03-23T15:54:00+00:00,309.74,309.89000000000004,309.06,309.33000000000004,982
2026-03-23T15:57:00+00:00,309.33000000000004,309.58000000000004,308.6,308.98,1192
2026-03-23T16:00:00+00:00,308.98,309.49,308.77000000000004,309.27000000000004,1202
2026-03-23T16:03:00+00:00,309.27000000000004,309.42,308.42,308.5,1088
2026-03-23T16:06:00+00:00,308.5,309.32,308.14000000000004,309.12,1217
2026-03-23T16:09:00+00:00,309.12,309.24,308.56,308.56,1339
2026-03-23T16:12:00+00:00,308.56,308.97,308.14000000000004,308.66,1078
2026-03-23T16:15:00+00:00,308.66,308.97,308.15000000000003,308.17,945
2026-03-23T16:18:00+00:00,308.17,308.6,308.06,308.09000000000003,807
2026-03-23T16:21:00+00:00,308.09000000000003,308.55,308.06,308.18,1113
2026-03-23T16:24:00+00:00,308.18,308.31,307.33000000000004,307.39000000000004,879
2026-03-23T16:27:00+00:00,307.39000000000004,307.56,307.06,307.08000000000004,859
2026-03-23T16:30:00+00:00,307.08000000000004,307.77000000000004,307.06,307.6,934
2026-03-23T16:33:00+00:00,307.6,307.97,307.3,307.77000000000004,1135
2026-03-23T16:36:00+00:00,307.77000000000004,307.84000000000003,307.47,307.49,900
2026-03-23T16:39:00+00:00,307.49,307.84000000000003,307.21000000000004,307.68,745
2026-03-23T16:42:00+00:00,307.68,307.7,307.2,307.5,971
2026-03-23T16:45:00+00:00,307.5,307.99,307.46000000000004,307.87,1009
2026-03-23T16:48:00+00:00,307.87,308.09000000000003,307.72,307.85,741
2026-03-23T16:51:00+00:00,307.85,308.09000000000003,307.56,308,838
2026-03-23T16:54:00+00:00,308,308.24,307.87,308.23,696
2026-03-23T16:57:00+00:00,308.23,308.25,307.65000000000003,307.93,784
2026-03-23T17:00:00+00:00,307.93,308.13,307.7,307.78000000000003,904
2026-03-23T17:03:00+00:00,307.78000000000003,307.91,307.31,307.56,902
2026-03-23T17:06:00+00:00,307.56,308.09000000000003,307.49,308.02000000000004,730
2026-03-23T17:09:00+00:00,308.02000000000004,308.18,307.98,308.08000000000004,610
2026-03-23T17:12:00+00:00,308.08000000000004,308.23,307.76,307.76,570
2026-03-23T17:15:00+00:00,307.76,307.89000000000004,307.43,307.61,703
2026-03-23T17:18:00+00:00,307.61,307.69,307.22,307.23,626
2026-03-23T17:21:00+00:00,307.23,307.39000000000004,307.18,307.26,648
2026-03-23T17:24:00+00:00,307.26,307.75,307.21000000000004,307.66,755
2026-03-23T17:27:00+00:00,307.66,307.73,307.49,307.55,531
2026-03-23T17:30:00+00:00,307.55,307.92,307.52000000000004,307.74,466
2026-03-23T17:33:00+00:00,307.74,308.45,307.69,308.32,812
2026-03-23T17:36:00+00:00,308.32,308.57,307.94,307.95,895
2026-03-23T17:39:00+00:00,307.95,308.06,307.69,307.76,705
2026-03-23T17:42:00+00:00,307.76,307.96000000000004,307.36,307.42,589
2026-03-23T17:45:00+00:00,307.42,307.56,307.27000000000004,307.49,647
2026-03-23T17:48:00+00:00,307.49,307.72,307.37,307.67,672
2026-03-23T17:51:00+00:00,307.67,307.79,307.40000000000003,307.65000000000003,736
2026-03-23T17:54:00+00:00,307.65000000000003,307.89000000000004,307.62,307.83000000000004,660
2026-03-23T17:57:00+00:00,307.83000000000004,308.14000000000004,307.75,307.95,659
2026-03-23T18:00:00+00:00,307.95,308.21000000000004,307.85,308.21000000000004,769
2026-03-23T18:03:00+00:00,308.21000000000004,308.44,308.12,308.39000000000004,626
2026-03-23T18:06:00+00:00,308.39000000000004,308.40000000000003,307.65000000000003,308,1056
2026-03-23T18:09:00+00:00,308,308.12,307.75,308.08000000000004,802
2026-03-23T18:12:00+00:00,308.08000000000004,308.08000000000004,307.85,307.96000000000004,707
2026-03-23T18:15:00+00:00,307.96000000000004,308.15000000000003,307.55,307.74,650
2026-03-23T18:18:00+00:00,307.74,307.90000000000003,307.73,307.84000000000003,547
2026-03-23T18:21:00+00:00,307.84000000000003,308.05,307.65000000000003,307.97,533
2026-03-23T18:24:00+00:00,307.97,308.32,307.92,308.26,626
2026-03-23T18:27:00+00:00,308.26,308.28000000000003,307.99,308.13,531
2026-03-23T18:30:00+00:00,308.13,308.53000000000003,308.12,308.5,535
2026-03-23T18:33:00+00:00,308.5,309.23,308.49,308.93,548
2026-03-23T18:36:00+00:00,308.93,309.18,308.89000000000004,309.05,622
2026-03-23T18:39:00+00:00,309.05,309.05,308.37,308.44,758
2026-03-23T18:42:00+00:00,308.44,308.63,308.37,308.47,482
2026-03-23T18:45:00+00:00,308.47,308.85,308.43,308.82,374
2026-03-23T18:48:00+00:00,308.82,309.02000000000004,308.77000000000004,308.79,432
2026-03-23T18:51:00+00:00,308.79,309.15000000000003,308.76,309.11,387
2026-03-23T18:54:00+00:00,309.11,309.19,308.97,309.09000000000003,374
2026-03-23T18:57:00+00:00,309.09000000000003,309.39000000000004,308.95,309.21000000000004,374
2026-03-23T19:00:00+00:00,309.21000000000004,309.24,308.95,309.11,416
2026-03-23T19:03:00+00:00,309.11,309.13,308.77000000000004,309.01,312
2026-03-23T19:06:00+00:00,309.01,309.3,308.95,309.21000000000004,395
2026-03-23T19:09:00+00:00,309.21000000000004,309.24,308.91,308.97,354
2026-03-23T19:12:00+00:00,308.97,309.01,308.58000000000004,308.62,386
2026-03-23T19:15:00+00:00,308.62,308.81,308.16,308.43,441
2026-03-23T19:18:00+00:00,308.43,308.84000000000003,308.40000000000003,308.67,475
2026-03-23T19:21:00+00:00,308.67,308.81,308.59000000000003,308.81,450
2026-03-23T19:24:00+00:00,308.81,308.93,308.56,308.76,506
2026-03-23T19:27:00+00:00,308.76,308.97,308.66,308.72,399
2026-03-23T19:30:00+00:00,308.72,308.96000000000004,308.65000000000003,308.78000000000003,488
2026-03-23T19:33:00+00:00,308.78000000000003,308.91,308.66,308.73,465
2026-03-23T19:36:00+00:00,308.73,308.97,308.71000000000004,308.92,667
2026-03-23T19:39:00+00:00,308.92,309.22,308.86,308.94,575
2026-03-23T19:42:00+00:00,308.94,309.25,308.94,309.21000000000004,563
2026-03-23T19:45:00+00:00,309.21000000000004,309.38,309.06,309.2,572
2026-03-23T19:48:00+00:00,309.2,309.29,308.56,308.79,915
2026-03-23T19:51:00+00:00,308.79,309.03000000000003,308.69,308.87,901
2026-03-23T19:54:00+00:00,308.87,308.88,308.07,308.09000000000003,941
2026-03-23T19:57:00+00:00,308.09000000000003,308.43,307.55,307.96000000000004,1286
2026-03-24T13:30:00+00:00,307.96000000000004,307.96000000000004,303.55,305.62,824
2026-03-24T13:33:00+00:00,305.62,306.13,305.55,305.82,698
2026-03-24T13:36:00+00:00,305.82,306.11,305.27000000000004,305.85,804
2026-03-24T13:39:00+00:00,305.85,305.93,304.33000000000004,304.34000000000003,834
2026-03-24T13:42:00+00:00,304.34000000000003,304.71000000000004,303.67,303.91,847
2026-03-24T13:45:00+00:00,303.91,304.56,303.78000000000003,304.41,912
2026-03-24T13:48:00+00:00,304.41,304.49,303.33000000000004,303.38,967
2026-03-24T13:51:00+00:00,303.38,304.3,303.25,304.19,1409
2026-03-24T13:54:00+00:00,304.19,304.19,303.55,304.06,1617
2026-03-24T13:57:00+00:00,304.06,304.55,303.96000000000004,304.27000000000004,1359
2026-03-24T14:00:00+00:00,304.27000000000004,304.92,304.06,304.27000000000004,1128
2026-03-24T14:03:00+00:00,304.27000000000004,304.59000000000003,303.88,303.88,1061
2026-03-24T14:06:00+00:00,303.88,304.44,303.71000000000004,304.28000000000003,1088
2026-03-24T14:09:00+00:00,304.28000000000003,304.39000000000004,303.69,303.85,1006
2026-03-24T14:12:00+00:00,303.85,303.86,302.95,303.1,1275
2026-03-24T14:15:00+00:00,303.1,303.33000000000004,302.76,303.02000000000004,1191
2026-03-24T14:18:00+00:00,303.02000000000004,303.37,302.89000000000004,303.21000000000004,1236
2026-03-24T14:21:00+00:00,303.21000000000004,303.44,302.35,302.42,1149
2026-03-24T14:24:00+00:00,302.42,302.59000000000003,301.98,302.46000000000004,1003
2026-03-24T14:27:00+00:00,302.46000000000004,302.81,302.03000000000003,302.07,1025
2026-03-24T14:30:00+00:00,302.07,302.26,301.75,302.05,1067
2026-03-24T14:33:00+00:00,302.05,302.52000000000004,302.05,302.31,901
2026-03-24T14:36:00+00:00,302.31,302.31,301.82,302.12,1284
2026-03-24T14:39:00+00:00,302.12,302.72,301.99,302.56,966
2026-03-24T14:42:00+00:00,302.56,302.66,302.34000000000003,302.56,898
2026-03-24T14:45:00+00:00,302.56,302.82,302.17,302.63,1044
2026-03-24T14:48:00+00:00,302.63,302.75,302.26,302.56,1002
2026-03-24T14:51:00+00:00,302.56,303.43,302.39000000000004,303.1,1481
2026-03-24T14:54:00+00:00,303.1,303.29,302.56,303.16,1040
2026-03-24T14:57:00+00:00,303.16,303.38,301.63,301.98,1184
2026-03-24T15:00:00+00:00,301.98,303.01,301.94,302.46000000000004,1064
2026-03-24T15:03:00+00:00,302.46000000000004,302.86,302.25,302.57,1088
2026-03-24T15:06:00+00:00,302.57,302.74,302.09000000000003,302.26,996
2026-03-24T15:09:00+00:00,302.26,302.5,302.05,302.31,916
2026-03-24T15:12:00+00:00,302.31,302.64000000000004,302.29,302.48,767
2026-03-24T15:15:00+00:00,302.48,302.86,302.42,302.46000000000004,776
2026-03-24T15:18:00+00:00,302.46000000000004,302.67,301.67,301.91,793
2026-03-24T15:21:00+00:00,301.91,302.14000000000004,301.71000000000004,301.95,713
2026-03-24T15:24:00+00:00,301.95,302.67,301.93,302.45,591
2026-03-24T15:27:00+00:00,302.45,302.45,301.77000000000004,301.96000000000004,476
2026-03-24T15:30:00+00:00,301.96000000000004,302,300.90000000000003,301.13,605
2026-03-24T15:33:00+00:00,301.13,301.69,300.97,301.57,654
2026-03-24T15:36:00+00:00,301.57,302.1,301.57,302.05,514
2026-03-24T15:39:00+00:00,302.05,302.34000000000003,302.01,302.14000000000004,516
2026-03-24T15:42:00+00:00,302.14000000000004,302.35,302.07,302.2,541
2026-03-24T15:45:00+00:00,302.2,302.41,302.11,302.19,493
2026-03-24T15:48:00+00:00,302.19,302.8,302.12,302.5,577
2026-03-24T15:51:00+00:00,302.5,302.63,302.22,302.27000000000004,487
2026-03-24T15:54:00+00:00,302.27000000000004,302.40000000000003,301.74,301.78000000000003,661
2026-03-24T15:57:00+00:00,301.78000000000003,301.91,301.56,301.72,629
2026-03-24T16:00:00+00:00,301.72,301.8,301.38,301.45,725
2026-03-24T16:03:00+00:00,301.45,301.52000000000004,300.36,300.36,745
2026-03-24T16:06:00+00:00,300.36,300.6,300.18,300.32,641
2026-03-24T16:09:00+00:00,300.32,300.51,299.55,299.56,712
2026-03-24T16:12:00+00:00,299.56,299.71000000000004,299.05,299.57,876
2026-03-24T16:15:00+00:00,299.57,300.3,299.45,300.05,761
2026-03-24T16:18:00+00:00,300.05,300.08000000000004,299.75,299.96000000000004,608
2026-03-24T16:21:00+00:00,299.96000000000004,300.21000000000004,299.68,300.12,658
2026-03-24T16:24:00+00:00,300.12,300.13,299.58000000000004,299.94,828
2026-03-24T16:27:00+00:00,299.94,300.53000000000003,299.76,300.37,693
2026-03-24T16:30:00+00:00,300.37,300.42,300.15000000000003,300.3,616
2026-03-24T16:33:00+00:00,300.3,300.48,299.65000000000003,299.86,641
2026-03-24T16:36:00+00:00,299.86,300.01,299.52000000000004,299.65000000000003,638
2026-03-24T16:39:00+00:00,299.65000000000003,299.95,299.45,299.95,685
2026-03-24T16:42:00+00:00,299.95,300.03000000000003,299.77000000000004,299.99,643
2026-03-24T16:45:00+00:00,299.99,300.38,299.95,300.09000000000003,540
2026-03-24T16:48:00+00:00,300.09000000000003,300.15000000000003,299.89000000000004,300.1,472
2026-03-24T16:51:00+00:00,300.1,300.29,300.06,300.16,462
2026-03-24T16:54:00+00:00,300.16,300.17,299.66,300.04,692
2026-03-24T16:57:00+00:00,300.04,300.3,300.03000000000003,300.13,550
2026-03-24T17:00:00+00:00,300.13,300.31,299.95,300.06,553
2026-03-24T17:03:00+00:00,300.06,300.12,298.76,298.94,810
2026-03-24T17:06:00+00:00,298.94,299.36,298.94,299.05,889
2026-03-24T17:09:00+00:00,299.05,299.24,298.81,299.03000000000003,761
2026-03-24T17:12:00+00:00,299.03000000000003,299.31,298.86,299.22,644
2026-03-24T17:15:00+00:00,299.22,299.33000000000004,298.96000000000004,299.11,679
2026-03-24T17:18:00+00:00,299.11,299.34000000000003,299.06,299.2,633
2026-03-24T17:21:00+00:00,299.2,299.27000000000004,298.96000000000004,299.11,546
2026-03-24T17:24:00+00:00,299.11,299.26,298.65000000000003,298.72,591
2026-03-24T17:27:00+00:00,298.72,299.28000000000003,298.72,299.26,620
2026-03-24T17:30:00+00:00,299.26,299.52000000000004,299.21000000000004,299.33000000000004,620
2026-03-24T17:33:00+00:00,299.33000000000004,299.42,299.05,299.24,491
2026-03-24T17:36:00+00:00,299.24,299.43,299.17,299.21000000000004,513
2026-03-24T17:39:00+00:00,299.21000000000004,299.6,299.13,299.43,450
2026-03-24T17:42:00+00:00,299.43,299.43,299.05,299.14000000000004,440
2026-03-24T17:45:00+00:00,299.14000000000004,299.21000000000004,299.06,299.16,433
2026-03-24T17:48:00+00:00,299.16,299.27000000000004,298.97,299.07,464
2026-03-24T17:51:00+00:00,299.07,299.48,299.06,299.35,642
2026-03-24T17:54:00+00:00,299.35,300.15000000000003,299.25,299.95,1064
2026-03-24T17:57:00+00:00,299.95,300.08000000000004,299.57,300.02000000000004,805
2026-03-24T18:00:00+00:00,300.02000000000004,300.55,299.96000000000004,300.23,765
2026-03-24T18:03:00+00:00,300.23,300.28000000000003,299.69,299.89000000000004,684
2026-03-24T18:06:00+00:00,299.89000000000004,300,299.65000000000003,299.68,621
2026-03-24T18:09:00+00:00,299.68,300.01,299.68,299.96000000000004,529
2026-03-24T18:12:00+00:00,299.96000000000004,300.04,299.85,299.91,431
2026-03-24T18:15:00+00:00,299.91,299.96000000000004,299.6,299.61,563
2026-03-24T18:18:00+00:00,299.61,300.1,299.45,299.95,759
2026-03-24T18:21:00+00:00,299.95,300.02000000000004,299.55,299.65000000000003,647
2026-03-24T18:24:00+00:00,299.65000000000003,300.03000000000003,299.58000000000004,299.90000000000003,535
2026-03-24T18:27:00+00:00,299.90000000000003,300.21000000000004,299.79,300.05,708
2026-03-24T18:30:00+00:00,300.05,300.46000000000004,299.79,300.33000000000004,612
2026-03-24T18:33:00+00:00,300.33000000000004,300.47,300.14000000000004,300.40000000000003,524
2026-03-24T18:36:00+00:00,300.40000000000003,300.77000000000004,300.35,300.74,578
2026-03-24T18:39:00+00:00,300.74,300.89000000000004,300.42,300.45,745
2026-03-24T18:42:00+00:00,300.45,300.57,300.06,300.44,717
2026-03-24T18:45:00+00:00,300.44,300.54,299.96000000000004,299.96000000000004,531
2026-03-24T18:48:00+00:00,299.96000000000004,300.08000000000004,299.56,299.63,651
2026-03-24T18:51:00+00:00,299.63,300.05,299.52000000000004,299.75,623
2026-03-24T18:54:00+00:00,299.75,299.95,299.57,299.73,526
2026-03-24T18:57:00+00:00,299.73,299.87,299.64000000000004,299.82,436
2026-03-24T19:00:00+00:00,299.82,300.40000000000003,299.79,300.1,597
2026-03-24T19:03:00+00:00,300.1,300.3,299.95,300.02000000000004,430
2026-03-24T19:06:00+00:00,300.02000000000004,300.16,299.87,300,351
2026-03-24T19:09:00+00:00,300,300.14000000000004,299.85,300.06,467
2026-03-24T19:12:00+00:00,300.06,300.18,299.96000000000004,300.07,441
2026-03-24T19:15:00+00:00,300.07,300.24,299.87,299.93,424
2026-03-24T19:18:00+00:00,299.93,300.05,299.64000000000004,299.73,429
2026-03-24T19:21:00+00:00,299.73,299.84000000000003,299.62,299.78000000000003,485
2026-03-24T19:24:00+00:00,299.78000000000003,299.90000000000003,299.66,299.69,456
2026-03-24T19:27:00+00:00,299.69,299.72,298.71000000000004,298.72,511
2026-03-24T19:30:00+00:00,298.72,298.86,298.51,298.75,551
2026-03-24T19:33:00+00:00,298.75,298.77000000000004,298.06,298.18,535
2026-03-24T19:36:00+00:00,298.18,298.58000000000004,298.07,298.39000000000004,562
2026-03-24T19:39:00+00:00,298.39000000000004,298.65000000000003,298.2,298.47,560
2026-03-24T19:42:00+00:00,298.47,298.62,298.31,298.35,507
2026-03-24T19:45:00+00:00,298.35,298.39000000000004,297.90000000000003,298.1,629
2026-03-24T19:48:00+00:00,298.1,298.38,297.89000000000004,298.26,807
2026-03-24T19:51:00+00:00,298.26,298.62,298.24,298.43,755
2026-03-24T19:54:00+00:00,298.43,298.78000000000003,298.23,298.76,1013
2026-03-24T19:57:00+00:00,298.76,298.8,298.01,298.21000000000004,1123
2026-03-25T13:30:00+00:00,298.21000000000004,302.08000000000004,298.21000000000004,302.03000000000003,868
2026-03-25T13:33:00+00:00,302.03000000000003,302.81,301.56,302.55,874
2026-03-25T13:36:00+00:00,302.55,303.68,302.25,303.2,1058
2026-03-25T13:39:00+00:00,303.2,303.39000000000004,301.67,302.11,1236
2026-03-25T13:42:00+00:00,302.11,302.27000000000004,301.19,301.24,1137
2026-03-25T13:45:00+00:00,301.24,301.37,300.56,300.83000000000004,1400
2026-03-25T13:48:00+00:00,300.83000000000004,301.02000000000004,300.05,300.07,1547
2026-03-25T13:51:00+00:00,300.07,300.68,299.96000000000004,300.45,1376
2026-03-25T13:54:00+00:00,300.45,300.45,299.93,299.93,1329
2026-03-25T13:57:00+00:00,299.93,300.07,299.15000000000003,299.29,1301
2026-03-25T14:00:00+00:00,299.29,299.48,298.46000000000004,299.21000000000004,1444
2026-03-25T14:03:00+00:00,299.21000000000004,299.33000000000004,298.31,298.92,1311
2026-03-25T14:06:00+00:00,298.92,299.2,298.15000000000003,298.18,1344
2026-03-25T14:09:00+00:00,298.18,298.67,297.88,298.53000000000003,1201
2026-03-25T14:12:00+00:00,298.53000000000003,299.18,298.42,299.15000000000003,1114
2026-03-25T14:15:00+00:00,299.15000000000003,299.23,298.52000000000004,298.73,898
2026-03-25T14:18:00+00:00,298.73,298.86,298.06,298.53000000000003,1053
2026-03-25T14:21:00+00:00,298.53000000000003,299.17,298.38,299.03000000000003,1193
2026-03-25T14:24:00+00:00,299.03000000000003,299.14000000000004,298.16,298.45,1556
2026-03-25T14:27:00+00:00,298.45,298.98,298.40000000000003,298.64000000000004,995
2026-03-25T14:30:00+00:00,298.64000000000004,298.87,298.31,298.66,1132
2026-03-25T14:33:00+00:00,298.66,298.95,298.53000000000003,298.84000000000003,990
2026-03-25T14:36:00+00:00,298.84000000000003,299.06,298.59000000000003,298.79,954
2026-03-25T14:39:00+00:00,298.79,299.54,298.65000000000003,299.41,957
2026-03-25T14:42:00+00:00,299.41,299.71000000000004,299.19,299.49,945
2026-03-25T14:45:00+00:00,299.49,299.85,299.36,299.53000000000003,898
2026-03-25T14:48:00+00:00,299.53000000000003,299.91,299.16,299.59000000000003,874
2026-03-25T14:51:00+00:00,299.59000000000003,299.67,299.05,299.05,841
2026-03-25T14:54:00+00:00,299.05,299.36,298.76,299.14000000000004,860
2026-03-25T14:57:00+00:00,299.14000000000004,299.32,298.95,299.07,803
2026-03-25T15:00:00+00:00,299.07,299.28000000000003,298.8,299.19,791
2026-03-25T15:03:00+00:00,299.19,299.56,299.06,299.33000000000004,720
2026-03-25T15:06:00+00:00,299.33000000000004,299.45,298.94,299.33000000000004,872
2026-03-25T15:09:00+00:00,299.33000000000004,299.44,298.81,298.82,880
2026-03-25T15:12:00+00:00,298.82,298.89000000000004,298.55,298.63,778
2026-03-25T15:15:00+00:00,298.63,298.64000000000004,297.08000000000004,297.27000000000004,1379
2026-03-25T15:18:00+00:00,297.27000000000004,297.95,297.16,297.61,1347
2026-03-25T15:21:00+00:00,297.61,298.15000000000003,297.61,298.04,1006
2026-03-25T15:24:00+00:00,298.04,298.61,298,298.1,1023
2026-03-25T15:27:00+00:00,298.1,298.85,297.97,298.78000000000003,966
2026-03-25T15:30:00+00:00,298.78000000000003,299.02000000000004,298.63,298.67,771
2026-03-25T15:33:00+00:00,298.67,298.76,297.98,298.15000000000003,802
2026-03-25T15:36:00+00:00,298.15000000000003,298.27000000000004,297.59000000000003,297.82,824
2026-03-25T15:39:00+00:00,297.82,297.92,297.45,297.52000000000004,725
2026-03-25T15:42:00+00:00,297.52000000000004,297.63,297.2,297.44,864
2026-03-25T15:45:00+00:00,297.44,297.59000000000003,297.16,297.35,617
2026-03-25T15:48:00+00:00,297.35,297.7,297.21000000000004,297.6,659
2026-03-25T15:51:00+00:00,297.6,297.69,297.29,297.55,703
2026-03-25T15:54:00+00:00,297.55,298.21000000000004,297.54,298.09000000000003,954
2026-03-25T15:57:00+00:00,298.09000000000003,298.18,297.74,298.11,742
2026-03-25T16:00:00+00:00,298.11,298.18,297.76,297.96000000000004,969
2026-03-25T16:03:00+00:00,297.96000000000004,298.04,297.59000000000003,297.8,743
2026-03-25T16:06:00+00:00,297.8,298.17,297.72,298.09000000000003,839
2026-03-25T16:09:00+00:00,298.09000000000003,298.26,297.86,297.93,734
2026-03-25T16:12:00+00:00,297.93,298.18,297.87,298.13,621
2026-03-25T16:15:00+00:00,298.13,298.25,297.8,297.94,631
2026-03-25T16:18:00+00:00,297.94,298.13,297.83000000000004,297.99,663
2026-03-25T16:21:00+00:00,297.99,298.38,297.82,298.31,755
2026-03-25T16:24:00+00:00,298.31,298.83000000000004,298.19,298.74,1087
2026-03-25T16:27:00+00:00,298.74,298.83000000000004,298.55,298.7,790
2026-03-25T16:30:00+00:00,298.7,298.94,298.49,298.91,800
2026-03-25T16:33:00+00:00,298.91,299.01,298.6,298.72,686
2026-03-25T16:36:00+00:00,298.72,298.84000000000003,298.32,298.46000000000004,578
2026-03-25T16:39:00+00:00,298.46000000000004,298.57,298.3,298.36,683
2026-03-25T16:42:00+00:00,298.36,298.40000000000003,298.09000000000003,298.23,526
2026-03-25T16:45:00+00:00,298.23,298.37,298.14000000000004,298.31,522
2026-03-25T16:48:00+00:00,298.31,298.52000000000004,298.11,298.18,544
2026-03-25T16:51:00+00:00,298.18,298.26,297.99,298.16,615
2026-03-25T16:54:00+00:00,298.16,298.36,298.16,298.21000000000004,533
2026-03-25T16:57:00+00:00,298.21000000000004,298.28000000000003,298.06,298.21000000000004,457
2026-03-25T17:00:00+00:00,298.21000000000004,298.52000000000004,298.15000000000003,298.34000000000003,593
2026-03-25T17:03:00+00:00,298.34000000000003,298.49,298.06,298.15000000000003,738
2026-03-25T17:06:00+00:00,298.15000000000003,298.39000000000004,297.96000000000004,298.02000000000004,591
2026-03-25T17:09:00+00:00,298.02000000000004,298.35,297.72,298.25,560
2026-03-25T17:12:00+00:00,298.25,298.40000000000003,297.97,298.07,662
2026-03-25T17:15:00+00:00,298.07,298.1,297.63,298.07,611
2026-03-25T17:18:00+00:00,298.07,298.15000000000003,297.81,297.89000000000004,680
2026-03-25T17:21:00+00:00,297.89000000000004,298.37,297.89000000000004,298.23,583
2026-03-25T17:24:00+00:00,298.23,298.37,298.09000000000003,298.23,550
2026-03-25T17:27:00+00:00,298.23,298.51,298.18,298.22,504
2026-03-25T17:30:00+00:00,298.22,298.38,298.05,298.36,546
2026-03-25T17:33:00+00:00,298.36,298.76,298.32,298.62,505
2026-03-25T17:36:00+00:00,298.62,298.74,298.49,298.7,511
2026-03-25T17:39:00+00:00,298.7,298.83000000000004,298.57,298.66,578
2026-03-25T17:42:00+00:00,298.66,299.07,298.53000000000003,298.75,734
2026-03-25T17:45:00+00:00,298.75,298.81,298.37,298.49,664
2026-03-25T17:48:00+00:00,298.49,298.54,297.89000000000004,297.99,661
2026-03-25T17:51:00+00:00,297.99,298.16,297.8,298.02000000000004,704
2026-03-25T17:54:00+00:00,298.02000000000004,298.14000000000004,297.8,298.09000000000003,624
2026-03-25T17:57:00+00:00,298.09000000000003,298.45,297.99,298.29,714
2026-03-25T18:00:00+00:00,298.29,298.47,298.16,298.18,611
2026-03-25T18:03:00+00:00,298.18,298.18,297.8,298.09000000000003,542
2026-03-25T18:06:00+00:00,298.09000000000003,298.1,297.45,297.49,612
2026-03-25T18:09:00+00:00,297.49,297.75,297.43,297.53000000000003,578
2026-03-25T18:12:00+00:00,297.53000000000003,297.58000000000004,297.41,297.44,466
2026-03-25T18:15:00+00:00,297.44,297.67,297.33000000000004,297.57,459
2026-03-25T18:18:00+00:00,297.57,297.61,297.32,297.53000000000003,526
2026-03-25T18:21:00+00:00,297.53000000000003,297.64000000000004,297.32,297.33000000000004,478
2026-03-25T18:24:00+00:00,297.33000000000004,297.43,297.2,297.28000000000003,487
2026-03-25T18:27:00+00:00,297.28000000000003,297.33000000000004,297.08000000000004,297.21000000000004,564
2026-03-25T18:30:00+00:00,297.21000000000004,297.38,297.08000000000004,297.25,521
2026-03-25T18:33:00+00:00,297.25,297.35,297.17,297.26,392
2026-03-25T18:36:00+00:00,297.26,297.37,297.1,297.24,474
2026-03-25T18:39:00+00:00,297.24,297.40000000000003,297.14000000000004,297.21000000000004,432
2026-03-25T18:42:00+00:00,297.21000000000004,297.45,297.03000000000003,297.33000000000004,475
2026-03-25T18:45:00+00:00,297.33000000000004,297.46000000000004,297.22,297.29,459
2026-03-25T18:48:00+00:00,297.29,297.32,297.1,297.14000000000004,431
2026-03-25T18:51:00+00:00,297.14000000000004,297.17,296.97,297,449
2026-03-25T18:54:00+00:00,297,297.05,296.38,296.55,860
2026-03-25T18:57:00+00:00,296.55,296.98,296.55,296.96000000000004,646
2026-03-25T19:00:00+00:00,296.96000000000004,296.97,296.72,296.8,644
2026-03-25T19:03:00+00:00,296.8,297.06,296.59000000000003,296.93,607
2026-03-25T19:06:00+00:00,296.93,297.03000000000003,296.72,296.84000000000003,516
2026-03-25T19:09:00+00:00,296.84000000000003,297.1,296.83000000000004,296.92,509
2026-03-25T19:12:00+00:00,296.92,297.40000000000003,296.72,297.35,588
2026-03-25T19:15:00+00:00,297.35,297.58000000000004,297.3,297.39000000000004,496
2026-03-25T19:18:00+00:00,297.39000000000004,297.62,297.13,297.52000000000004,606
2026-03-25T19:21:00+00:00,297.52000000000004,297.61,297.26,297.53000000000003,355
2026-03-25T19:24:00+00:00,297.53000000000003,297.58000000000004,297.25,297.25,377
2026-03-25T19:27:00+00:00,297.25,297.45,297.24,297.43,412
2026-03-25T19:30:00+00:00,297.43,297.47,297.19,297.31,477
2026-03-25T19:33:00+00:00,297.31,297.66,297.23,297.41,396
2026-03-25T19:36:00+00:00,297.41,297.48,297.23,297.26,399
2026-03-25T19:39:00+00:00,297.26,297.53000000000003,297.23,297.43,503
2026-03-25T19:42:00+00:00,297.43,297.59000000000003,297.33000000000004,297.46000000000004,448
2026-03-25T19:45:00+00:00,297.46000000000004,297.61,297.3,297.42,480
2026-03-25T19:48:00+00:00,297.42,297.95,297.35,297.90000000000003,587
2026-03-25T19:51:00+00:00,297.90000000000003,298.29,297.58000000000004,298.27000000000004,686
2026-03-25T19:54:00+00:00,298.27000000000004,298.71000000000004,298.02000000000004,298.71000000000004,960
2026-03-25T19:57:00+00:00,298.71000000000004,298.72,298.23,298.59000000000003,1116
2026-03-26T13:30:00+00:00,298.59000000000003,298.59000000000003,292.27000000000004,293.72,782
2026-03-26T13:33:00+00:00,293.72,293.93,292.85,292.97,865
2026-03-26T13:36:00+00:00,292.97,293.5,292.62,292.72,1332
2026-03-26T13:39:00+00:00,292.72,293.62,291.97,293.06,1497
2026-03-26T13:42:00+00:00,293.06,293.89000000000004,292.86,293.84000000000003,1491
2026-03-26T13:45:00+00:00,293.84000000000003,294.78000000000003,293.49,294.67,1649
2026-03-26T13:48:00+00:00,294.67,294.84000000000003,294.1,294.19,1270
2026-03-26T13:51:00+00:00,294.19,294.65000000000003,294.1,294.49,1226
2026-03-26T13:54:00+00:00,294.49,294.86,294.18,294.35,1065
2026-03-26T13:57:00+00:00,294.35,294.55,293.56,294.31,1262
2026-03-26T14:00:00+00:00,294.31,294.82,294.12,294.59000000000003,1046
2026-03-26T14:03:00+00:00,294.59000000000003,294.76,293.8,294.5,1135
2026-03-26T14:06:00+00:00,294.5,295.29,294.05,294.25,1155
2026-03-26T14:09:00+00:00,294.25,294.61,294.11,294.44,891
2026-03-26T14:12:00+00:00,294.44,294.84000000000003,294.34000000000003,294.78000000000003,960
2026-03-26T14:15:00+00:00,294.78000000000003,295.18,294.66,294.86,1039
2026-03-26T14:18:00+00:00,294.86,294.95,294.17,294.36,1134
2026-03-26T14:21:00+00:00,294.36,294.64000000000004,294.12,294.23,970
2026-03-26T14:24:00+00:00,294.23,294.38,293.96000000000004,294.18,857
2026-03-26T14:27:00+00:00,294.18,294.51,293.90000000000003,293.91,839
2026-03-26T14:30:00+00:00,293.91,295.01,293.86,294.91,912
2026-03-26T14:33:00+00:00,294.91,295,294.44,294.85,991
2026-03-26T14:36:00+00:00,294.85,294.99,294.62,294.77000000000004,908
2026-03-26T14:39:00+00:00,294.77000000000004,295.55,294.74,295.2,1280
2026-03-26T14:42:00+00:00,295.2,295.34000000000003,294.23,294.52000000000004,1103
2026-03-26T14:45:00+00:00,294.52000000000004,294.64000000000004,294.04,294.05,1299
2026-03-26T14:48:00+00:00,294.05,294.66,294.04,294.43,1133
2026-03-26T14:51:00+00:00,294.43,294.91,294.35,294.36,955
2026-03-26T14:54:00+00:00,294.36,294.44,293.63,294.07,1071
2026-03-26T14:57:00+00:00,294.07,294.45,293.79,294.17,1016
2026-03-26T15:00:00+00:00,294.17,294.32,293.66,294.03000000000003,925
2026-03-26T15:03:00+00:00,294.03000000000003,294.36,293.83000000000004,294.05,980
2026-03-26T15:06:00+00:00,294.05,294.07,293.51,293.57,969
2026-03-26T15:09:00+00:00,293.57,293.93,293.51,293.67,753
2026-03-26T15:12:00+00:00,293.67,294.03000000000003,293.6,293.73,674
2026-03-26T15:15:00+00:00,293.73,293.82,293.11,293.22,650
2026-03-26T15:18:00+00:00,293.22,293.46000000000004,293.14000000000004,293.43,652
2026-03-26T15:21:00+00:00,293.43,293.64000000000004,293.15000000000003,293.34000000000003,674
2026-03-26T15:24:00+00:00,293.34000000000003,293.6,293.27000000000004,293.43,654
2026-03-26T15:27:00+00:00,293.43,293.7,293.16,293.59000000000003,669
2026-03-26T15:30:00+00:00,293.59000000000003,293.59000000000003,293.1,293.19,593
2026-03-26T15:33:00+00:00,293.19,293.28000000000003,293.01,293.14000000000004,596
2026-03-26T15:36:00+00:00,293.14000000000004,293.23,292.71000000000004,292.87,646
2026-03-26T15:39:00+00:00,292.87,293.17,292.65000000000003,292.96000000000004,705
2026-03-26T15:42:00+00:00,292.96000000000004,293.23,292.87,293.08000000000004,547
2026-03-26T15:45:00+00:00,293.08000000000004,293.59000000000003,292.93,293.34000000000003,1051
2026-03-26T15:48:00+00:00,293.34000000000003,293.68,292.92,293.06,751
2026-03-26T15:51:00+00:00,293.06,293.44,293.05,293.33000000000004,632
2026-03-26T15:54:00+00:00,293.33000000000004,293.47,292.71000000000004,292.75,713
2026-03-26T15:57:00+00:00,292.75,292.95,292.72,292.92,669
2026-03-26T16:00:00+00:00,292.92,293.2,292.7,292.79,604
2026-03-26T16:03:00+00:00,292.79,292.81,292.52000000000004,292.65000000000003,593
2026-03-26T16:06:00+00:00,292.65000000000003,292.8,292.48,292.73,581
2026-03-26T16:09:00+00:00,292.73,292.79,292.3,292.33000000000004,578
2026-03-26T16:12:00+00:00,292.33000000000004,292.95,292.32,292.79,594
2026-03-26T16:15:00+00:00,292.79,292.81,292.24,292.28000000000003,738
2026-03-26T16:18:00+00:00,292.28000000000003,292.86,292.28000000000003,292.67,698
2026-03-26T16:21:00+00:00,292.67,292.75,292.3,292.48,646
2026-03-26T16:24:00+00:00,292.48,292.8,292.44,292.71000000000004,790
2026-03-26T16:27:00+00:00,292.71000000000004,292.74,292.3,292.35,672
2026-03-26T16:30:00+00:00,292.35,292.43,292.07,292.09000000000003,695
2026-03-26T16:33:00+00:00,292.09000000000003,292.74,292.01,292.53000000000003,715
2026-03-26T16:36:00+00:00,292.53000000000003,292.78000000000003,292.41,292.45,622
2026-03-26T16:39:00+00:00,292.45,292.54,292.15000000000003,292.46000000000004,638
2026-03-26T16:42:00+00:00,292.46000000000004,292.48,292.14000000000004,292.27000000000004,706
2026-03-26T16:45:00+00:00,292.27000000000004,292.38,291.64000000000004,291.89000000000004,850
2026-03-26T16:48:00+00:00,291.89000000000004,291.99,291.63,291.81,682
2026-03-26T16:51:00+00:00,291.81,292.22,291.81,292.14000000000004,689
2026-03-26T16:54:00+00:00,292.14000000000004,292.61,292.14000000000004,292.52000000000004,588
2026-03-26T16:57:00+00:00,292.52000000000004,292.55,292.13,292.26,552
2026-03-26T17:00:00+00:00,292.26,292.52000000000004,292.08000000000004,292.22,653
2026-03-26T17:03:00+00:00,292.22,292.28000000000003,291.82,292.02000000000004,550
2026-03-26T17:06:00+00:00,292.02000000000004,292.05,291.71000000000004,292,608
2026-03-26T17:09:00+00:00,292,292.03000000000003,291.67,291.69,520
2026-03-26T17:12:00+00:00,291.69,291.71000000000004,291.41,291.48,602
2026-03-26T17:15:00+00:00,291.48,291.76,291.36,291.68,569
2026-03-26T17:18:00+00:00,291.68,291.85,291.45,291.58000000000004,614
2026-03-26T17:21:00+00:00,291.58000000000004,291.69,291.27000000000004,291.35,645
2026-03-26T17:24:00+00:00,291.35,291.41,291.16,291.18,603
2026-03-26T17:27:00+00:00,291.18,291.21000000000004,290.95,291.18,620
2026-03-26T17:30:00+00:00,291.18,291.47,291.02000000000004,291.26,672
2026-03-26T17:33:00+00:00,291.26,291.48,291.16,291.34000000000003,567
2026-03-26T17:36:00+00:00,291.34000000000003,291.59000000000003,291.28000000000003,291.5,627
2026-03-26T17:39:00+00:00,291.5,291.52000000000004,291.22,291.29,606
2026-03-26T17:42:00+00:00,291.29,291.36,291.06,291.15000000000003,836
2026-03-26T17:45:00+00:00,291.15000000000003,291.17,290.90000000000003,290.95,809
2026-03-26T17:48:00+00:00,290.95,291.12,290.8,290.89000000000004,793
2026-03-26T17:51:00+00:00,290.89000000000004,291.19,290.83000000000004,290.96000000000004,640
2026-03-26T17:54:00+00:00,290.96000000000004,291,290.65000000000003,290.65000000000003,700
2026-03-26T17:57:00+00:00,290.65000000000003,290.78000000000003,290.40000000000003,290.52000000000004,781
2026-03-26T18:00:00+00:00,290.52000000000004,290.89000000000004,290.35,290.62,861
2026-03-26T18:03:00+00:00,290.62,290.68,290.24,290.45,679
2026-03-26T18:06:00+00:00,290.45,290.47,288.15000000000003,289.91,1312
2026-03-26T18:09:00+00:00,289.91,290.13,288.8,288.95,868
2026-03-26T18:12:00+00:00,288.95,289.14000000000004,288.1,288.36,1038
2026-03-26T18:15:00+00:00,288.36,288.99,288.25,288.6,881
2026-03-26T18:18:00+00:00,288.6,289.32,288.37,289.17,797
2026-03-26T18:21:00+00:00,289.17,289.81,289.17,289.46000000000004,802
2026-03-26T18:24:00+00:00,289.46000000000004,289.58000000000004,289.15000000000003,289.37,686
2026-03-26T18:27:00+00:00,289.37,289.44,288.90000000000003,289.44,656
2026-03-26T18:30:00+00:00,289.44,290.17,289.41,290.06,710
2026-03-26T18:33:00+00:00,290.06,290.21000000000004,289.79,289.8,601
2026-03-26T18:36:00+00:00,289.8,290.31,289.77000000000004,289.83000000000004,580
2026-03-26T18:39:00+00:00,289.83000000000004,290.01,289.59000000000003,289.63,500
2026-03-26T18:42:00+00:00,289.63,289.8,289.32,289.76,474
2026-03-26T18:45:00+00:00,289.76,290.40000000000003,289.63,290.17,541
2026-03-26T18:48:00+00:00,290.17,290.24,289.73,290.08000000000004,524
2026-03-26T18:51:00+00:00,290.08000000000004,290.45,290,290.44,567
2026-03-26T18:54:00+00:00,290.44,290.53000000000003,290.05,290.3,476
2026-03-26T18:57:00+00:00,290.3,290.43,290.15000000000003,290.23,365
2026-03-26T19:00:00+00:00,290.23,290.26,289.73,289.97,503
2026-03-26T19:03:00+00:00,289.97,289.97,289.2,289.35,514
2026-03-26T19:06:00+00:00,289.35,289.42,289.05,289.21000000000004,501
2026-03-26T19:09:00+00:00,289.21000000000004,289.58000000000004,289.17,289.58000000000004,457
2026-03-26T19:12:00+00:00,289.58000000000004,289.90000000000003,289.47,289.87,432
2026-03-26T19:15:00+00:00,289.87,289.97,289.66,289.8,444
2026-03-26T19:18:00+00:00,289.8,289.99,289.71000000000004,289.81,306
2026-03-26T19:21:00+00:00,289.81,290.21000000000004,289.77000000000004,290.16,374
2026-03-26T19:24:00+00:00,290.16,290.29,289.90000000000003,289.97,417
2026-03-26T19:27:00+00:00,289.97,290.17,289.88,290.15000000000003,342
2026-03-26T19:30:00+00:00,290.15000000000003,290.18,289.36,289.47,482
2026-03-26T19:33:00+00:00,289.47,289.79,289.27000000000004,289.66,513
2026-03-26T19:36:00+00:00,289.66,289.95,289.58000000000004,289.67,540
2026-03-26T19:39:00+00:00,289.67,289.82,289.41,289.48,599
2026-03-26T19:42:00+00:00,289.48,289.6,289.02000000000004,289.1,691
2026-03-26T19:45:00+00:00,289.1,289.16,288.87,289.11,695
2026-03-26T19:48:00+00:00,289.11,289.68,289.06,289.66,790
2026-03-26T19:51:00+00:00,289.66,290.09000000000003,289.21000000000004,289.88,1041
2026-03-26T19:54:00+00:00,289.88,290.44,289.21000000000004,290.44,1252
2026-03-26T19:57:00+00:00,290.44,290.45,289.54,289.81,1245
2026-03-27T13:30:00+00:00,289.81,289.81,286.11,286.7,740
2026-03-27T13:33:00+00:00,286.7,286.87,284.95,284.96000000000004,719
2026-03-27T13:36:00+00:00,284.96000000000004,285.34000000000003,284.3,284.58000000000004,1020
2026-03-27T13:39:00+00:00,284.58000000000004,285.66,283.93,285.11,1143
2026-03-27T13:42:00+00:00,285.11,286.12,284.40000000000003,285.99,1297
2026-03-27T13:45:00+00:00,285.99,286.74,285.92,286.24,1475
2026-03-27T13:48:00+00:00,286.24,286.73,286.06,286.1,1479
2026-03-27T13:51:00+00:00,286.1,286.29,285.57,285.95,1264
2026-03-27T13:54:00+00:00,285.95,286.23,285.72,285.99,1333
2026-03-27T13:57:00+00:00,285.99,286.01,285.3,285.42,1088
2026-03-27T14:00:00+00:00,285.42,286.38,285.25,286.14000000000004,1430
2026-03-27T14:03:00+00:00,286.14000000000004,286.38,285.84000000000003,286.15000000000003,1207
2026-03-27T14:06:00+00:00,286.15000000000003,286.53000000000003,286.05,286.13,1230
2026-03-27T14:09:00+00:00,286.13,286.57,285.94,286.26,1156
2026-03-27T14:12:00+00:00,286.26,287.18,286.26,286.69,1187
2026-03-27T14:15:00+00:00,286.69,287.71000000000004,286.65000000000003,287.38,1088
2026-03-27T14:18:00+00:00,287.38,287.6,286.96000000000004,287.56,903
2026-03-27T14:21:00+00:00,287.56,287.58000000000004,286.7,286.85,1003
2026-03-27T14:24:00+00:00,286.85,287.21000000000004,286.69,286.89000000000004,1070
2026-03-27T14:27:00+00:00,286.89000000000004,287.06,286.58000000000004,286.69,908
2026-03-27T14:30:00+00:00,286.69,287.09000000000003,286.18,286.31,1003
2026-03-27T14:33:00+00:00,286.31,286.75,286.16,286.53000000000003,897
2026-03-27T14:36:00+00:00,286.53000000000003,287,286.44,286.69,910
2026-03-27T14:39:00+00:00,286.69,287.3,286.69,287.19,959
2026-03-27T14:42:00+00:00,287.19,287.66,287.17,287.59000000000003,716
2026-03-27T14:45:00+00:00,287.59000000000003,287.85,287.28000000000003,287.61,986
2026-03-27T14:48:00+00:00,287.61,288.08000000000004,287.3,287.98,929
2026-03-27T14:51:00+00:00,287.98,288.11,287.36,287.43,948
2026-03-27T14:54:00+00:00,287.43,287.7,287.28000000000003,287.57,891
2026-03-27T14:57:00+00:00,287.57,287.67,287.25,287.6,838
2026-03-27T15:00:00+00:00,287.6,287.86,287.57,287.72,833
2026-03-27T15:03:00+00:00,287.72,287.79,287.32,287.41,885
2026-03-27T15:06:00+00:00,287.41,287.64000000000004,287.16,287.36,873
2026-03-27T15:09:00+00:00,287.36,287.48,287.12,287.37,769
2026-03-27T15:12:00+00:00,287.37,287.38,286.46000000000004,286.48,815
2026-03-27T15:15:00+00:00,286.48,286.81,286.41,286.43,841
2026-03-27T15:18:00+00:00,286.43,286.85,286.41,286.51,860
2026-03-27T15:21:00+00:00,286.51,287.19,286.25,286.81,831
2026-03-27T15:24:00+00:00,286.81,287.23,286.79,286.98,1111
2026-03-27T15:27:00+00:00,286.98,287.17,286.78000000000003,286.98,814
2026-03-27T15:30:00+00:00,286.98,287.45,286.90000000000003,287.31,915
2026-03-27T15:33:00+00:00,287.31,287.46000000000004,286.98,287.1,940
2026-03-27T15:36:00+00:00,287.1,287.1,286.62,286.73,904
2026-03-27T15:39:00+00:00,286.73,286.74,286.17,286.32,704
2026-03-27T15:42:00+00:00,286.32,286.87,286.2,286.6,719
2026-03-27T15:45:00+00:00,286.6,286.69,286.19,286.27000000000004,691
2026-03-27T15:48:00+00:00,286.27000000000004,286.55,286.25,286.43,668
2026-03-27T15:51:00+00:00,286.43,286.53000000000003,286.26,286.40000000000003,676
2026-03-27T15:54:00+00:00,286.40000000000003,286.57,286.32,286.46000000000004,653
2026-03-27T15:57:00+00:00,286.46000000000004,286.58000000000004,286.34000000000003,286.47,627
2026-03-27T16:00:00+00:00,286.47,286.52000000000004,286.18,286.25,633
2026-03-27T16:03:00+00:00,286.25,286.31,285.83000000000004,285.85,598
2026-03-27T16:06:00+00:00,285.85,286,285.65000000000003,285.76,641
2026-03-27T16:09:00+00:00,285.76,285.81,285.37,285.57,700
2026-03-27T16:12:00+00:00,285.57,285.83000000000004,285.55,285.63,650
2026-03-27T16:15:00+00:00,285.63,285.67,285.35,285.52000000000004,547
2026-03-27T16:18:00+00:00,285.52000000000004,285.56,285.32,285.47,591
2026-03-27T16:21:00+00:00,285.47,285.65000000000003,285.17,285.62,672
2026-03-27T16:24:00+00:00,285.62,285.62,285.1,285.24,695
2026-03-27T16:27:00+00:00,285.24,285.38,284.99,285.2,565
2026-03-27T16:30:00+00:00,285.2,285.40000000000003,285.16,285.24,512
2026-03-27T16:33:00+00:00,285.24,285.29,285.05,285.09000000000003,451
2026-03-27T16:36:00+00:00,285.09000000000003,285.18,284.72,284.79,569
2026-03-27T16:39:00+00:00,284.79,285.05,284.7,284.94,543
2026-03-27T16:42:00+00:00,284.94,285.33000000000004,284.94,285.19,613
2026-03-27T16:45:00+00:00,285.19,285.61,285.17,285.48,608
2026-03-27T16:48:00+00:00,285.48,285.56,285.09000000000003,285.28000000000003,598
2026-03-27T16:51:00+00:00,285.28000000000003,285.58000000000004,285.12,285.28000000000003,530
2026-03-27T16:54:00+00:00,285.28000000000003,285.44,284.95,284.97,522
2026-03-27T16:57:00+00:00,284.97,285.16,284.96000000000004,285.06,362
2026-03-27T17:00:00+00:00,285.06,285.16,284.5,284.53000000000003,460
2026-03-27T17:03:00+00:00,284.53000000000003,284.82,284.5,284.62,481
2026-03-27T17:06:00+00:00,284.62,285.33000000000004,284.61,284.92,747
2026-03-27T17:09:00+00:00,284.92,285.24,284.89000000000004,285.17,617
2026-03-27T17:12:00+00:00,285.17,285.28000000000003,284.8,284.89000000000004,423
2026-03-27T17:15:00+00:00,284.89000000000004,284.98,284.19,284.2,501
2026-03-27T17:18:00+00:00,284.2,284.38,284,284.06,618
2026-03-27T17:21:00+00:00,284.06,284.19,283.56,283.7,622
2026-03-27T17:24:00+00:00,283.7,283.83000000000004,283.59000000000003,283.59000000000003,620
2026-03-27T17:27:00+00:00,283.59000000000003,283.64000000000004,283.31,283.41,668
2026-03-27T17:30:00+00:00,283.41,283.79,283.38,283.63,698
2026-03-27T17:33:00+00:00,283.63,283.77000000000004,283.38,283.55,680
2026-03-27T17:36:00+00:00,283.55,283.72,283.35,283.46000000000004,522
2026-03-27T17:39:00+00:00,283.46000000000004,283.46000000000004,282.90000000000003,282.95,496
2026-03-27T17:42:00+00:00,282.95,283.01,282.71000000000004,282.95,600
2026-03-27T17:45:00+00:00,282.95,283.13,-1510.12,273.88,605.6485142654196
2026-03-27T17:48:00+00:00,273.88,274.19,273.82,273.91,609
2026-03-27T17:51:00+00:00,273.91,274.13,273.75,273.8,499
2026-03-27T17:54:00+00:00,273.8,274.21,273.77,274.01,538
2026-03-27T17:57:00+00:00,274.01,274.05,273.81,273.98,545
2026-03-27T18:00:00+00:00,273.98,274.15,273.84,273.89,561
2026-03-27T18:03:00+00:00,273.89,273.97,273.71,273.75,446
2026-03-27T18:06:00+00:00,273.75,273.87,273.65,273.8,520
2026-03-27T18:09:00+00:00,273.8,273.89,273.59,273.73,512
2026-03-27T18:12:00+00:00,273.73,273.97,273.62,273.93,478
2026-03-27T18:15:00+00:00,273.93,274.25,273.88,274.16,634
2026-03-27T18:18:00+00:00,274.16,274.41,274.04,274.34,559
2026-03-27T18:21:00+00:00,274.34,274.69,274.28,274.61,543
2026-03-27T18:24:00+00:00,274.61,274.91,274.43,274.91,451
2026-03-27T18:27:00+00:00,274.91,275.06,274.68,274.84,551
2026-03-27T18:30:00+00:00,274.84,275.27,274.82,275.17,633
2026-03-27T18:33:00+00:00,275.17,275.22,274.94,275.04,455
2026-03-27T18:36:00+00:00,275.04,275.08,274.63,274.88,422
2026-03-27T18:39:00+00:00,274.88,275.22,274.86,275.05,456
2026-03-27T18:42:00+00:00,275.05,275.29,274.84,275,632
2026-03-27T18:45:00+00:00,275,275.09,274.84,274.88,435
2026-03-27T18:48:00+00:00,274.88,275.26,274.81,275.21,531
2026-03-27T18:51:00+00:00,275.21,275.28,274.79,274.88,429
2026-03-27T18:54:00+00:00,274.88,274.96,274.82,274.93,451
2026-03-27T18:57:00+00:00,274.93,274.98,274.55,274.62,372
2026-03-27T19:00:00+00:00,274.62,274.7,274.41,274.65,489
2026-03-27T19:03:00+00:00,274.65,274.69,274.43,274.62,401
2026-03-27T19:06:00+00:00,274.62,274.84,274.51,274.74,498
2026-03-27T19:09:00+00:00,274.74,274.81,274.6,274.71,375
2026-03-27T19:12:00+00:00,274.71,274.93,274.64,274.9,421
2026-03-27T19:15:00+00:00,274.9,275.12,274.87,275.1,371
2026-03-27T19:18:00+00:00,275.1,275.22,274.88,274.88,392
2026-03-27T19:21:00+00:00,274.88,274.91,274.58,274.58,379
2026-03-27T19:24:00+00:00,274.58,274.86,274.58,274.63,394
2026-03-27T19:27:00+00:00,274.63,274.7,274.3,274.42,407
2026-03-27T19:30:00+00:00,274.42,274.54,274.13,274.15,450
2026-03-27T19:33:00+00:00,274.15,274.8,274.09,274.75,540
2026-03-27T19:36:00+00:00,274.75,274.75,274.23,274.26,423
2026-03-27T19:39:00+00:00,274.26,274.38,273.93,274.02,477
2026-03-27T19:42:00+00:00,274.02,274.31,274.01,274.24,430
2026-03-27T19:45:00+00:00,274.24,274.25,273.8,273.91,607
2026-03-27T19:48:00+00:00,273.91,274.18,273.7,273.79,866
2026-03-27T19:51:00+00:00,273.79,274.14,273.71,274.11,866
2026-03-27T19:54:00+00:00,274.11,274.13,273.33,273.5,1190
2026-03-27T19:57:00+00:00,273.5,273.92,273.33,273.66,978
2026-03-30T13:30:00+00:00,273.66,276.01,273.66,274.54,894
2026-03-30T13:33:00+00:00,274.54,274.59,273.93,273.96,824
2026-03-30T13:36:00+00:00,273.96,274.24,273.17,273.53,1118
2026-03-30T13:39:00+00:00,273.53,274.17,273.29,274.04,1202
2026-03-30T13:42:00+00:00,274.04,274.54,273.64,273.92,1359
2026-03-30T13:45:00+00:00,273.92,274.33,273.29,273.63,1592
2026-03-30T13:48:00+00:00,273.63,274.11,273.47,273.71,1463
2026-03-30T13:51:00+00:00,273.71,274.09,273.53,273.8,1462
2026-03-30T13:54:00+00:00,273.8,273.99,272.88,273.41,1468
2026-03-30T13:57:00+00:00,273.41,273.66,272.88,272.93,1312
2026-03-30T14:00:00+00:00,272.93,274.11,272.92,273.72,1512
2026-03-30T14:03:00+00:00,273.72,273.79,272.78,272.89,1166
2026-03-30T14:06:00+00:00,272.89,272.96,272.38,272.75,1262
2026-03-30T14:09:00+00:00,272.75,273.41,272.56,273.09,1307
2026-03-30T14:12:00+00:00,273.09,273.4,272.97,273.26,1434
2026-03-30T14:15:00+00:00,273.26,273.39,272.53,272.93,1371
2026-03-30T14:18:00+00:00,272.93,273.1,272.48,272.83,1244
2026-03-30T14:21:00+00:00,272.83,273.02,272.38,272.91,1235
2026-03-30T14:24:00+00:00,272.91,273.21,272.73,273.1,1260
2026-03-30T14:27:00+00:00,273.1,273.36,272.94,273.17,1141
2026-03-30T14:30:00+00:00,273.17,273.54,272.92,273.25,1041
2026-03-30T14:33:00+00:00,273.25,273.55,272.91,272.91,1044
2026-03-30T14:36:00+00:00,272.91,273.01,272.69,272.77,1015
2026-03-30T14:39:00+00:00,272.77,272.83,272.39,272.47,982
2026-03-30T14:42:00+00:00,272.47,272.73,272.32,272.55,917
2026-03-30T14:45:00+00:00,272.55,273.55,272.48,273.52,1192
2026-03-30T14:48:00+00:00,273.52,273.67,272.63,272.76,1317
2026-03-30T14:51:00+00:00,272.76,273.4,272.75,273.38,979
2026-03-30T14:54:00+00:00,273.38,273.58,273.18,273.52,920
2026-03-30T14:57:00+00:00,273.52,273.82,273.42,273.8,1109
2026-03-30T15:00:00+00:00,273.8,274.06,273.68,273.93,1000
2026-03-30T15:03:00+00:00,273.93,274.04,273.43,273.49,897
2026-03-30T15:06:00+00:00,273.49,273.65,273.25,273.3,905
2026-03-30T15:09:00+00:00,273.3,273.4,273.04,273.09,815
2026-03-30T15:12:00+00:00,273.09,273.16,272.57,272.85,821
2026-03-30T15:15:00+00:00,272.85,273.23,272.53,273.01,995
2026-03-30T15:18:00+00:00,273.01,273.22,272.59,273.08,853
2026-03-30T15:21:00+00:00,273.08,273.2,272.59,273.15,831
2026-03-30T15:24:00+00:00,273.15,273.54,273.1,273.52,815
2026-03-30T15:27:00+00:00,273.52,273.59,273.18,273.26,654
2026-03-30T15:30:00+00:00,273.26,273.65,273.21,273.55,806
2026-03-30T15:33:00+00:00,273.55,274.17,273.49,274.13,929
2026-03-30T15:36:00+00:00,274.13,274.23,273.9,273.96,797
2026-03-30T15:39:00+00:00,273.96,274.11,273.68,274.01,722
2026-03-30T15:42:00+00:00,274.01,274.5,274,274.46,779
2026-03-30T15:45:00+00:00,274.46,274.68,274.28,274.65,748
2026-03-30T15:48:00+00:00,274.65,275.01,274.39,275.01,889
2026-03-30T15:51:00+00:00,275.01,275.09,274.74,274.86,787
2026-03-30T15:54:00+00:00,274.86,274.9,274.45,274.52,895
2026-03-30T15:57:00+00:00,274.52,274.66,274.43,274.43,621
2026-03-30T16:00:00+00:00,274.43,274.55,274.23,274.31,787
2026-03-30T16:03:00+00:00,274.31,274.52,274.26,274.28,833
2026-03-30T16:06:00+00:00,274.28,274.32,273.98,274.05,745
2026-03-30T16:09:00+00:00,274.05,274.19,273.93,274,757
2026-03-30T16:12:00+00:00,274,274.19,273.93,274.06,636
2026-03-30T16:15:00+00:00,274.06,274.18,273.94,274.1,664
2026-03-30T16:18:00+00:00,274.1,274.1,273.6,273.66,679
2026-03-30T16:21:00+00:00,273.66,273.76,273.44,273.67,614
2026-03-30T16:24:00+00:00,273.67,273.77,273.58,273.63,640
2026-03-30T16:27:00+00:00,273.63,273.76,273.43,273.45,693
2026-03-30T16:30:00+00:00,273.45,273.65,273.28,273.55,701
2026-03-30T16:33:00+00:00,273.55,273.63,273.45,273.53,690
2026-03-30T16:36:00+00:00,273.53,273.66,273.34,273.5,802
2026-03-30T16:39:00+00:00,273.5,273.85,273.5,273.75,648
2026-03-30T16:42:00+00:00,273.75,273.92,273.71,273.73,584
2026-03-30T16:45:00+00:00,273.73,273.73,273.49,273.56,620
2026-03-30T16:48:00+00:00,273.56,273.66,273.33,273.41,565
2026-03-30T16:51:00+00:00,273.41,273.75,273.4,273.5,678
2026-03-30T16:54:00+00:00,273.5,273.62,273.39,273.5,568
2026-03-30T16:57:00+00:00,273.5,273.56,273.29,273.41,666
2026-03-30T17:00:00+00:00,273.41,273.61,273.22,273.29,810
2026-03-30T17:03:00+00:00,273.29,273.4,273.07,273.32,601
2026-03-30T17:06:00+00:00,273.32,273.58,273.26,273.41,594
2026-03-30T17:09:00+00:00,273.41,273.45,273.2,273.24,645
2026-03-30T17:12:00+00:00,273.24,273.36,273,273.02,712
2026-03-30T17:15:00+00:00,273.02,273.17,272.89,273.06,763
2026-03-30T17:18:00+00:00,273.06,273.81,272.94,273.54,723
2026-03-30T17:21:00+00:00,273.54,273.68,273.42,273.47,776
2026-03-30T17:24:00+00:00,273.47,273.48,273.24,273.32,652
2026-03-30T17:27:00+00:00,273.32,273.32,273.05,273.27,711
2026-03-30T17:30:00+00:00,273.27,273.32,272.9,273.03,775
2026-03-30T17:33:00+00:00,273.03,273.23,272.97,273.05,829
2026-03-30T17:36:00+00:00,273.05,273.32,272.85,272.87,784
2026-03-30T17:39:00+00:00,272.87,273.18,272.87,273.14,821
2026-03-30T17:42:00+00:00,273.14,273.43,273.01,273.36,834
2026-03-30T17:45:00+00:00,273.36,273.59,273.19,273.41,833
2026-03-30T17:48:00+00:00,273.41,273.41,273.09,273.19,711
2026-03-30T17:51:00+00:00,273.19,273.38,273.12,273.24,564
2026-03-30T17:54:00+00:00,273.24,273.25,273.05,273.07,629
2026-03-30T17:57:00+00:00,273.07,273.29,272.92,273.21,580
2026-03-30T18:00:00+00:00,273.21,273.27,272.95,273.03,514
2026-03-30T18:03:00+00:00,273.03,273.2,272.88,273.12,677
2026-03-30T18:06:00+00:00,273.12,273.12,272.88,273.08,679
2026-03-30T18:09:00+00:00,273.08,273.37,273.02,273.37,654
2026-03-30T18:12:00+00:00,273.37,273.41,273.18,273.26,643
2026-03-30T18:15:00+00:00,273.26,273.34,272.84,272.9,632
2026-03-30T18:18:00+00:00,272.9,273.23,272.83,273.21,556
2026-03-30T18:21:00+00:00,273.21,273.21,272.98,273.04,510
2026-03-30T18:24:00+00:00,273.04,273.08,272.65,272.65,517
2026-03-30T18:27:00+00:00,272.65,272.7,272.39,272.42,546
2026-03-30T18:30:00+00:00,272.42,272.62,272.3,272.3,625
2026-03-30T18:33:00+00:00,272.3,272.53,272.27,272.5,443
2026-03-30T18:36:00+00:00,272.5,272.69,272.29,272.3,653
2026-03-30T18:39:00+00:00,272.3,272.57,272.26,272.32,456
2026-03-30T18:42:00+00:00,272.32,272.46,272.24,272.4,510
2026-03-30T18:45:00+00:00,272.4,272.48,272.22,272.43,576
2026-03-30T18:48:00+00:00,272.43,272.51,272.3,272.42,540
2026-03-30T18:51:00+00:00,272.42,272.44,272.06,272.2,573
2026-03-30T18:54:00+00:00,272.2,272.37,272.15,272.34,614
2026-03-30T18:57:00+00:00,272.34,272.34,272.04,272.09,559
2026-03-30T19:00:00+00:00,272.09,272.29,271.95,272.08,637
2026-03-30T19:03:00+00:00,272.08,272.25,271.88,271.92,620
2026-03-30T19:06:00+00:00,271.92,272.06,271.84,271.97,680
2026-03-30T19:09:00+00:00,271.97,272.04,271.68,271.7,857
2026-03-30T19:12:00+00:00,271.7,271.8,271.64,271.66,680
2026-03-30T19:15:00+00:00,271.66,271.94,271.59,271.7,591
2026-03-30T19:18:00+00:00,271.7,271.95,271.55,271.88,566
2026-03-30T19:21:00+00:00,271.88,272.06,271.68,271.85,697
2026-03-30T19:24:00+00:00,271.85,271.86,271.68,271.7,657
2026-03-30T19:27:00+00:00,271.7,271.76,271.54,271.67,749
2026-03-30T19:30:00+00:00,271.67,271.82,271.58,271.6,948
2026-03-30T19:33:00+00:00,271.6,271.71,271.4,271.55,686
2026-03-30T19:36:00+00:00,271.55,272,271.55,271.81,897
2026-03-30T19:39:00+00:00,271.81,272.04,271.77,271.93,714
2026-03-30T19:42:00+00:00,271.93,272.13,271.74,271.98,842
2026-03-30T19:45:00+00:00,271.98,272.53,271.97,272.5,889
2026-03-30T19:48:00+00:00,272.5,272.84,272.08,272.81,955
2026-03-30T19:51:00+00:00,272.81,272.93,272.62,272.76,795
2026-03-30T19:54:00+00:00,272.76,273.21,272.62,273.2,974
2026-03-30T19:57:00+00:00,273.2,273.37,272.68,272.87,1197
2026-03-31T13:30:00+00:00,272.87,278.54,272.87,277.15,757
2026-03-31T13:33:00+00:00,277.15,278.31,277.05,277.61,878
2026-03-31T13:36:00+00:00,277.61,278.34,277.33,277.95,1341
2026-03-31T13:39:00+00:00,277.95,278.52,277.78,278.13,1316
2026-03-31T13:42:00+00:00,278.13,278.23,276.71,276.76,1437
2026-03-31T13:45:00+00:00,276.76,277.83,276.76,277.26,1436
2026-03-31T13:48:00+00:00,277.26,278.33,277.21,278.31,1226
2026-03-31T13:51:00+00:00,278.31,279.11,278.23,279.02,1386
2026-03-31T13:54:00+00:00,279.02,279.34,278.88,279.22,1323
2026-03-31T13:57:00+00:00,279.22,279.64,278.63,279.51,1343
2026-03-31T14:00:00+00:00,279.51,280.04,279.4,280.03,1269
2026-03-31T14:03:00+00:00,280.03,280.11,279.58,279.92,1288
2026-03-31T14:06:00+00:00,279.92,280.13,279.69,279.92,1213
2026-03-31T14:09:00+00:00,279.92,280.32,279.8,280.2,1216
2026-03-31T14:12:00+00:00,280.2,280.22,279.75,280.2,1116
2026-03-31T14:15:00+00:00,280.2,280.65,280.09,280.6,1304
2026-03-31T14:18:00+00:00,280.6,281.12,280.38,280.41,1239
2026-03-31T14:21:00+00:00,280.41,281.42,280.18,281.32,1327
2026-03-31T14:24:00+00:00,281.32,281.41,280.79,281.24,1116
2026-03-31T14:27:00+00:00,281.24,281.48,281.03,281.26,1243
2026-03-31T14:30:00+00:00,281.26,281.51,281.15,281.46,975
2026-03-31T14:33:00+00:00,281.46,281.66,281.16,281.23,924
2026-03-31T14:36:00+00:00,281.23,281.62,280.77,281.06,1211
2026-03-31T14:39:00+00:00,281.06,281.47,280.85,280.92,940
2026-03-31T14:42:00+00:00,280.92,280.94,280.42,280.47,975
2026-03-31T14:45:00+00:00,280.47,280.93,280.42,280.69,1060
2026-03-31T14:48:00+00:00,280.69,280.74,279.97,280,1094
2026-03-31T14:51:00+00:00,280,280.24,279.93,280.08,1020
2026-03-31T14:54:00+00:00,280.08,280.1,279.6,279.68,949
2026-03-31T14:57:00+00:00,279.68,280.15,279.63,279.93,1050
2026-03-31T15:00:00+00:00,279.93,280.56,279.93,280.49,940
2026-03-31T15:03:00+00:00,280.49,280.91,280.29,280.84,1025
2026-03-31T15:06:00+00:00,280.84,281.39,280.77,280.98,1041
2026-03-31T15:09:00+00:00,280.98,281.03,280.59,281.03,920
2026-03-31T15:12:00+00:00,281.03,281.45,280.81,281.43,844
2026-03-31T15:15:00+00:00,281.43,281.52,281.22,281.44,961
2026-03-31T15:18:00+00:00,281.44,281.61,281.11,281.11,866
2026-03-31T15:21:00+00:00,281.11,281.34,281.06,281.24,784
2026-03-31T15:24:00+00:00,281.24,281.57,280.8,280.89,883
2026-03-31T15:27:00+00:00,280.89,281.01,280.59,280.63,1075
2026-03-31T15:30:00+00:00,280.63,280.71,280.24,280.25,874
2026-03-31T15:33:00+00:00,280.25,281.03,280.25,280.87,953
2026-03-31T15:36:00+00:00,280.87,280.98,280.72,280.9,884
2026-03-31T15:39:00+00:00,280.9,280.95,280.47,280.63,934
2026-03-31T15:42:00+00:00,280.63,280.75,280.34,280.45,859
2026-03-31T15:45:00+00:00,280.45,280.6,280.28,280.43,914
2026-03-31T15:48:00+00:00,280.43,280.62,280.33,280.51,769
2026-03-31T15:51:00+00:00,280.51,280.92,280.45,280.72,910
2026-03-31T15:54:00+00:00,280.72,280.74,280.28,280.31,877
2026-03-31T15:57:00+00:00,280.31,280.49,280.21,280.27,733
2026-03-31T16:00:00+00:00,280.27,280.86,280.09,280.73,910
2026-03-31T16:03:00+00:00,280.73,280.99,280.63,280.96,690
2026-03-31T16:06:00+00:00,280.96,281.31,280.88,281.2,855
2026-03-31T16:09:00+00:00,281.2,281.26,280.98,281.06,899
2026-03-31T16:12:00+00:00,281.06,281.17,280.88,281.05,789
2026-03-31T16:15:00+00:00,281.05,281.4,281,281.37,827
2026-03-31T16:18:00+00:00,281.37,281.38,280.89,281.22,744
2026-03-31T16:21:00+00:00,281.22,281.28,280.9,281.04,754
2026-03-31T16:24:00+00:00,281.04,281.5,281.04,281.34,834
2026-03-31T16:27:00+00:00,281.34,281.42,281.18,281.28,695
2026-03-31T16:30:00+00:00,281.28,281.3,280.89,281,815
2026-03-31T16:33:00+00:00,281,281.18,280.81,280.82,615
2026-03-31T16:36:00+00:00,280.82,281.89,280.81,281.88,844
2026-03-31T16:39:00+00:00,281.88,283.31,281.64,283.27,1911
2026-03-31T16:42:00+00:00,283.27,283.75,282.59,283.24,904
2026-03-31T16:45:00+00:00,283.24,284.08,283,283.6,1464
2026-03-31T16:48:00+00:00,283.6,284.22,283,284.01,1653
2026-03-31T16:51:00+00:00,284.01,284.22,283.07,284.1,1299
2026-03-31T16:54:00+00:00,284.1,284.44,283.67,283.92,1355
2026-03-31T16:57:00+00:00,283.92,284.15,283.43,283.89,1466
2026-03-31T17:00:00+00:00,283.89,285.08,283.85,285.08,1403
2026-03-31T17:03:00+00:00,285.08,285.43,284.88,284.91,1329
2026-03-31T17:06:00+00:00,284.91,285.54,284.83,285.45,1206
2026-03-31T17:09:00+00:00,285.45,285.6,284.71,285.33,1479
2026-03-31T17:12:00+00:00,285.33,285.92,285.12,285.88,1359
2026-03-31T17:15:00+00:00,285.88,286.2,285.74,286.03,1349
2026-03-31T17:18:00+00:00,286.03,286.62,285.92,286.36,1213
2026-03-31T17:21:00+00:00,286.36,286.82,286.2,286.72,1053
2026-03-31T17:24:00+00:00,286.72,286.82,285.93,286.08,1218
2026-03-31T17:27:00+00:00,286.08,286.16,285.58,285.71,1278
2026-03-31T17:30:00+00:00,285.71,286.23,285.58,285.97,1264
2026-03-31T17:33:00+00:00,285.97,286.89,285.92,286.71,1115
2026-03-31T17:36:00+00:00,286.71,286.82,285.44,285.59,1689
2026-03-31T17:39:00+00:00,285.59,286.29,285.44,285.51,1412
2026-03-31T17:42:00+00:00,285.51,285.6,285.12,285.48,1071
2026-03-31T17:45:00+00:00,285.48,285.71,285.24,285.5,1106
2026-03-31T17:48:00+00:00,285.5,285.66,285.35,285.48,787
2026-03-31T17:51:00+00:00,285.48,285.63,285.28,285.4,905
2026-03-31T17:54:00+00:00,285.4,285.57,285,285,907
2026-03-31T17:57:00+00:00,285,285.46,284.97,285.42,883
2026-03-31T18:00:00+00:00,285.42,286.11,285.4,285.98,922
2026-03-31T18:03:00+00:00,285.98,285.98,285.65,285.83,823
2026-03-31T18:06:00+00:00,285.83,286.04,285.65,285.78,801
2026-03-31T18:09:00+00:00,285.78,286.07,285.74,285.99,972
2026-03-31T18:12:00+00:00,285.99,286.02,285.59,285.85,892
2026-03-31T18:15:00+00:00,285.85,286.16,285.78,286.02,882
2026-03-31T18:18:00+00:00,286.02,286.1,285.6,285.99,781
2026-03-31T18:21:00+00:00,285.99,286.07,285.75,285.82,755
2026-03-31T18:24:00+00:00,285.82,285.91,285.5,285.68,770
2026-03-31T18:27:00+00:00,285.68,286.22,285.56,285.94,913
2026-03-31T18:30:00+00:00,285.94,286.01,285.57,285.66,874
2026-03-31T18:33:00+00:00,285.66,285.91,285.54,285.75,757
2026-03-31T18:36:00+00:00,285.75,285.96,285.75,285.94,729
2026-03-31T18:39:00+00:00,285.94,286.08,285.75,285.84,769
2026-03-31T18:42:00+00:00,285.84,285.99,285.5,285.62,807
2026-03-31T18:45:00+00:00,285.62,285.99,285.59,285.89,701
2026-03-31T18:48:00+00:00,285.89,286.12,285.74,285.79,827
2026-03-31T18:51:00+00:00,285.79,285.97,285.6,285.91,714
2026-03-31T18:54:00+00:00,285.91,285.99,285.7,285.78,564
2026-03-31T18:57:00+00:00,285.78,286.02,285.7,285.85,543
2026-03-31T19:00:00+00:00,285.85,286.05,285.74,285.89,530
2026-03-31T19:03:00+00:00,285.89,286.15,285.73,285.77,522
2026-03-31T19:06:00+00:00,285.77,285.9,285.66,285.67,581
2026-03-31T19:09:00+00:00,285.67,286.1,285.59,285.86,724
2026-03-31T19:12:00+00:00,285.86,286.23,285.75,286.12,644
2026-03-31T19:15:00+00:00,286.12,286.38,286.03,286.1,695
2026-03-31T19:18:00+00:00,286.1,286.12,285.57,285.62,661
2026-03-31T19:21:00+00:00,285.62,285.86,285.54,285.76,645
2026-03-31T19:24:00+00:00,285.76,285.85,285.34,285.5,756
2026-03-31T19:27:00+00:00,285.5,285.66,285.45,285.52,666
2026-03-31T19:30:00+00:00,285.52,285.97,285.35,285.45,787
2026-03-31T19:33:00+00:00,285.45,285.95,285.36,285.66,684
2026-03-31T19:36:00+00:00,285.66,285.93,285.5,285.9,690
2026-03-31T19:39:00+00:00,285.9,286.21,285.68,285.82,808
2026-03-31T19:42:00+00:00,285.82,285.87,285.5,285.81,778
2026-03-31T19:45:00+00:00,285.81,286.28,285.7,286.25,777
2026-03-31T19:48:00+00:00,286.25,286.85,286.22,286.53,924
2026-03-31T19:51:00+00:00,286.53,286.53,285.63,285.98,1174
2026-03-31T19:54:00+00:00,285.98,286.66,285.93,286.39,1357
2026-03-31T19:57:00+00:00,286.39,286.94,286.23,286.84,1582
2026-04-01T13:30:00+00:00,286.84,291.62,286.84,291.36,1368
2026-04-01T13:33:00+00:00,291.36,293.54,291.09,293.41,1186
2026-04-01T13:36:00+00:00,293.41,293.98,292.98,293.68,1438
2026-04-01T13:39:00+00:00,293.68,294.13,293.21,293.62,1614
2026-04-01T13:42:00+00:00,293.62,293.8,292.35,292.69,1656
2026-04-01T13:45:00+00:00,292.69,293.38,292.21,292.31,1972
2026-04-01T13:48:00+00:00,292.31,293.48,291.98,293.38,1866
2026-04-01T13:51:00+00:00,293.38,294,293.12,293.7,1829
2026-04-01T13:54:00+00:00,293.7,294.26,293.28,293.63,1732
2026-04-01T13:57:00+00:00,293.63,294.05,293.34,293.5,1489
2026-04-01T14:00:00+00:00,293.5,294.18,293.5,293.93,1725
2026-04-01T14:03:00+00:00,293.93,294.37,293.64,293.75,1709
2026-04-01T14:06:00+00:00,293.75,294.24,293.35,293.96,1464
2026-04-01T14:09:00+00:00,293.96,294.13,293.19,293.29,1478
2026-04-01T14:12:00+00:00,293.29,293.76,293.07,293.74,1611
2026-04-01T14:15:00+00:00,293.74,294.03,293.49,293.49,1303
2026-04-01T14:18:00+00:00,293.49,293.92,293.4,293.48,1351
2026-04-01T14:21:00+00:00,293.48,294.36,293.48,294.31,1564
2026-04-01T14:24:00+00:00,294.31,294.49,293.79,294.05,1578
2026-04-01T14:27:00+00:00,294.05,294.38,293.95,294.05,1179
2026-04-01T14:30:00+00:00,294.05,294.33,293.64,293.96,1076
2026-04-01T14:33:00+00:00,293.96,294.04,292.99,293.21,1113
2026-04-01T14:36:00+00:00,293.21,293.44,292.99,293.28,1153
2026-04-01T14:39:00+00:00,293.28,293.88,293.01,293.15,1265
2026-04-01T14:42:00+00:00,293.15,293.49,292.94,293.13,1296
2026-04-01T14:45:00+00:00,293.13,293.24,292.48,292.68,1015
2026-04-01T14:48:00+00:00,292.68,293.25,292.65,293.1,1017
2026-04-01T14:51:00+00:00,293.1,293.96,292.9,293.95,1015
2026-04-01T14:54:00+00:00,293.95,294.16,293.61,294.16,915
2026-04-01T14:57:00+00:00,294.16,294.62,294.07,294.39,754
2026-04-01T15:00:00+00:00,294.39,294.46,294.16,294.25,896
2026-04-01T15:03:00+00:00,294.25,294.34,294.02,294.16,934
2026-04-01T15:06:00+00:00,294.16,294.79,294.13,294.78,913
2026-04-01T15:09:00+00:00,294.78,295,294.7,294.76,971
2026-04-01T15:12:00+00:00,294.76,294.95,294.48,294.62,835
2026-04-01T15:15:00+00:00,294.62,294.92,294.43,294.5,791
2026-04-01T15:18:00+00:00,294.5,294.95,294.5,294.63,780
2026-04-01T15:21:00+00:00,294.63,294.92,294.43,294.78,600
2026-04-01T15:24:00+00:00,294.78,295,294.63,294.79,820
2026-04-01T15:27:00+00:00,294.79,294.82,294.3,294.3,805
2026-04-01T15:30:00+00:00,294.3,294.34,293.91,294.15,881
2026-04-01T15:33:00+00:00,294.15,294.37,293.97,294.16,892
2026-04-01T15:36:00+00:00,294.16,294.36,293.98,294.08,943
2026-04-01T15:39:00+00:00,294.08,294.65,294.04,294.6,674
2026-04-01T15:42:00+00:00,294.6,294.97,294.47,294.84,693
2026-04-01T15:45:00+00:00,294.84,295.19,294.82,295.03,620
2026-04-01T15:48:00+00:00,295.03,295.3,294.98,295.12,523
2026-04-01T15:51:00+00:00,295.12,295.28,294.99,295.22,641
2026-04-01T15:54:00+00:00,295.22,295.46,295,295.3,552
2026-04-01T15:57:00+00:00,295.3,295.47,295.1,295.29,675
2026-04-01T16:00:00+00:00,295.29,295.29,294.9,294.94,636
2026-04-01T16:03:00+00:00,294.94,295.08,294.88,294.93,597
2026-04-01T16:06:00+00:00,294.93,295.26,294.82,295.19,595
2026-04-01T16:09:00+00:00,295.19,295.59,295.18,295.44,682
2026-04-01T16:12:00+00:00,295.44,295.6,295.15,295.32,610
2026-04-01T16:15:00+00:00,295.32,295.58,295.21,295.56,642
2026-04-01T16:18:00+00:00,295.56,295.98,295.48,295.68,640
2026-04-01T16:21:00+00:00,295.68,295.87,295.43,295.64,552
2026-04-01T16:24:00+00:00,295.64,295.69,295.46,295.58,569
2026-04-01T16:27:00+00:00,295.58,295.62,295.38,295.45,517
2026-04-01T16:30:00+00:00,295.45,295.76,295.38,295.38,608
2026-04-01T16:33:00+00:00,295.38,295.63,295.38,295.55,487
2026-04-01T16:36:00+00:00,295.55,295.94,295.36,295.93,392
2026-04-01T16:39:00+00:00,295.93,296.28,295.89,296.21,420
2026-04-01T16:42:00+00:00,296.21,296.68,296.09,296.66,527
2026-04-01T16:45:00+00:00,296.66,296.98,296.48,296.95,619
2026-04-01T16:48:00+00:00,296.95,296.95,296.68,296.9,551
2026-04-01T16:51:00+00:00,296.9,297.22,296.88,297.11,408
2026-04-01T16:54:00+00:00,297.11,297.36,296.85,297.31,541
2026-04-01T16:57:00+00:00,297.31,297.4,296.96,297.12,505
2026-04-01T17:00:00+00:00,297.12,297.44,297.03,297.36,590
2026-04-01T17:03:00+00:00,297.36,297.6,297.36,297.4,625
2026-04-01T17:06:00+00:00,297.4,297.64,297.28,297.46,626
2026-04-01T17:09:00+00:00,297.46,297.72,297.38,297.52,593
2026-04-01T17:12:00+00:00,297.52,297.66,297.38,297.41,610
2026-04-01T17:15:00+00:00,297.41,297.85,297.39,297.77,564
2026-04-01T17:18:00+00:00,297.77,297.79,297.3,297.4,597
2026-04-01T17:21:00+00:00,297.4,297.44,297.23,297.39,537
2026-04-01T17:24:00+00:00,297.39,297.42,297.28,297.37,471
2026-04-01T17:27:00+00:00,297.37,297.4,297.23,297.27,440
2026-04-01T17:30:00+00:00,297.27,297.45,297.16,297.23,492
2026-04-01T17:33:00+00:00,297.23,297.29,296.93,297.17,503
2026-04-01T17:36:00+00:00,297.17,297.44,297.1,297.4,481
2026-04-01T17:39:00+00:00,297.4,297.65,297.28,297.49,570
2026-04-01T17:42:00+00:00,297.49,297.61,297.3,297.46,714
2026-04-01T17:45:00+00:00,297.46,297.51,297.09,297.31,642
2026-04-01T17:48:00+00:00,297.31,297.35,296.93,296.94,619
2026-04-01T17:51:00+00:00,296.94,297.02,296.54,296.78,609
2026-04-01T17:54:00+00:00,296.78,297.11,296.77,296.88,504
2026-04-01T17:57:00+00:00,296.88,296.89,296.29,296.31,729
2026-04-01T18:00:00+00:00,296.31,296.33,295.81,296.08,1006
2026-04-01T18:03:00+00:00,296.08,296.13,295.69,295.93,1076
2026-04-01T18:06:00+00:00,295.93,296.16,295.7,295.96,927
2026-04-01T18:09:00+00:00,295.96,296.15,295.78,295.83,822
2026-04-01T18:12:00+00:00,295.83,295.9,295.6,295.63,640
2026-04-01T18:15:00+00:00,295.63,295.68,295.04,295.11,918
2026-04-01T18:18:00+00:00,295.11,295.17,294.69,294.95,1044
2026-04-01T18:21:00+00:00,294.95,295.14,294.64,294.65,944
2026-04-01T18:24:00+00:00,294.65,294.79,294.24,294.6,1090
2026-04-01T18:27:00+00:00,294.6,294.79,294.41,294.52,888
2026-04-01T18:30:00+00:00,294.52,294.58,294.03,294.14,908
2026-04-01T18:33:00+00:00,294.14,294.23,293.67,293.87,855
2026-04-01T18:36:00+00:00,293.87,294.02,293.63,293.8,937
2026-04-01T18:39:00+00:00,293.8,294.48,293.78,294.41,946
2026-04-01T18:42:00+00:00,294.41,294.67,294.27,294.34,836
2026-04-01T18:45:00+00:00,294.34,294.56,294.13,294.51,957
2026-04-01T18:48:00+00:00,294.51,294.55,294.04,294.12,909
2026-04-01T18:51:00+00:00,294.12,294.51,293.93,294.47,853
2026-04-01T18:54:00+00:00,294.47,294.61,294.1,294.28,638
2026-04-01T18:57:00+00:00,294.28,294.47,294.14,294.25,542
2026-04-01T19:00:00+00:00,294.25,294.56,294.01,294.49,685
2026-04-01T19:03:00+00:00,294.49,294.8,294.36,294.76,517
2026-04-01T19:06:00+00:00,294.76,295.1,294.64,295.07,556
2026-04-01T19:09:00+00:00,295.07,295.18,294.81,294.92,573
2026-04-01T19:12:00+00:00,294.92,295.12,294.89,295.01,645
2026-04-01T19:15:00+00:00,295.01,295.25,294.79,294.98,662
2026-04-01T19:18:00+00:00,294.98,295.35,294.97,295.23,662
2026-04-01T19:21:00+00:00,295.23,295.29,294.95,295.23,614
2026-04-01T19:24:00+00:00,295.23,295.46,295.18,295.45,520
2026-04-01T19:27:00+00:00,295.45,295.58,295.18,295.3,673
2026-04-01T19:30:00+00:00,295.3,295.47,294.89,294.92,475
2026-04-01T19:33:00+00:00,294.92,294.95,294.6,294.63,606
2026-04-01T19:36:00+00:00,294.63,295.16,294.58,295.14,788
2026-04-01T19:39:00+00:00,295.14,295.33,295.04,295.15,679
2026-04-01T19:42:00+00:00,295.15,295.29,294.95,295.06,795
2026-04-01T19:45:00+00:00,295.06,295.46,294.93,295.09,818
2026-04-01T19:48:00+00:00,295.09,295.46,294.59,294.79,1077
2026-04-01T19:51:00+00:00,294.79,294.89,294.37,294.51,853
2026-04-01T19:54:00+00:00,294.51,294.55,293.89,294.32,1078
2026-04-01T19:57:00+00:00,294.32,294.93,294.24,294.86,1532
2026-04-02T13:30:00+00:00,294.86,294.86,287.88,289,1046
2026-04-02T13:33:00+00:00,289,289.19,287.68,287.7,1118
2026-04-02T13:36:00+00:00,287.7,288.46,287.46,288.04,1518
2026-04-02T13:39:00+00:00,288.04,288.17,287.41,288.13,1880
2026-04-02T13:42:00+00:00,288.13,288.65,287.84,288.62,1836
2026-04-02T13:45:00+00:00,288.62,290.26,288.3,290.03,2045
2026-04-02T13:48:00+00:00,290.03,290.52,289.9,290.32,1866
2026-04-02T13:51:00+00:00,290.32,290.78,290.17,290.57,1912
2026-04-02T13:54:00+00:00,290.57,291.27,290.45,291.19,1802
2026-04-02T13:57:00+00:00,291.19,291.76,290.82,291.72,1775
2026-04-02T14:00:00+00:00,291.72,292.13,291.57,291.87,1980
2026-04-02T14:03:00+00:00,291.87,292.2,291.64,292.17,1869
2026-04-02T14:06:00+00:00,292.17,292.65,292.09,292.52,1903
2026-04-02T14:09:00+00:00,292.52,292.88,292.16,292.79,1869
2026-04-02T14:12:00+00:00,292.79,292.81,291.97,292.33,1738
2026-04-02T14:15:00+00:00,292.33,293.18,292.31,292.91,1826
2026-04-02T14:18:00+00:00,292.91,293.09,292.44,292.48,1789
2026-04-02T14:21:00+00:00,292.48,292.99,292.48,292.73,1828
2026-04-02T14:24:00+00:00,292.73,292.88,291.96,291.99,1943
2026-04-02T14:27:00+00:00,291.99,292.28,291.95,291.98,1755
2026-04-02T14:30:00+00:00,291.98,292.65,291.89,292.48,1274
2026-04-02T14:33:00+00:00,292.48,293.93,292.42,293.86,1555
2026-04-02T14:36:00+00:00,293.86,295.51,293.72,294.41,1731
2026-04-02T14:39:00+00:00,294.41,295.73,294.2,294.98,1159
2026-04-02T14:42:00+00:00,294.98,295.37,294.63,295.16,1232
2026-04-02T14:45:00+00:00,295.16,295.34,294.32,294.63,1696
2026-04-02T14:48:00+00:00,294.63,294.71,293.49,293.7,1459
2026-04-02T14:51:00+00:00,293.7,293.74,293.1,293.42,1510
2026-04-02T14:54:00+00:00,293.42,294.33,293.42,294.05,1599
2026-04-02T14:57:00+00:00,294.05,294.38,-1489.9199999999998,-1489.83,1289.7468772095215
2026-04-02T15:00:00+00:00,293.94,293.97,293.09,293.17,1400
2026-04-02T15:03:00+00:00,293.17,293.9,293.13,293.48,1276
2026-04-02T15:06:00+00:00,293.48,293.86,293.42,293.75,1408
2026-04-02T15:09:00+00:00,293.75,294.25,293.68,294,1407
2026-04-02T15:12:00+00:00,294,294.29,293.6,293.75,1305
2026-04-02T15:15:00+00:00,293.75,293.86,293.46,293.55,1221
2026-04-02T15:18:00+00:00,293.55,293.67,293.09,293.27,1329
2026-04-02T15:21:00+00:00,293.27,293.34,292.95,293.28,1331
2026-04-02T15:24:00+00:00,293.28,293.65,293.17,293.57,937
2026-04-02T15:27:00+00:00,293.57,293.98,293.47,293.79,851
2026-04-02T15:30:00+00:00,293.79,293.82,293.33,293.49,974
2026-04-02T15:33:00+00:00,293.49,293.72,293.26,293.66,1052
2026-04-02T15:36:00+00:00,293.66,294.08,293.66,293.85,1070
2026-04-02T15:39:00+00:00,293.85,294.1,293.54,293.75,970
2026-04-02T15:42:00+00:00,293.75,293.84,293.48,293.75,1042
2026-04-02T15:45:00+00:00,293.75,293.76,293.3,293.51,967
2026-04-02T15:48:00+00:00,293.51,293.6,293.02,293.16,988
2026-04-02T15:51:00+00:00,293.16,293.25,292.82,293.08,1147
2026-04-02T15:54:00+00:00,293.08,293.64,293.04,293.35,1209
2026-04-02T15:57:00+00:00,293.35,293.46,293.05,293.29,971
2026-04-02T16:00:00+00:00,293.29,293.53,293.18,293.35,1175
2026-04-02T16:03:00+00:00,293.35,293.42,293.08,293.25,919
2026-04-02T16:06:00+00:00,293.25,293.25,292.8,292.85,824
2026-04-02T16:09:00+00:00,292.85,293.2,292.85,293.04,885
2026-04-02T16:12:00+00:00,293.04,293.36,292.98,293.15,741
2026-04-02T16:15:00+00:00,293.15,293.4,292.93,293.13,745
2026-04-02T16:18:00+00:00,293.13,293.22,292.81,292.97,922
2026-04-02T16:21:00+00:00,292.97,293.44,292.92,293.13,908
2026-04-02T16:24:00+00:00,293.13,293.23,292.97,293.07,726
2026-04-02T16:27:00+00:00,293.07,293.46,293,293.23,700
2026-04-02T16:30:00+00:00,293.23,293.69,293.14,293.63,883
2026-04-02T16:33:00+00:00,293.63,293.76,293.28,293.68,784
2026-04-02T16:36:00+00:00,293.68,293.73,292.89,293.36,1087
2026-04-02T16:39:00+00:00,293.36,294.19,293.35,293.83,930
2026-04-02T16:42:00+00:00,293.83,294.27,293.77,294.17,735
2026-04-02T16:45:00+00:00,294.17,294.35,294.08,294.17,729
2026-04-02T16:48:00+00:00,294.17,294.17,293.91,294.03,796
2026-04-02T16:51:00+00:00,294.03,294.2,293.84,294.18,757
2026-04-02T16:54:00+00:00,294.18,294.27,293.96,294.07,604
2026-04-02T16:57:00+00:00,294.07,294.18,293.93,293.96,642
2026-04-02T17:00:00+00:00,293.96,293.96,293.61,293.66,809
2026-04-02T17:03:00+00:00,293.66,294.01,293.58,293.7,881
2026-04-02T17:06:00+00:00,293.7,293.76,293.47,293.52,649
2026-04-02T17:09:00+00:00,293.52,293.75,293.46,293.65,741
2026-04-02T17:12:00+00:00,293.65,294.11,293.58,293.95,675
2026-04-02T17:15:00+00:00,293.95,294.39,293.94,294.21,898
2026-04-02T17:18:00+00:00,294.21,294.27,294.02,294.21,724
2026-04-02T17:21:00+00:00,294.21,294.34,294.04,294.33,652
2026-04-02T17:24:00+00:00,294.33,294.37,294.13,294.16,635
2026-04-02T17:27:00+00:00,294.16,294.33,294.09,294.18,619
2026-04-02T17:30:00+00:00,294.18,294.38,294.13,294.18,790
2026-04-02T17:33:00+00:00,294.18,294.28,293.99,294.06,833
2026-04-02T17:36:00+00:00,294.06,294.14,293.92,294.01,665
2026-04-02T17:39:00+00:00,294.01,294.22,293.93,293.95,680
2026-04-02T17:42:00+00:00,293.95,294.19,293.93,294.06,723
2026-04-02T17:45:00+00:00,294.06,294.14,293.43,293.45,817
2026-04-02T17:48:00+00:00,293.45,293.56,293.27,293.47,861
2026-04-02T17:51:00+00:00,293.47,293.63,293.11,293.48,941
2026-04-02T17:54:00+00:00,293.48,293.71,293.4,293.44,793
2026-04-02T17:57:00+00:00,293.44,293.66,293.36,293.62,631
2026-04-02T18:00:00+00:00,293.62,293.9,293.62,293.73,700
2026-04-02T18:03:00+00:00,293.73,294.18,293.64,294.08,838
2026-04-02T18:06:00+00:00,294.08,294.09,293.8,293.92,961
2026-04-02T18:09:00+00:00,293.92,294.09,293.89,293.96,700
2026-04-02T18:12:00+00:00,293.96,293.97,293.76,293.83,632
2026-04-02T18:15:00+00:00,293.83,294.01,293.81,293.98,689
2026-04-02T18:18:00+00:00,293.98,294.07,293.81,293.81,569
2026-04-02T18:21:00+00:00,293.81,293.94,293.71,293.79,565
2026-04-02T18:24:00+00:00,293.79,293.81,293.38,293.4,822
2026-04-02T18:27:00+00:00,293.4,293.52,293.31,293.33,838
2026-04-02T18:30:00+00:00,293.33,293.48,293.17,293.18,718
2026-04-02T18:33:00+00:00,293.18,293.46,293.12,293.41,621
2026-04-02T18:36:00+00:00,293.41,293.46,293.24,293.34,560
2026-04-02T18:39:00+00:00,293.34,293.77,293.19,293.64,683
2026-04-02T18:42:00+00:00,293.64,293.71,293.47,293.54,548
2026-04-02T18:45:00+00:00,293.54,293.8,293.49,293.69,590
2026-04-02T18:48:00+00:00,293.69,293.75,293.55,293.64,547
2026-04-02T18:51:00+00:00,293.64,293.88,293.61,293.78,608
2026-04-02T18:54:00+00:00,293.78,293.82,293.68,293.74,573
2026-04-02T18:57:00+00:00,293.74,293.78,293.49,293.55,333
2026-04-02T19:00:00+00:00,293.55,293.71,293.49,293.63,538
2026-04-02T19:03:00+00:00,293.63,293.93,293.52,293.85,473
2026-04-02T19:06:00+00:00,293.85,293.93,293.62,293.77,503
2026-04-02T19:09:00+00:00,293.77,294.22,293.68,293.97,550
2026-04-02T19:12:00+00:00,293.97,294,293.77,293.8,557
2026-04-02T19:15:00+00:00,293.8,293.89,293.47,293.59,546
2026-04-02T19:18:00+00:00,293.59,293.67,293.43,293.44,421
2026-04-02T19:21:00+00:00,293.44,293.48,293.24,293.28,677
2026-04-02T19:24:00+00:00,293.28,293.35,293.15,293.27,653
2026-04-02T19:27:00+00:00,293.27,293.3,293.1,293.19,626
2026-04-02T19:30:00+00:00,293.19,293.36,293.11,293.3,439
2026-04-02T19:33:00+00:00,293.3,293.36,293.18,293.3,599
2026-04-02T19:36:00+00:00,293.3,293.42,293.28,293.36,425
2026-04-02T19:39:00+00:00,293.36,293.44,293.21,293.33,558
2026-04-02T19:42:00+00:00,293.33,293.56,293.23,293.34,459
2026-04-02T19:45:00+00:00,293.34,293.58,293.28,293.57,617
2026-04-02T19:48:00+00:00,293.57,294.23,293.5,293.88,723
2026-04-02T19:51:00+00:00,293.88,294.14,293.79,294.06,450
2026-04-02T19:54:00+00:00,294.06,294.33,293.89,294.09,831
2026-04-02T19:57:00+00:00,294.09,294.35,293.9,294.28,1072
2026-04-06T13:30:00+00:00,294.28,295.2,293.63,295.15,604
2026-04-06T13:33:00+00:00,295.15,296.19,294.87,295.73,702
2026-04-06T13:36:00+00:00,295.73,295.75,294.49,294.87,1450
2026-04-06T13:39:00+00:00,294.87,295.28,294.68,295.19,1741
2026-04-06T13:42:00+00:00,295.19,296.22,295.09,296.01,1739
2026-04-06T13:45:00+00:00,296.01,297.06,295.9,296.08,1561
2026-04-06T13:48:00+00:00,296.08,296.39,295.94,296.28,1768
2026-04-06T13:51:00+00:00,296.28,296.86,296.27,296.68,1563
2026-04-06T13:54:00+00:00,296.68,296.85,295.96,296.28,1338
2026-04-06T13:57:00+00:00,296.28,296.58,295.98,296.36,1164
2026-04-06T14:00:00+00:00,296.36,296.6,295.55,295.79,1487
2026-04-06T14:03:00+00:00,295.79,295.84,294.89,294.99,1476
2026-04-06T14:06:00+00:00,294.99,295.54,294.88,295.3,1359
2026-04-06T14:09:00+00:00,295.3,295.85,295.19,295.73,1357
2026-04-06T14:12:00+00:00,295.73,296.16,295.64,296.1,1313
2026-04-06T14:15:00+00:00,296.1,296.34,295.89,296.21,1227
2026-04-06T14:18:00+00:00,296.21,296.55,295.89,296.29,1219
2026-04-06T14:21:00+00:00,296.29,296.58,296.21,296.39,1194
2026-04-06T14:24:00+00:00,296.39,296.6,295.94,296.46,1148
2026-04-06T14:27:00+00:00,296.46,296.81,296.37,296.59,989
2026-04-06T14:30:00+00:00,296.59,296.78,296.18,296.49,1147
2026-04-06T14:33:00+00:00,296.49,296.75,296.23,296.48,1162
2026-04-06T14:36:00+00:00,296.48,296.66,295.89,295.89,1588
2026-04-06T14:39:00+00:00,295.89,296.38,295.64,296.09,1657
2026-04-06T14:42:00+00:00,296.09,296.18,295.7,295.86,1496
2026-04-06T14:45:00+00:00,295.86,295.87,295.36,295.39,1399
2026-04-06T14:48:00+00:00,295.39,295.51,294.89,295.18,1284
2026-04-06T14:51:00+00:00,295.18,295.57,295.14,295.4,1233
2026-04-06T14:54:00+00:00,295.4,295.81,295.2,295.64,1145
2026-04-06T14:57:00+00:00,295.64,295.81,295.41,295.57,1090
2026-04-06T15:00:00+00:00,295.57,296.03,295.5,295.86,1068
2026-04-06T15:03:00+00:00,295.86,295.96,295.56,295.87,1179
2026-04-06T15:06:00+00:00,295.87,296.18,295.66,296.01,1004
2026-04-06T15:09:00+00:00,296.01,296.13,295.73,296.04,1051
2026-04-06T15:12:00+00:00,296.04,296.2,295.74,296.08,777
2026-04-06T15:15:00+00:00,296.08,296.51,295.87,296.35,864
2026-04-06T15:18:00+00:00,296.35,296.49,295.83,296.01,961
2026-04-06T15:21:00+00:00,296.01,296.18,295.74,295.87,827
2026-04-06T15:24:00+00:00,295.87,295.91,295.3,295.61,906
2026-04-06T15:27:00+00:00,295.61,295.8,295.42,295.42,856
2026-04-06T15:30:00+00:00,295.42,295.53,295.24,295.24,858
2026-04-06T15:33:00+00:00,295.24,295.51,295.18,295.36,952
2026-04-06T15:36:00+00:00,295.36,295.45,294.99,295.16,911
2026-04-06T15:39:00+00:00,295.16,295.53,295.12,295.46,898
2026-04-06T15:42:00+00:00,295.46,295.72,295.38,295.68,771
2026-04-06T15:45:00+00:00,295.68,295.89,295.51,295.76,809
2026-04-06T15:48:00+00:00,295.76,295.85,295.61,295.8,824
2026-04-06T15:51:00+00:00,295.8,295.88,295.6,295.67,763
2026-04-06T15:54:00+00:00,295.67,295.74,295.47,295.56,658
2026-04-06T15:57:00+00:00,295.56,295.85,295.46,295.69,696
2026-04-06T16:00:00+00:00,295.69,295.91,295.58,295.62,781
2026-04-06T16:03:00+00:00,295.62,296.08,295.59,296.07,865
2026-04-06T16:06:00+00:00,296.07,296.14,295.71,295.83,671
2026-04-06T16:09:00+00:00,295.83,295.98,295.78,295.95,539
2026-04-06T16:12:00+00:00,295.95,296.19,295.89,296.07,649
2026-04-06T16:15:00+00:00,296.07,296.31,296.04,296.29,693
2026-04-06T16:18:00+00:00,296.29,296.36,296.14,296.36,532
2026-04-06T16:21:00+00:00,296.36,296.49,296.32,296.38,678
2026-04-06T16:24:00+00:00,296.38,296.6,296.37,296.49,491
2026-04-06T16:27:00+00:00,296.49,296.73,296.48,296.62,505
2026-04-06T16:30:00+00:00,296.62,296.8,296.48,296.73,500
2026-04-06T16:33:00+00:00,296.73,296.79,296.58,296.69,374
2026-04-06T16:36:00+00:00,296.69,296.99,296.62,296.86,550
2026-04-06T16:39:00+00:00,296.86,296.91,296.56,296.75,510
2026-04-06T16:42:00+00:00,296.75,297.04,296.75,296.95,403
2026-04-06T16:45:00+00:00,296.95,297.07,296.88,297.07,440
2026-04-06T16:48:00+00:00,297.07,297.42,297.05,297.36,563
2026-04-06T16:51:00+00:00,297.36,297.44,297.13,297.15,443
2026-04-06T16:54:00+00:00,297.15,297.3,296.92,296.94,785
2026-04-06T16:57:00+00:00,296.94,297.06,296.82,296.94,550
2026-04-06T17:00:00+00:00,296.94,296.98,296.38,296.4,575
2026-04-06T17:03:00+00:00,296.4,296.82,296.38,296.63,667
2026-04-06T17:06:00+00:00,296.63,296.64,296.42,296.59,526
2026-04-06T17:09:00+00:00,296.59,296.74,296.25,296.34,748
2026-04-06T17:12:00+00:00,296.34,296.38,295.8,296.02,1320
2026-04-06T17:15:00+00:00,296.02,296.4,295.92,296.25,1250
2026-04-06T17:18:00+00:00,296.25,296.42,295.89,296.15,925
2026-04-06T17:21:00+00:00,296.15,296.71,296.07,296.6,1028
2026-04-06T17:24:00+00:00,296.6,296.82,296.57,296.79,807
2026-04-06T17:27:00+00:00,296.79,297.15,296.69,297.06,689
2026-04-06T17:30:00+00:00,297.06,297.25,296.96,297.18,688
2026-04-06T17:33:00+00:00,297.18,297.33,297.02,297.18,856
2026-04-06T17:36:00+00:00,297.18,297.42,297.07,297.13,798
2026-04-06T17:39:00+00:00,297.13,297.25,296.81,296.83,780
2026-04-06T17:42:00+00:00,296.83,297.08,296.81,297.01,832
2026-04-06T17:45:00+00:00,297.01,297.01,296.77,296.82,575
2026-04-06T17:48:00+00:00,296.82,296.94,296.76,296.78,573
2026-04-06T17:51:00+00:00,296.78,296.93,296.72,296.78,736
2026-04-06T17:54:00+00:00,296.78,296.83,296.6,296.75,661
2026-04-06T17:57:00+00:00,296.75,296.84,296.59,296.65,617
2026-04-06T18:00:00+00:00,296.65,296.73,296.47,296.55,548
2026-04-06T18:03:00+00:00,296.55,296.67,296.31,296.61,766
2026-04-06T18:06:00+00:00,296.61,296.84,296.52,296.7,615
2026-04-06T18:09:00+00:00,296.7,297.44,296.63,297.27,896
2026-04-06T18:12:00+00:00,297.27,297.32,297.06,297.19,901
2026-04-06T18:15:00+00:00,297.19,297.55,297.15,297.51,815
2026-04-06T18:18:00+00:00,297.51,297.84,297.42,297.81,866
2026-04-06T18:21:00+00:00,297.81,298.11,297.75,298.11,779
2026-04-06T18:24:00+00:00,298.11,298.28,297.92,297.94,794
2026-04-06T18:27:00+00:00,297.94,298.14,297.88,298,820
2026-04-06T18:30:00+00:00,298,298.17,297.89,298.09,735
2026-04-06T18:33:00+00:00,298.09,298.09,297.7,297.99,741
2026-04-06T18:36:00+00:00,297.99,298.09,297.9,297.99,490
2026-04-06T18:39:00+00:00,297.99,298.06,297.81,297.91,426
2026-04-06T18:42:00+00:00,297.91,298.01,297.8,297.92,416
2026-04-06T18:45:00+00:00,297.92,298.13,297.9,297.93,544
2026-04-06T18:48:00+00:00,297.93,298.11,297.88,298.06,486
2026-04-06T18:51:00+00:00,298.06,298.1,297.88,297.93,465
2026-04-06T18:54:00+00:00,297.93,298.06,297.88,297.89,424
2026-04-06T18:57:00+00:00,297.89,298.01,297.89,297.94,380
2026-04-06T19:00:00+00:00,297.94,298.2,297.71,297.91,374
2026-04-06T19:03:00+00:00,297.91,298.24,297.76,298.17,425
2026-04-06T19:06:00+00:00,298.17,298.18,297.91,297.99,395
2026-04-06T19:09:00+00:00,297.99,298.01,297.72,297.93,327
2026-04-06T19:12:00+00:00,297.93,298.04,297.78,298,313
2026-04-06T19:15:00+00:00,298,298.04,297.81,297.89,381
2026-04-06T19:18:00+00:00,297.89,297.97,297.75,297.88,372
2026-04-06T19:21:00+00:00,297.88,298.04,297.76,297.83,548
2026-04-06T19:24:00+00:00,297.83,297.94,297.74,297.8,358
2026-04-06T19:27:00+00:00,297.8,297.81,297.63,297.73,223
2026-04-06T19:30:00+00:00,297.73,297.75,297.58,297.68,253
2026-04-06T19:33:00+00:00,297.68,297.86,297.58,297.59,267
2026-04-06T19:36:00+00:00,297.59,297.67,297.54,297.62,275
2026-04-06T19:39:00+00:00,297.62,297.7,297.3,297.37,286
2026-04-06T19:42:00+00:00,297.37,297.44,297.22,297.3,290
2026-04-06T19:45:00+00:00,297.3,297.54,297.23,297.49,476
2026-04-06T19:48:00+00:00,297.49,297.87,297.41,297.55,569
2026-04-06T19:51:00+00:00,297.55,297.69,297.21,297.32,476
2026-04-06T19:54:00+00:00,297.32,297.35,296.94,297.25,646
2026-04-06T19:57:00+00:00,297.25,297.61,297.15,297.42,818
2026-04-07T13:30:00+00:00,297.42,300.63,297.42,297.93,798
2026-04-07T13:33:00+00:00,297.93,299.07,297.76,298.83,873
2026-04-07T13:36:00+00:00,298.83,300.11,298.72,299.44,1367
2026-04-07T13:39:00+00:00,299.44,299.65,298.49,298.81,1530
2026-04-07T13:42:00+00:00,298.81,299.64,298.74,299.36,1443
2026-04-07T13:45:00+00:00,299.36,299.39,297.99,298.08,1428
2026-04-07T13:48:00+00:00,298.08,298.45,297.4,297.65,1322
2026-04-07T13:51:00+00:00,297.65,297.85,297.24,297.52,1260
2026-04-07T13:54:00+00:00,297.52,298.06,297.13,297.5,1447
2026-04-07T13:57:00+00:00,297.5,297.63,296.49,296.49,1311
2026-04-07T14:00:00+00:00,296.49,296.6,295.76,296.35,1410
2026-04-07T14:03:00+00:00,296.35,296.51,295.65,295.99,1045
2026-04-07T14:06:00+00:00,295.99,296.19,295.3,295.34,1253
2026-04-07T14:09:00+00:00,295.34,295.71,295.29,295.52,1181
2026-04-07T14:12:00+00:00,295.52,296.14,295.32,295.97,1043
2026-04-07T14:15:00+00:00,295.97,296.77,295.97,296.06,1050
2026-04-07T14:18:00+00:00,296.06,297,296,296.84,1151
2026-04-07T14:21:00+00:00,296.84,297.78,296.72,297.67,1204
2026-04-07T14:24:00+00:00,297.67,298.24,297.65,298.13,881
2026-04-07T14:27:00+00:00,298.13,298.3,297.68,298.27,780
2026-04-07T14:30:00+00:00,298.27,298.35,297.88,297.9,1066
2026-04-07T14:33:00+00:00,297.9,298.53,297.88,298.3,1350
2026-04-07T14:36:00+00:00,298.3,299.09,298.01,299,1135
2026-04-07T14:39:00+00:00,299,299,298.31,298.59,1194
2026-04-07T14:42:00+00:00,298.59,298.64,297.92,298.17,1155
2026-04-07T14:45:00+00:00,298.17,298.71,297.93,298.54,1541
2026-04-07T14:48:00+00:00,298.54,298.86,298.09,298.17,1118
2026-04-07T14:51:00+00:00,298.17,298.65,298.1,298.59,999
2026-04-07T14:54:00+00:00,298.59,298.65,298.11,298.43,1129
2026-04-07T14:57:00+00:00,298.43,298.69,297.69,297.79,1307
2026-04-07T15:00:00+00:00,297.79,297.88,297.25,297.42,1686
2026-04-07T15:03:00+00:00,297.42,297.56,296.9,297.01,1149
2026-04-07T15:06:00+00:00,297.01,297.44,296.89,297.22,1068
2026-04-07T15:09:00+00:00,297.22,298.03,297.18,297.85,1219
2026-04-07T15:12:00+00:00,297.85,298.04,297.7,298.04,1182
2026-04-07T15:15:00+00:00,298.04,299.03,297.81,298.4,1804
2026-04-07T15:18:00+00:00,298.4,298.65,298.09,298.48,1060
2026-04-07T15:21:00+00:00,298.48,298.83,298.27,298.42,991
2026-04-07T15:24:00+00:00,298.42,298.68,298.18,298.61,866
2026-04-07T15:27:00+00:00,298.61,298.79,298.42,298.75,877
2026-04-07T15:30:00+00:00,298.75,298.83,298.24,298.76,806
2026-04-07T15:33:00+00:00,298.76,299.06,298.63,298.97,764
2026-04-07T15:36:00+00:00,298.97,299.29,298.64,298.67,707
2026-04-07T15:39:00+00:00,298.67,298.72,298.22,298.3,713
2026-04-07T15:42:00+00:00,298.3,298.73,298.21,298.35,774
2026-04-07T15:45:00+00:00,298.35,298.95,298.3,298.75,683
2026-04-07T15:48:00+00:00,298.75,299.21,298.66,298.96,649
2026-04-07T15:51:00+00:00,298.96,299.11,298.81,299.01,664
2026-04-07T15:54:00+00:00,299.01,299.8,299.01,299.47,1136
2026-04-07T15:57:00+00:00,299.47,299.79,299.41,299.78,668
2026-04-07T16:00:00+00:00,299.78,300.62,299.66,300.56,861
2026-04-07T16:03:00+00:00,300.56,300.98,300.32,300.49,2061
2026-04-07T16:06:00+00:00,300.49,300.9,300.38,300.54,1234
2026-04-07T16:09:00+00:00,300.54,300.57,300.31,300.44,826
2026-04-07T16:12:00+00:00,300.44,300.65,300.41,300.48,660
2026-04-07T16:15:00+00:00,300.48,300.84,300.24,300.53,786
2026-04-07T16:18:00+00:00,300.53,300.58,300.32,300.4,669
2026-04-07T16:21:00+00:00,300.4,300.91,300.38,300.51,989
2026-04-07T16:24:00+00:00,300.51,300.77,300.24,300.74,1031
2026-04-07T16:27:00+00:00,300.74,301.23,300.74,300.86,894
2026-04-07T16:30:00+00:00,300.86,301.11,300.77,300.87,883
2026-04-07T16:33:00+00:00,300.87,301.24,300.85,301.17,655
2026-04-07T16:36:00+00:00,301.17,301.28,300.86,300.88,686
2026-04-07T16:39:00+00:00,300.88,300.93,300.46,300.48,717
2026-04-07T16:42:00+00:00,300.48,300.72,300.37,300.71,687
2026-04-07T16:45:00+00:00,300.71,300.99,300.7,300.97,802
2026-04-07T16:48:00+00:00,300.97,301.12,300.72,300.87,845
2026-04-07T16:51:00+00:00,300.87,301.11,300.84,300.94,713
2026-04-07T16:54:00+00:00,300.94,301.02,300.47,300.5,843
2026-04-07T16:57:00+00:00,300.5,300.7,300.46,300.55,517
2026-04-07T17:00:00+00:00,300.55,300.8,300.43,300.55,1088
2026-04-07T17:03:00+00:00,300.55,300.66,300.47,300.61,860
2026-04-07T17:06:00+00:00,300.61,300.82,300.45,300.68,653
2026-04-07T17:09:00+00:00,300.68,300.8,300.61,300.68,614
2026-04-07T17:12:00+00:00,300.68,300.81,300.5,300.61,512
2026-04-07T17:15:00+00:00,300.61,300.88,300.55,300.76,553
2026-04-07T17:18:00+00:00,300.76,300.91,300.62,300.64,620
2026-04-07T17:21:00+00:00,300.64,300.83,300.57,300.76,591
2026-04-07T17:24:00+00:00,300.76,300.88,300.56,300.8,570
2026-04-07T17:27:00+00:00,300.8,300.81,300.59,300.68,465
2026-04-07T17:30:00+00:00,300.68,301.05,300.44,300.98,676
2026-04-07T17:33:00+00:00,300.98,301.74,300.93,301.66,783
2026-04-07T17:36:00+00:00,301.66,302.17,301.52,301.8,1027
2026-04-07T17:39:00+00:00,301.8,301.89,301.51,301.58,767
2026-04-07T17:42:00+00:00,301.58,301.66,301.1,301.23,579
2026-04-07T17:45:00+00:00,301.23,301.62,301.13,301.57,655
2026-04-07T17:48:00+00:00,301.57,301.75,301.44,301.59,638
2026-04-07T17:51:00+00:00,301.59,301.95,301.53,301.82,671
2026-04-07T17:54:00+00:00,301.82,301.84,301.57,301.6,632
2026-04-07T17:57:00+00:00,301.6,301.62,301.31,301.48,660
2026-04-07T18:00:00+00:00,301.48,301.67,301.17,301.48,699
2026-04-07T18:03:00+00:00,301.48,301.54,301.3,301.42,579
2026-04-07T18:06:00+00:00,301.42,301.42,301.1,301.23,705
2026-04-07T18:09:00+00:00,301.23,301.45,301.23,301.39,576
2026-04-07T18:12:00+00:00,301.39,301.64,301.37,301.51,446
2026-04-07T18:15:00+00:00,301.51,301.69,301.47,301.6,475
2026-04-07T18:18:00+00:00,301.6,301.74,301.46,301.56,666
2026-04-07T18:21:00+00:00,301.56,301.57,301.14,301.2,541
2026-04-07T18:24:00+00:00,301.2,301.33,300.9,301.01,835
2026-04-07T18:27:00+00:00,301.01,301.2,300.94,300.99,707
2026-04-07T18:30:00+00:00,300.99,301.07,300.76,300.76,646
2026-04-07T18:33:00+00:00,300.76,301.02,300.74,300.86,525
2026-04-07T18:36:00+00:00,300.86,300.95,300.67,300.82,556
2026-04-07T18:39:00+00:00,300.82,300.91,300.54,300.55,631
2026-04-07T18:42:00+00:00,300.55,300.63,300.29,300.39,655
2026-04-07T18:45:00+00:00,300.39,300.61,300.2,300.29,707
2026-04-07T18:48:00+00:00,300.29,300.34,300.12,300.26,656
2026-04-07T18:51:00+00:00,300.26,300.38,299.93,299.98,653
2026-04-07T18:54:00+00:00,299.98,299.99,299.41,299.72,996
2026-04-07T18:57:00+00:00,299.72,299.94,299.49,299.64,882
2026-04-07T19:00:00+00:00,299.64,300.09,299.49,300.08,806
2026-04-07T19:03:00+00:00,300.08,300.1,299.58,299.72,693
2026-04-07T19:06:00+00:00,299.72,299.93,299.4,299.73,835
2026-04-07T19:09:00+00:00,299.73,300.02,299.48,299.8,807
2026-04-07T19:12:00+00:00,299.8,299.9,299.5,299.74,670
2026-04-07T19:15:00+00:00,299.74,300.22,299.67,300.15,875
2026-04-07T19:18:00+00:00,300.15,301.35,300.07,300.79,1838
2026-04-07T19:21:00+00:00,300.79,300.93,299.91,300.25,1537
2026-04-07T19:24:00+00:00,300.25,300.72,299.89,300.45,1673
2026-04-07T19:27:00+00:00,300.45,300.78,300.28,300.7,923
2026-04-07T19:30:00+00:00,300.7,300.77,300.38,300.59,1082
2026-04-07T19:33:00+00:00,300.59,300.73,300.44,300.68,798
2026-04-07T19:36:00+00:00,300.68,300.91,300.58,300.75,836
2026-04-07T19:39:00+00:00,300.75,301.35,300.73,301.26,851
2026-04-07T19:42:00+00:00,301.26,301.63,300.9,301.42,941
2026-04-07T19:45:00+00:00,301.42,302.39,301.15,302.19,2179
2026-04-07T19:48:00+00:00,302.19,302.36,301.52,302.12,1382
2026-04-07T19:51:00+00:00,302.12,302.49,301.96,302.15,803
2026-04-07T19:54:00+00:00,302.15,303.47,302.02,303.46,1079
2026-04-07T19:57:00+00:00,303.46,303.97,302.96,303.79,1503
2026-04-08T13:30:00+00:00,303.79,319.08,303.79,315.06,1189
2026-04-08T13:33:00+00:00,315.06,315.62,314.45,314.9,1485
2026-04-08T13:36:00+00:00,314.9,315.11,313.99,314.96,1894
2026-04-08T13:39:00+00:00,314.96,315.91,314.88,315.89,1799
2026-04-08T13:42:00+00:00,315.89,316.17,315.38,315.4,1720
2026-04-08T13:45:00+00:00,315.4,316.66,314.88,316.02,1586
2026-04-08T13:48:00+00:00,316.02,316.03,314.19,314.23,1383
2026-04-08T13:51:00+00:00,314.23,314.25,312.58,312.73,1544
2026-04-08T13:54:00+00:00,312.73,313.6,312.63,313.31,1386
2026-04-08T13:57:00+00:00,313.31,313.53,312.89,312.94,1166
2026-04-08T14:00:00+00:00,312.94,314.1,312.88,313.54,1076
2026-04-08T14:03:00+00:00,313.54,313.63,312.83,313.02,990
2026-04-08T14:06:00+00:00,313.02,313.39,312.62,312.62,1095
2026-04-08T14:09:00+00:00,312.62,313.45,312.62,313.29,1106
2026-04-08T14:12:00+00:00,313.29,313.62,312.96,313.35,848
2026-04-08T14:15:00+00:00,313.35,313.9,313.09,313.61,908
2026-04-08T14:18:00+00:00,313.61,314.03,313.53,313.82,1107
2026-04-08T14:21:00+00:00,313.82,314.41,313.78,314.11,1006
2026-04-08T14:24:00+00:00,314.11,314.37,313.75,314.23,807
2026-04-08T14:27:00+00:00,314.23,314.32,314.01,314.22,854
2026-04-08T14:30:00+00:00,314.22,314.35,313.75,313.85,1161
2026-04-08T14:33:00+00:00,313.85,314.23,313.68,314.08,1165
2026-04-08T14:36:00+00:00,314.08,314.5,313.82,313.91,1126
2026-04-08T14:39:00+00:00,313.91,314.27,313.82,313.92,1098
2026-04-08T14:42:00+00:00,313.92,314.5,313.78,314.14,1133
2026-04-08T14:45:00+00:00,314.14,314.34,313.69,313.7,1209
2026-04-08T14:48:00+00:00,313.7,314.34,313.69,314.08,1191
2026-04-08T14:51:00+00:00,314.08,314.18,313.69,313.74,964
2026-04-08T14:54:00+00:00,313.74,313.91,312.65,312.75,1087
2026-04-08T14:57:00+00:00,312.75,313.33,-1470.7399999999998,-1470.5299999999997,1151.1374773139746
2026-04-08T15:00:00+00:00,313.26,314.22,313.09,314.2,1069
2026-04-08T15:03:00+00:00,314.2,314.22,313.78,313.88,922
2026-04-08T15:06:00+00:00,313.88,314.05,313.45,313.98,971
2026-04-08T15:09:00+00:00,313.98,314.06,313.46,313.55,913
2026-04-08T15:12:00+00:00,313.55,313.97,313.44,313.9,728
2026-04-08T15:15:00+00:00,313.9,313.95,313.58,313.67,715
2026-04-08T15:18:00+00:00,313.67,313.99,313.54,313.83,721
2026-04-08T15:21:00+00:00,313.83,313.99,313.54,313.6,658
2026-04-08T15:24:00+00:00,313.6,313.94,313.45,313.9,855
2026-04-08T15:27:00+00:00,313.9,314.05,313.73,313.85,642
2026-04-08T15:30:00+00:00,313.85,314.11,313.57,314.07,859
2026-04-08T15:33:00+00:00,314.07,314.26,313.87,314.17,819
2026-04-08T15:36:00+00:00,314.17,314.9,314.07,314.82,745
2026-04-08T15:39:00+00:00,314.82,314.98,314.4,314.61,694
2026-04-08T15:42:00+00:00,314.61,314.72,314.54,314.68,482
2026-04-08T15:45:00+00:00,314.68,315.15,314.66,315.01,619
2026-04-08T15:48:00+00:00,315.01,315.22,314.84,315.15,489
2026-04-08T15:51:00+00:00,315.15,315.54,315.11,315.52,567
2026-04-08T15:54:00+00:00,315.52,315.57,315.02,315.42,593
2026-04-08T15:57:00+00:00,315.42,315.59,315.3,315.47,413
2026-04-08T16:00:00+00:00,315.47,315.63,315.29,315.6,581
2026-04-08T16:03:00+00:00,315.6,315.92,315.47,315.51,682
2026-04-08T16:06:00+00:00,315.51,315.56,315.17,315.29,580
2026-04-08T16:09:00+00:00,315.29,315.4,315.1,315.21,556
2026-04-08T16:12:00+00:00,315.21,315.45,315.07,315.2,524
2026-04-08T16:15:00+00:00,315.2,315.49,314.76,314.77,892
2026-04-08T16:18:00+00:00,314.77,315.28,314.73,315.01,785
2026-04-08T16:21:00+00:00,315.01,315.43,314.89,315.28,672
2026-04-08T16:24:00+00:00,315.28,315.72,315.26,315.67,596
2026-04-08T16:27:00+00:00,315.67,315.94,315.54,315.83,603
2026-04-08T16:30:00+00:00,315.83,316,315.57,315.97,465
2026-04-08T16:33:00+00:00,315.97,316.27,315.94,316.13,547
2026-04-08T16:36:00+00:00,316.13,316.39,316.08,316.15,613
2026-04-08T16:39:00+00:00,316.15,316.61,316.14,316.58,568
2026-04-08T16:42:00+00:00,316.58,316.61,316.38,316.45,685
2026-04-08T16:45:00+00:00,316.45,316.86,316.39,316.54,729
2026-04-08T16:48:00+00:00,316.54,316.77,316.47,316.71,544
2026-04-08T16:51:00+00:00,316.71,317.05,316.69,316.94,424
2026-04-08T16:54:00+00:00,316.94,317.18,316.84,316.92,445
2026-04-08T16:57:00+00:00,316.92,317.06,316.4,316.54,479
2026-04-08T17:00:00+00:00,316.54,316.73,316.48,316.53,375
2026-04-08T17:03:00+00:00,316.53,316.61,316.19,316.24,446
2026-04-08T17:06:00+00:00,316.24,316.38,316.09,316.25,403
2026-04-08T17:09:00+00:00,316.25,316.49,316.02,316.15,443
2026-04-08T17:12:00+00:00,316.15,316.25,315.96,316.03,437
2026-04-08T17:15:00+00:00,316.03,316.25,315.92,316.05,464
2026-04-08T17:18:00+00:00,316.05,316.21,315.81,315.84,396
2026-04-08T17:21:00+00:00,315.84,316.04,315.58,315.71,702
2026-04-08T17:24:00+00:00,315.71,315.81,315.6,315.66,568
2026-04-08T17:27:00+00:00,315.66,315.71,315.38,315.46,607
2026-04-08T17:30:00+00:00,315.46,315.69,315.39,315.65,705
2026-04-08T17:33:00+00:00,315.65,315.65,315.24,315.52,588
2026-04-08T17:36:00+00:00,315.52,315.74,314.97,315.46,722
2026-04-08T17:39:00+00:00,315.46,315.73,315.44,315.61,577
2026-04-08T17:42:00+00:00,315.61,315.84,315.51,315.67,494
2026-04-08T17:45:00+00:00,315.67,315.75,315.5,315.55,404
2026-04-08T17:48:00+00:00,315.55,315.57,315.27,315.47,463
2026-04-08T17:51:00+00:00,315.47,315.78,315.32,315.55,505
2026-04-08T17:54:00+00:00,315.55,315.74,315.46,315.58,425
2026-04-08T17:57:00+00:00,315.58,315.83,315.48,315.72,339
2026-04-08T18:00:00+00:00,315.72,315.92,315.22,315.89,514
2026-04-08T18:03:00+00:00,315.89,316.07,315.81,316.05,390
2026-04-08T18:06:00+00:00,316.05,316.28,315.9,316.27,722
2026-04-08T18:09:00+00:00,316.27,316.32,316.15,316.25,683
2026-04-08T18:12:00+00:00,316.25,316.45,316.17,316.35,419
2026-04-08T18:15:00+00:00,316.35,316.47,316.18,316.22,461
2026-04-08T18:18:00+00:00,316.22,316.3,315.38,315.5,1492
2026-04-08T18:21:00+00:00,315.5,316.03,315.39,315.97,1142
2026-04-08T18:24:00+00:00,315.97,316.07,315.5,315.85,893
2026-04-08T18:27:00+00:00,315.85,315.95,315.35,315.44,892
2026-04-08T18:30:00+00:00,315.44,315.93,315.41,315.79,682
2026-04-08T18:33:00+00:00,315.79,315.97,315.56,315.86,618
2026-04-08T18:36:00+00:00,315.86,316.09,315.65,315.66,647
2026-04-08T18:39:00+00:00,315.66,315.7,315.16,315.18,728
2026-04-08T18:42:00+00:00,315.18,315.32,314.79,314.84,645
2026-04-08T18:45:00+00:00,314.84,315.21,314.74,315.04,559
2026-04-08T18:48:00+00:00,315.04,315.28,314.91,315.2,517
2026-04-08T18:51:00+00:00,315.2,315.62,315.1,315.43,542
2026-04-08T18:54:00+00:00,315.43,315.51,314.92,314.97,495
2026-04-08T18:57:00+00:00,314.97,315.06,314.47,314.56,597
2026-04-08T19:00:00+00:00,314.56,315.31,314.45,315.02,755
2026-04-08T19:03:00+00:00,315.02,315.31,314.97,315.08,438
2026-04-08T19:06:00+00:00,315.08,315.18,314.73,315.02,491
2026-04-08T19:09:00+00:00,315.02,315.26,314.97,315.23,513
2026-04-08T19:12:00+00:00,315.23,315.37,314.99,315.24,543
2026-04-08T19:15:00+00:00,315.24,315.34,314.73,315.06,489
2026-04-08T19:18:00+00:00,315.06,315.11,314.57,314.9,665
2026-04-08T19:21:00+00:00,314.9,314.93,314.44,314.54,559
2026-04-08T19:24:00+00:00,314.54,314.77,314.44,314.55,578
2026-04-08T19:27:00+00:00,314.55,314.58,314.09,314.38,619
2026-04-08T19:30:00+00:00,314.38,314.92,314.24,314.82,765
2026-04-08T19:33:00+00:00,314.82,315.01,314.52,314.76,602
2026-04-08T19:36:00+00:00,314.76,315.06,314.7,314.73,521
2026-04-08T19:39:00+00:00,314.73,314.98,314.59,314.62,402
2026-04-08T19:42:00+00:00,314.62,314.91,314.55,314.85,541
2026-04-08T19:45:00+00:00,314.85,315.22,314.83,315.18,588
2026-04-08T19:48:00+00:00,315.18,315.28,314.64,314.66,710
2026-04-08T19:51:00+00:00,314.66,314.89,314.24,314.39,768
2026-04-08T19:54:00+00:00,314.39,314.49,313.72,314.03,879
2026-04-08T19:57:00+00:00,314.03,314.78,313.95,314.76,972
2026-04-09T13:30:00+00:00,314.76,314.76,311.5,311.5,628
2026-04-09T13:33:00+00:00,311.5,311.79,310.88,310.88,827
2026-04-09T13:36:00+00:00,310.88,311.23,310.4,310.75,1133
2026-04-09T13:39:00+00:00,310.75,311.81,310.59,311.41,1253
2026-04-09T13:42:00+00:00,311.41,312.04,311.21,311.51,1272
2026-04-09T13:45:00+00:00,311.51,311.55,310.16,310.85,1241
2026-04-09T13:48:00+00:00,310.85,311.36,310.67,311.15,1063
2026-04-09T13:51:00+00:00,311.15,311.58,310.75,310.82,1179
2026-04-09T13:54:00+00:00,310.82,311.13,310.44,310.59,891
2026-04-09T13:57:00+00:00,310.59,310.96,310.49,310.73,1045
2026-04-09T14:00:00+00:00,310.73,310.97,310.26,310.66,1161
2026-04-09T14:03:00+00:00,310.66,311.34,310.59,311.18,860
2026-04-09T14:06:00+00:00,311.18,311.26,310.78,311.01,835
2026-04-09T14:09:00+00:00,311.01,311.16,310.72,311,880
2026-04-09T14:12:00+00:00,311,311.57,310.83,311.17,936
2026-04-09T14:15:00+00:00,311.17,311.22,310.89,311.05,785
2026-04-09T14:18:00+00:00,311.05,311.14,310.49,310.75,830
2026-04-09T14:21:00+00:00,310.75,310.92,310.49,310.65,740
2026-04-09T14:24:00+00:00,310.65,310.77,309.89,310.02,751
2026-04-09T14:27:00+00:00,310.02,310.03,309.73,309.91,811
2026-04-09T14:30:00+00:00,309.91,310,309.51,309.84,826
2026-04-09T14:33:00+00:00,309.84,309.84,309.58,309.67,725
2026-04-09T14:36:00+00:00,309.67,310.05,309.32,310.02,699
2026-04-09T14:39:00+00:00,310.02,310.05,309.69,309.94,632
2026-04-09T14:42:00+00:00,309.94,310.5,309.9,310.27,679
2026-04-09T14:45:00+00:00,310.27,310.86,310.22,310.62,661
2026-04-09T14:48:00+00:00,310.62,311.04,310.62,310.94,583
2026-04-09T14:51:00+00:00,310.94,311.18,310.89,310.96,615
2026-04-09T14:54:00+00:00,310.96,311.36,310.88,311.28,678
2026-04-09T14:57:00+00:00,311.28,311.45,311.19,311.44,560
2026-04-09T15:00:00+00:00,311.44,312.02,311.41,311.86,614
2026-04-09T15:03:00+00:00,311.86,312.05,311.71,311.86,698
2026-04-09T15:06:00+00:00,311.86,311.99,311.68,311.85,487
2026-04-09T15:09:00+00:00,311.85,312.34,311.83,312.02,542
2026-04-09T15:12:00+00:00,312.02,312.53,311.94,312.49,621
2026-04-09T15:15:00+00:00,312.49,313.14,312.48,313.07,713
2026-04-09T15:18:00+00:00,313.07,313.45,312.98,313.27,611
2026-04-09T15:21:00+00:00,313.27,313.33,312.99,313.07,557
2026-04-09T15:24:00+00:00,313.07,313.45,313.04,313.29,553
2026-04-09T15:27:00+00:00,313.29,313.3,312.88,313.08,599
2026-04-09T15:30:00+00:00,313.08,313.91,312.88,313.66,788
2026-04-09T15:33:00+00:00,313.66,314,313.57,313.63,1313
2026-04-09T15:36:00+00:00,313.63,313.93,313.39,313.64,1049
2026-04-09T15:39:00+00:00,313.64,314.26,313.64,314.18,763
2026-04-09T15:42:00+00:00,314.18,314.25,313.89,314.02,736
2026-04-09T15:45:00+00:00,314.02,314.9,313.89,314.9,697
2026-04-09T15:48:00+00:00,314.9,315.08,314.58,314.59,737
2026-04-09T15:51:00+00:00,314.59,315.2,314.5,314.97,707
2026-04-09T15:54:00+00:00,314.97,315.33,314.86,315,693
2026-04-09T15:57:00+00:00,315,315.32,314.92,315.21,627
2026-04-09T16:00:00+00:00,315.21,315.79,315.04,315.72,748
2026-04-09T16:03:00+00:00,315.72,316.31,315.7,315.94,741
2026-04-09T16:06:00+00:00,315.94,316.3,315.5,316.26,725
2026-04-09T16:09:00+00:00,316.26,316.34,315.86,315.88,717
2026-04-09T16:12:00+00:00,315.88,316.12,315.75,315.91,608
2026-04-09T16:15:00+00:00,315.91,316.31,315.77,316.25,536
2026-04-09T16:18:00+00:00,316.25,316.69,316,316.41,517
2026-04-09T16:21:00+00:00,316.41,316.68,316.24,316.24,475
2026-04-09T16:24:00+00:00,316.24,316.41,316.09,316.12,432
2026-04-09T16:27:00+00:00,316.12,316.35,316.08,316.25,463
2026-04-09T16:30:00+00:00,316.25,316.55,316.14,316.44,538
2026-04-09T16:33:00+00:00,316.44,316.5,316.22,316.33,535
2026-04-09T16:36:00+00:00,316.33,316.53,316.28,316.53,481
2026-04-09T16:39:00+00:00,316.53,316.53,316.12,316.2,573
2026-04-09T16:42:00+00:00,316.2,316.47,316.14,316.27,320
2026-04-09T16:45:00+00:00,316.27,316.27,315.79,315.93,434
2026-04-09T16:48:00+00:00,315.93,316.03,315.66,315.96,413
2026-04-09T16:51:00+00:00,315.96,316.34,315.92,316.24,488
2026-04-09T16:54:00+00:00,316.24,316.3,316.03,316.18,354
2026-04-09T16:57:00+00:00,316.18,316.24,316,316.24,328
2026-04-09T17:00:00+00:00,316.24,316.34,315.95,316.03,372
2026-04-09T17:03:00+00:00,316.03,316.38,316.02,316.15,304
2026-04-09T17:06:00+00:00,316.15,316.66,316.1,316.6,319
2026-04-09T17:09:00+00:00,316.6,316.79,316.56,316.79,379
2026-04-09T17:12:00+00:00,316.79,316.79,316.47,316.54,397
2026-04-09T17:15:00+00:00,316.54,316.96,316.48,316.93,452
2026-04-09T17:18:00+00:00,316.93,317.29,316.89,317.09,406
2026-04-09T17:21:00+00:00,317.09,317.11,316.83,316.95,383
2026-04-09T17:24:00+00:00,316.95,316.97,316.62,316.64,345
2026-04-09T17:27:00+00:00,316.64,316.9,316.61,316.75,324
2026-04-09T17:30:00+00:00,316.75,316.76,316.09,316.49,568
2026-04-09T17:33:00+00:00,316.49,316.89,316.43,316.79,418
2026-04-09T17:36:00+00:00,316.79,317.04,316.61,317.02,467
2026-04-09T17:39:00+00:00,317.02,317.08,316.74,316.88,395
2026-04-09T17:42:00+00:00,316.88,317,316.71,316.82,325
2026-04-09T17:45:00+00:00,316.82,317.14,316.78,316.91,368
2026-04-09T17:48:00+00:00,316.91,317.21,316.72,316.96,392
2026-04-09T17:51:00+00:00,316.96,316.96,316.72,316.82,345
2026-04-09T17:54:00+00:00,316.82,316.89,316.68,316.68,290
2026-04-09T17:57:00+00:00,316.68,316.77,316.62,316.73,269
2026-04-09T18:00:00+00:00,316.73,316.86,316.29,316.46,585
2026-04-09T18:03:00+00:00,316.46,316.66,315.99,316.27,843
2026-04-09T18:06:00+00:00,316.27,316.37,315.98,316.1,723
2026-04-09T18:09:00+00:00,316.1,316.35,316.02,316.06,560
2026-04-09T18:12:00+00:00,316.06,316.2,315.98,316.2,470
2026-04-09T18:15:00+00:00,316.2,316.34,316,316.26,451
2026-04-09T18:18:00+00:00,316.26,316.46,316.25,316.33,377
2026-04-09T18:21:00+00:00,316.33,316.39,316,316.01,522
2026-04-09T18:24:00+00:00,316.01,316.2,315.93,316.07,581
2026-04-09T18:27:00+00:00,316.07,316.34,316.03,316.04,492
2026-04-09T18:30:00+00:00,316.04,316.2,316.03,316.06,464
2026-04-09T18:33:00+00:00,316.06,316.17,315.94,316.05,420
2026-04-09T18:36:00+00:00,316.05,316.24,315.99,316.11,347
2026-04-09T18:39:00+00:00,316.11,316.47,316.09,316.31,413
2026-04-09T18:42:00+00:00,316.31,316.5,316,316.17,443
2026-04-09T18:45:00+00:00,316.17,316.33,316.09,316.32,341
2026-04-09T18:48:00+00:00,316.32,316.4,316.14,316.19,332
2026-04-09T18:51:00+00:00,316.19,316.27,316,316.14,376
2026-04-09T18:54:00+00:00,316.14,316.39,316.09,316.21,388
2026-04-09T18:57:00+00:00,316.21,316.35,316.14,316.19,312
2026-04-09T19:00:00+00:00,316.19,316.63,316.06,316.51,346
2026-04-09T19:03:00+00:00,316.51,316.63,316.43,316.56,240
2026-04-09T19:06:00+00:00,316.56,316.61,316.36,316.57,239
2026-04-09T19:09:00+00:00,316.57,316.74,316.52,316.67,198
2026-04-09T19:12:00+00:00,316.67,316.8,316.58,316.68,245
2026-04-09T19:15:00+00:00,316.68,316.73,316.26,316.35,232
2026-04-09T19:18:00+00:00,316.35,316.42,316.21,316.29,279
2026-04-09T19:21:00+00:00,316.29,316.49,316.26,316.47,258
2026-04-09T19:24:00+00:00,316.47,316.48,316.28,316.35,217
2026-04-09T19:27:00+00:00,316.35,316.44,316.19,316.22,233
2026-04-09T19:30:00+00:00,316.22,316.51,316.2,316.45,310
2026-04-09T19:33:00+00:00,316.45,316.53,316.38,316.53,213
2026-04-09T19:36:00+00:00,316.53,316.74,316.45,316.6,178
2026-04-09T19:39:00+00:00,316.6,316.79,316.54,316.65,285
2026-04-09T19:42:00+00:00,316.65,316.83,316.58,316.64,254
2026-04-09T19:45:00+00:00,316.64,316.92,316.59,316.9,300
2026-04-09T19:48:00+00:00,316.9,316.91,316.54,316.75,432
2026-04-09T19:51:00+00:00,316.75,316.77,316.41,316.46,409
2026-04-09T19:54:00+00:00,316.46,316.69,316.05,316.35,600
2026-04-09T19:57:00+00:00,316.35,316.43,316,316.36,780
2026-04-10T13:30:00+00:00,316.36,319.31,316.36,318.02,869
2026-04-10T13:33:00+00:00,318.02,318.6,317.71,318.2,721
2026-04-10T13:36:00+00:00,318.2,318.82,317.93,318.48,998
2026-04-10T13:39:00+00:00,318.48,318.58,317.38,317.94,1212
2026-04-10T13:42:00+00:00,317.94,318.24,317.32,317.54,1101
2026-04-10T13:45:00+00:00,317.54,317.98,317.31,317.89,1204
2026-04-10T13:48:00+00:00,317.89,317.99,316.99,317.47,1035
2026-04-10T13:51:00+00:00,317.47,318.41,317.41,317.67,1140
2026-04-10T13:54:00+00:00,317.67,317.97,317.55,317.67,765
2026-04-10T13:57:00+00:00,317.67,317.74,317.01,317.16,684
2026-04-10T14:00:00+00:00,317.16,317.33,316.84,317.25,899
2026-04-10T14:03:00+00:00,317.25,317.5,316.98,317.26,832
2026-04-10T14:06:00+00:00,317.26,317.42,316.98,317.23,663
2026-04-10T14:09:00+00:00,317.23,317.33,316.88,317.05,701
2026-04-10T14:12:00+00:00,317.05,317.24,316.89,317.14,864
2026-04-10T14:15:00+00:00,317.14,317.42,316.98,317.04,736
2026-04-10T14:18:00+00:00,317.04,317.3,316.45,317.28,734
2026-04-10T14:21:00+00:00,317.28,317.5,317.11,317.39,635
2026-04-10T14:24:00+00:00,317.39,317.52,317.18,317.19,654
2026-04-10T14:27:00+00:00,317.19,317.27,316.76,317.09,638
2026-04-10T14:30:00+00:00,317.09,317.24,316.89,316.96,683
2026-04-10T14:33:00+00:00,316.96,317.03,316.57,316.62,664
2026-04-10T14:36:00+00:00,316.62,316.71,316.18,316.43,588
2026-04-10T14:39:00+00:00,316.43,316.74,316.18,316.62,725
2026-04-10T14:42:00+00:00,316.62,316.73,316.1,316.19,899
2026-04-10T14:45:00+00:00,316.19,316.45,316.13,316.25,846
2026-04-10T14:48:00+00:00,316.25,316.48,316.04,316.42,711
2026-04-10T14:51:00+00:00,316.42,316.57,316.33,316.48,609
2026-04-10T14:54:00+00:00,316.48,316.81,316.34,316.74,502
2026-04-10T14:57:00+00:00,316.74,317.13,-1467.1,-1466.9399999999998,519.8523244062658
2026-04-10T15:00:00+00:00,316.94,317.19,316.65,317.11,676
2026-04-10T15:03:00+00:00,317.11,317.21,316.87,316.88,544
2026-04-10T15:06:00+00:00,316.88,317.5,316.82,317.19,685
2026-04-10T15:09:00+00:00,317.19,317.38,317.09,317.28,579
2026-04-10T15:12:00+00:00,317.28,317.32,317.05,317.07,568
2026-04-10T15:15:00+00:00,317.07,317.19,316.88,317.03,563
2026-04-10T15:18:00+00:00,317.03,317.08,316.63,316.72,591
2026-04-10T15:21:00+00:00,316.72,316.98,316.64,316.87,656
2026-04-10T15:24:00+00:00,316.87,316.87,316.4,316.47,665
2026-04-10T15:27:00+00:00,316.47,316.58,316.18,316.24,661
2026-04-10T15:30:00+00:00,316.24,316.41,316.07,316.12,735
2026-04-10T15:33:00+00:00,316.12,316.35,316.05,316.19,769
2026-04-10T15:36:00+00:00,316.19,316.44,316.18,316.42,729
2026-04-10T15:39:00+00:00,316.42,316.48,315.79,316.02,836
2026-04-10T15:42:00+00:00,316.02,316.42,315.96,316.29,699
2026-04-10T15:45:00+00:00,316.29,316.39,315.99,316.2,546
2026-04-10T15:48:00+00:00,316.2,316.21,315.9,315.91,620
2026-04-10T15:51:00+00:00,315.91,316.08,315.71,315.71,600
2026-04-10T15:54:00+00:00,315.71,315.82,315.32,315.33,728
2026-04-10T15:57:00+00:00,315.33,315.43,315.19,315.33,771
2026-04-10T16:00:00+00:00,315.33,315.71,315.23,315.49,577
2026-04-10T16:03:00+00:00,315.49,315.63,315.32,315.5,683
2026-04-10T16:06:00+00:00,315.5,315.6,315.33,315.55,616
2026-04-10T16:09:00+00:00,315.55,315.82,315.4,315.73,605
2026-04-10T16:12:00+00:00,315.73,315.94,315.68,315.7,610
2026-04-10T16:15:00+00:00,315.7,315.83,315.54,315.59,544
2026-04-10T16:18:00+00:00,315.59,315.81,315.47,315.5,529
2026-04-10T16:21:00+00:00,315.5,315.81,315.47,315.69,466
2026-04-10T16:24:00+00:00,315.69,315.83,315.55,315.66,490
2026-04-10T16:27:00+00:00,315.66,315.69,315.51,315.54,451
2026-04-10T16:30:00+00:00,315.54,315.69,315.41,315.47,459
2026-04-10T16:33:00+00:00,315.47,315.63,315.43,315.51,472
2026-04-10T16:36:00+00:00,315.51,315.55,315.33,315.37,383
2026-04-10T16:39:00+00:00,315.37,315.38,314.97,315,497
2026-04-10T16:42:00+00:00,315,315.16,314.88,315,719
2026-04-10T16:45:00+00:00,315,315.23,314.88,315.17,546
2026-04-10T16:48:00+00:00,315.17,315.39,315.12,315.3,514
2026-04-10T16:51:00+00:00,315.3,315.42,315.19,315.3,497
2026-04-10T16:54:00+00:00,315.3,315.39,315.19,315.23,375
2026-04-10T16:57:00+00:00,315.23,315.34,315.18,315.27,381
2026-04-10T17:00:00+00:00,315.27,315.3,314.98,315.07,481
2026-04-10T17:03:00+00:00,315.07,315.12,314.8,314.82,414
2026-04-10T17:06:00+00:00,314.82,314.9,314.74,314.79,469
2026-04-10T17:09:00+00:00,314.79,314.91,314.68,314.81,440
2026-04-10T17:12:00+00:00,314.81,315.15,314.71,315.03,533
2026-04-10T17:15:00+00:00,315.03,315.09,314.88,315.01,438
2026-04-10T17:18:00+00:00,315.01,315.11,314.89,314.95,414
2026-04-10T17:21:00+00:00,314.95,315.01,314.68,314.93,416
2026-04-10T17:24:00+00:00,314.93,315.18,314.9,315.02,453
2026-04-10T17:27:00+00:00,315.02,315.15,314.77,314.79,363
2026-04-10T17:30:00+00:00,314.79,314.99,314.65,314.9,545
2026-04-10T17:33:00+00:00,314.9,315.06,314.68,314.99,403
2026-04-10T17:36:00+00:00,314.99,315.14,314.9,315.09,458
2026-04-10T17:39:00+00:00,315.09,315.21,314.88,314.88,393
2026-04-10T17:42:00+00:00,314.88,315.04,314.83,314.95,411
2026-04-10T17:45:00+00:00,314.95,315.01,314.84,314.91,368
2026-04-10T17:48:00+00:00,314.91,314.99,314.78,314.83,407
2026-04-10T17:51:00+00:00,314.83,314.95,314.68,314.91,363
2026-04-10T17:54:00+00:00,314.91,315.04,314.84,314.96,269
2026-04-10T17:57:00+00:00,314.96,315.02,314.79,314.92,252
2026-04-10T18:00:00+00:00,314.92,314.96,314.69,314.72,346
2026-04-10T18:03:00+00:00,314.72,314.84,314.57,314.63,376
2026-04-10T18:06:00+00:00,314.63,314.75,314.51,314.57,384
2026-04-10T18:09:00+00:00,314.57,314.75,314.41,314.66,395
2026-04-10T18:12:00+00:00,314.66,314.81,314.59,314.75,331
2026-04-10T18:15:00+00:00,314.75,314.94,314.74,314.9,360
2026-04-10T18:18:00+00:00,314.9,315.14,314.82,315.13,381
2026-04-10T18:21:00+00:00,315.13,315.27,315.07,315.13,353
2026-04-10T18:24:00+00:00,315.13,315.18,315,315.04,409
2026-04-10T18:27:00+00:00,315.04,315.16,314.88,314.9,357
2026-04-10T18:30:00+00:00,314.9,315.03,314.82,314.88,392
2026-04-10T18:33:00+00:00,314.88,315.17,314.88,315.07,283
2026-04-10T18:36:00+00:00,315.07,315.27,315.05,315.18,394
2026-04-10T18:39:00+00:00,315.18,315.22,315,315.02,334
2026-04-10T18:42:00+00:00,315.02,315.15,314.93,315.1,293
2026-04-10T18:45:00+00:00,315.1,315.14,314.98,315.09,271
2026-04-10T18:48:00+00:00,315.09,315.22,315.08,315.11,220
2026-04-10T18:51:00+00:00,315.11,315.16,315.04,315.07,239
2026-04-10T18:54:00+00:00,315.07,315.18,314.98,314.99,284
2026-04-10T18:57:00+00:00,314.99,315,314.88,314.96,193
2026-04-10T19:00:00+00:00,314.96,315.07,314.94,314.97,300
2026-04-10T19:03:00+00:00,314.97,315.13,314.94,315.05,214
2026-04-10T19:06:00+00:00,315.05,315.29,314.98,315.17,251
2026-04-10T19:09:00+00:00,315.17,315.29,315.04,315.24,199
2026-04-10T19:12:00+00:00,315.24,315.51,315.23,315.38,260
2026-04-10T19:15:00+00:00,315.38,315.42,315.22,315.39,298
2026-04-10T19:18:00+00:00,315.39,315.58,315.33,315.33,242
2026-04-10T19:21:00+00:00,315.33,315.56,315.33,315.48,244
2026-04-10T19:24:00+00:00,315.48,315.51,315.28,315.41,236
2026-04-10T19:27:00+00:00,315.41,315.51,315.38,315.47,228
2026-04-10T19:30:00+00:00,315.47,315.61,315.24,315.58,351
2026-04-10T19:33:00+00:00,315.58,315.71,315.47,315.62,296
2026-04-10T19:36:00+00:00,315.62,315.65,315.44,315.54,248
2026-04-10T19:39:00+00:00,315.54,315.69,315.3,315.41,432
2026-04-10T19:42:00+00:00,315.41,315.68,315.36,315.56,301
2026-04-10T19:45:00+00:00,315.56,315.95,315.52,315.77,418
2026-04-10T19:48:00+00:00,315.77,315.86,315.38,315.64,597
2026-04-10T19:51:00+00:00,315.64,315.77,315.52,315.75,447
2026-04-10T19:54:00+00:00,315.75,315.8,315.23,315.48,573
2026-04-10T19:57:00+00:00,315.48,315.79,315.2,315.79,642
2026-04-13T13:30:00+00:00,315.79,315.79,314.05,314.21,871
2026-04-13T13:33:00+00:00,314.21,314.41,313.72,314.24,771
2026-04-13T13:36:00+00:00,314.24,314.46,313.56,314.01,505
2026-04-13T13:39:00+00:00,314.01,314.77,313.88,314.76,398
2026-04-13T13:42:00+00:00,314.76,315.18,314.26,314.76,525
2026-04-13T13:45:00+00:00,314.76,314.91,314.09,314.22,613
2026-04-13T13:48:00+00:00,314.22,316.13,314.08,316.04,991
2026-04-13T13:51:00+00:00,316.04,316.06,315.16,315.56,675
2026-04-13T13:54:00+00:00,315.56,316.29,315.41,316.15,593
2026-04-13T13:57:00+00:00,316.15,316.67,315.88,316.57,468
2026-04-13T14:00:00+00:00,316.57,317.02,316.32,316.88,726
2026-04-13T14:03:00+00:00,316.88,317.65,316.68,317.65,581
2026-04-13T14:06:00+00:00,317.65,317.98,317.35,317.47,593
2026-04-13T14:09:00+00:00,317.47,318,317.42,317.52,514
2026-04-13T14:12:00+00:00,317.52,317.58,316.75,316.85,582
2026-04-13T14:15:00+00:00,316.85,316.89,316.31,316.31,468
2026-04-13T14:18:00+00:00,316.31,316.52,316.02,316.24,441
2026-04-13T14:21:00+00:00,316.24,316.53,315.66,315.83,753
2026-04-13T14:24:00+00:00,315.83,316.25,315.8,316,621
2026-04-13T14:27:00+00:00,316,316.03,315.61,315.98,520
2026-04-13T14:30:00+00:00,315.98,316.32,315.96,316.26,487
2026-04-13T14:33:00+00:00,316.26,316.47,316.09,316.42,473
2026-04-13T14:36:00+00:00,316.42,316.48,315.91,316.16,528
2026-04-13T14:39:00+00:00,316.16,316.5,316.13,316.33,371
2026-04-13T14:42:00+00:00,316.33,316.69,316.26,316.68,396
2026-04-13T14:45:00+00:00,316.68,316.74,316.27,316.32,489
2026-04-13T14:48:00+00:00,316.32,316.38,316.08,316.16,539
2026-04-13T14:51:00+00:00,316.16,316.55,316.08,316.53,546
2026-04-13T14:54:00+00:00,316.53,316.64,316.17,316.41,472
2026-04-13T14:57:00+00:00,316.41,316.77,316.4,316.61,398
2026-04-13T15:00:00+00:00,316.61,316.64,316.29,316.45,471
2026-04-13T15:03:00+00:00,316.45,316.54,316.24,316.3,536
2026-04-13T15:06:00+00:00,316.3,316.61,316.27,316.41,438
2026-04-13T15:09:00+00:00,316.41,316.97,316.4,316.91,462
2026-04-13T15:12:00+00:00,316.91,317.06,316.69,316.73,361
2026-04-13T15:15:00+00:00,316.73,316.95,316.57,316.7,497
2026-04-13T15:18:00+00:00,316.7,316.71,316.4,316.56,405
2026-04-13T15:21:00+00:00,316.56,316.78,316.5,316.73,454
2026-04-13T15:24:00+00:00,316.73,316.9,316.64,316.72,448
2026-04-13T15:27:00+00:00,316.72,317,316.68,316.82,320
2026-04-13T15:30:00+00:00,316.82,316.97,316.73,316.82,450
2026-04-13T15:33:00+00:00,316.82,317.08,316.82,316.96,349
2026-04-13T15:36:00+00:00,316.96,317.51,316.85,317.27,495
2026-04-13T15:39:00+00:00,317.27,317.45,317.11,317.15,411
2026-04-13T15:42:00+00:00,317.15,317.17,316.79,316.85,332
2026-04-13T15:45:00+00:00,316.85,317.06,316.77,316.93,236
2026-04-13T15:48:00+00:00,316.93,316.99,316.63,316.72,290
2026-04-13T15:51:00+00:00,316.72,316.79,316.6,316.72,383
2026-04-13T15:54:00+00:00,316.72,316.82,316.55,316.72,317
2026-04-13T15:57:00+00:00,316.72,316.83,316.61,316.64,402
2026-04-13T16:00:00+00:00,316.64,316.69,316.17,316.18,375
2026-04-13T16:03:00+00:00,316.18,316.27,316.13,316.25,300
2026-04-13T16:06:00+00:00,316.25,316.84,316.19,316.38,1066
2026-04-13T16:09:00+00:00,316.38,316.54,316.2,316.26,667
2026-04-13T16:12:00+00:00,316.26,316.33,315.91,315.92,521
2026-04-13T16:15:00+00:00,315.92,316.16,315.91,316.16,482
2026-04-13T16:18:00+00:00,316.16,316.66,315.98,316.46,717
2026-04-13T16:21:00+00:00,316.46,316.57,316.34,316.47,635
2026-04-13T16:24:00+00:00,316.47,316.75,316.34,316.54,642
2026-04-13T16:27:00+00:00,316.54,317.21,316.48,317.06,566
2026-04-13T16:30:00+00:00,317.06,317.09,316.77,316.79,606
2026-04-13T16:33:00+00:00,316.79,317.58,316.78,317.35,678
2026-04-13T16:36:00+00:00,317.35,317.39,317.09,317.13,416
2026-04-13T16:39:00+00:00,317.13,317.25,316.77,316.91,755
2026-04-13T16:42:00+00:00,316.91,317.4,316.74,317.35,499
2026-04-13T16:45:00+00:00,317.35,317.83,317.16,317.71,683
2026-04-13T16:48:00+00:00,317.71,317.98,317.45,317.89,601
2026-04-13T16:51:00+00:00,317.89,317.98,317.43,317.6,641
2026-04-13T16:54:00+00:00,317.6,317.76,317.42,317.6,603
2026-04-13T16:57:00+00:00,317.6,317.69,317.42,317.6,401
2026-04-13T17:00:00+00:00,317.6,317.69,317.48,317.66,283
2026-04-13T17:03:00+00:00,317.66,317.81,317.55,317.59,286
2026-04-13T17:06:00+00:00,317.59,317.72,317.3,317.33,390
2026-04-13T17:09:00+00:00,317.33,317.39,317.09,317.16,458
2026-04-13T17:12:00+00:00,317.16,317.29,316.98,317.29,332
2026-04-13T17:15:00+00:00,317.29,317.4,317.18,317.21,195
2026-04-13T17:18:00+00:00,317.21,317.53,317.21,317.38,376
2026-04-13T17:21:00+00:00,317.38,317.48,317.29,317.32,345
2026-04-13T17:24:00+00:00,317.32,317.48,317.23,317.42,316
2026-04-13T17:27:00+00:00,317.42,317.6,317.34,317.58,303
2026-04-13T17:30:00+00:00,317.58,317.73,317.48,317.66,387
2026-04-13T17:33:00+00:00,317.66,317.76,317.48,317.51,304
2026-04-13T17:36:00+00:00,317.51,317.64,317.44,317.54,382
2026-04-13T17:39:00+00:00,317.54,317.59,317.38,317.42,261
2026-04-13T17:42:00+00:00,317.42,317.57,317.31,317.32,277
2026-04-13T17:45:00+00:00,317.32,317.39,317.23,317.23,304
2026-04-13T17:48:00+00:00,317.23,317.36,317.19,317.2,276
2026-04-13T17:51:00+00:00,317.2,317.41,317.19,317.31,405
2026-04-13T17:54:00+00:00,317.31,317.49,317.27,317.27,283
2026-04-13T17:57:00+00:00,317.27,317.32,317.14,317.15,205
2026-04-13T18:00:00+00:00,317.15,317.37,317.12,317.27,360
2026-04-13T18:03:00+00:00,317.27,317.34,317.19,317.31,270
2026-04-13T18:06:00+00:00,317.31,317.51,317.31,317.35,179
2026-04-13T18:09:00+00:00,317.35,317.46,317.29,317.36,184
2026-04-13T18:12:00+00:00,317.36,317.41,317.1,317.14,207
2026-04-13T18:15:00+00:00,317.14,317.22,317.06,317.11,231
2026-04-13T18:18:00+00:00,317.11,317.28,317.03,317.23,279
2026-04-13T18:21:00+00:00,317.23,317.25,317.08,317.18,250
2026-04-13T18:24:00+00:00,317.18,317.23,317.05,317.16,222
2026-04-13T18:27:00+00:00,317.16,317.3,317.08,317.24,188
2026-04-13T18:30:00+00:00,317.24,317.5,317.21,317.37,238
2026-04-13T18:33:00+00:00,317.37,317.47,317.33,317.46,190
2026-04-13T18:36:00+00:00,317.46,317.54,317.43,317.47,208
2026-04-13T18:39:00+00:00,317.47,317.51,317.38,317.41,219
2026-04-13T18:42:00+00:00,317.41,317.6,317.34,317.57,262
2026-04-13T18:45:00+00:00,317.57,317.83,317.55,317.79,363
2026-04-13T18:48:00+00:00,317.79,317.87,317.73,317.79,172
2026-04-13T18:51:00+00:00,317.79,317.94,317.72,317.86,297
2026-04-13T18:54:00+00:00,317.86,318.19,317.8,318.16,376
2026-04-13T18:57:00+00:00,318.16,318.18,317.98,318.03,214
2026-04-13T19:00:00+00:00,318.03,318.14,317.93,318.08,329
2026-04-13T19:03:00+00:00,318.08,318.19,318.02,318.02,284
2026-04-13T19:06:00+00:00,318.02,318.05,317.89,318.04,237
2026-04-13T19:09:00+00:00,318.04,318.08,317.9,317.99,283
2026-04-13T19:12:00+00:00,317.99,318.11,317.95,318.03,224
2026-04-13T19:15:00+00:00,318.03,318.12,318,318.06,231
2026-04-13T19:18:00+00:00,318.06,318.18,318.03,318.08,213
2026-04-13T19:21:00+00:00,318.08,318.26,318.02,318.23,274
2026-04-13T19:24:00+00:00,318.23,318.48,318.18,318.4,332
2026-04-13T19:27:00+00:00,318.4,318.46,318.15,318.27,217
2026-04-13T19:30:00+00:00,318.27,318.41,317.95,318.37,410
2026-04-13T19:33:00+00:00,318.37,318.44,318.2,318.39,314
2026-04-13T19:36:00+00:00,318.39,318.52,318.38,318.47,304
2026-04-13T19:39:00+00:00,318.47,318.51,318.38,318.44,523
2026-04-13T19:42:00+00:00,318.44,318.54,318.34,318.52,288
2026-04-13T19:45:00+00:00,318.52,318.69,318.4,318.67,367
2026-04-13T19:48:00+00:00,318.67,319.04,318.58,318.8,637
2026-04-13T19:51:00+00:00,318.8,318.99,318.68,318.77,662
2026-04-13T19:54:00+00:00,318.77,319.22,318.69,319.18,751
2026-04-13T19:57:00+00:00,319.18,319.31,318.51,318.93,967
2026-04-14T13:30:00+00:00,318.93,323.45,318.93,322.1,930
2026-04-14T13:33:00+00:00,322.1,322.97,322.06,322.83,1060
2026-04-14T13:36:00+00:00,322.83,322.9,321.79,321.91,1238
2026-04-14T13:39:00+00:00,321.91,321.96,321.26,321.89,1212
2026-04-14T13:42:00+00:00,321.89,323.19,321.83,323.08,991
2026-04-14T13:45:00+00:00,323.08,323.61,322.96,323.09,888
2026-04-14T13:48:00+00:00,323.09,324.24,323,324.09,839
2026-04-14T13:51:00+00:00,324.09,324.85,324,324.72,803
2026-04-14T13:54:00+00:00,324.72,324.74,323.88,324.2,762
2026-04-14T13:57:00+00:00,324.2,324.64,323.73,323.92,630
2026-04-14T14:00:00+00:00,323.92,324.52,323.71,324.26,697
2026-04-14T14:03:00+00:00,324.26,324.71,324.22,324.57,654
2026-04-14T14:06:00+00:00,324.57,325.08,324.55,324.83,660
2026-04-14T14:09:00+00:00,324.83,325.4,324.83,325.15,563
2026-04-14T14:12:00+00:00,325.15,325.2,324.54,325.02,617
2026-04-14T14:15:00+00:00,325.02,325.53,324.94,325.32,601
2026-04-14T14:18:00+00:00,325.32,325.35,324.56,324.71,668
2026-04-14T14:21:00+00:00,324.71,325.11,324.7,325.02,579
2026-04-14T14:24:00+00:00,325.02,325.14,324.81,325.07,483
2026-04-14T14:27:00+00:00,325.07,325.65,325,325.62,454
2026-04-14T14:30:00+00:00,325.62,325.71,325.36,325.61,423
2026-04-14T14:33:00+00:00,325.61,325.81,325.46,325.77,466
2026-04-14T14:36:00+00:00,325.77,325.83,325.48,325.55,427
2026-04-14T14:39:00+00:00,325.55,325.66,325.11,325.57,449
2026-04-14T14:42:00+00:00,325.57,325.62,325.31,325.31,402
2026-04-14T14:45:00+00:00,325.31,325.73,325.1,325.63,430
2026-04-14T14:48:00+00:00,325.63,325.95,325.62,325.77,449
2026-04-14T14:51:00+00:00,325.77,326.34,325.76,326.26,449
2026-04-14T14:54:00+00:00,326.26,326.43,326.18,326.3,461
2026-04-14T14:57:00+00:00,326.3,326.36,325.98,325.98,394
2026-04-14T15:00:00+00:00,325.98,326.1,325.69,325.73,520
2026-04-14T15:03:00+00:00,325.73,325.91,325.59,325.65,427
2026-04-14T15:06:00+00:00,325.65,325.73,325.44,325.53,494
2026-04-14T15:09:00+00:00,325.53,325.67,325.4,325.61,461
2026-04-14T15:12:00+00:00,325.61,326.8,325.54,326.7,401
2026-04-14T15:15:00+00:00,326.7,327.13,326.61,327.08,462
2026-04-14T15:18:00+00:00,327.08,327.57,327,327.57,454
2026-04-14T15:21:00+00:00,327.57,327.89,327.57,327.8,522
2026-04-14T15:24:00+00:00,327.8,328.66,327.79,328.44,512
2026-04-14T15:27:00+00:00,328.44,328.48,328.25,328.28,404
2026-04-14T15:30:00+00:00,328.28,328.61,328.16,328.56,559
2026-04-14T15:33:00+00:00,328.56,329,328.43,328.81,430
2026-04-14T15:36:00+00:00,328.81,329.13,328.78,329.12,414
2026-04-14T15:39:00+00:00,329.12,329.43,328.88,329.18,460
2026-04-14T15:42:00+00:00,329.18,329.99,329.16,329.76,479
2026-04-14T15:45:00+00:00,329.76,330.06,328.95,329.09,549
2026-04-14T15:48:00+00:00,329.09,329.54,329.05,329.5,434
2026-04-14T15:51:00+00:00,329.5,329.92,329.39,329.85,453
2026-04-14T15:54:00+00:00,329.85,330.09,329.53,329.65,420
2026-04-14T15:57:00+00:00,329.65,329.81,329.35,329.41,433
2026-04-14T16:00:00+00:00,329.41,329.7,329.3,329.61,457
2026-04-14T16:03:00+00:00,329.61,330.17,329.52,330.08,435
2026-04-14T16:06:00+00:00,330.08,330.15,329.68,329.73,370
2026-04-14T16:09:00+00:00,329.73,329.91,329.53,329.83,399
2026-04-14T16:12:00+00:00,329.83,329.92,329.68,329.92,304
2026-04-14T16:15:00+00:00,329.92,330.11,329.9,330.06,350
2026-04-14T16:18:00+00:00,330.06,330.11,329.88,329.99,351
2026-04-14T16:21:00+00:00,329.99,330.03,329.63,329.74,380
2026-04-14T16:24:00+00:00,329.74,330.11,329.7,329.91,258
2026-04-14T16:27:00+00:00,329.91,330.2,329.88,330.03,322
2026-04-14T16:30:00+00:00,330.03,330.08,329.59,329.65,395
2026-04-14T16:33:00+00:00,329.65,329.94,329.58,329.73,339
2026-04-14T16:36:00+00:00,329.73,329.82,329.5,329.53,353
2026-04-14T16:39:00+00:00,329.53,329.65,329.41,329.45,296
2026-04-14T16:42:00+00:00,329.45,329.52,329.33,329.51,339
2026-04-14T16:45:00+00:00,329.51,329.7,329.35,329.39,370
2026-04-14T16:48:00+00:00,329.39,330.05,329.3,329.97,455
2026-04-14T16:51:00+00:00,329.97,330.07,329.79,329.89,359
2026-04-14T16:54:00+00:00,329.89,330.08,329.84,330,288
2026-04-14T16:57:00+00:00,330,330.14,329.82,330.04,369
2026-04-14T17:00:00+00:00,330.04,330.24,329.88,330.05,263
2026-04-14T17:03:00+00:00,330.05,330.09,329.78,329.81,321
2026-04-14T17:06:00+00:00,329.81,329.98,329.56,329.59,350
2026-04-14T17:09:00+00:00,329.59,329.87,329.53,329.86,272
2026-04-14T17:12:00+00:00,329.86,329.96,329.77,329.92,261
2026-04-14T17:15:00+00:00,329.92,329.97,329.74,329.93,223
2026-04-14T17:18:00+00:00,329.93,330.36,329.92,330.2,232
2026-04-14T17:21:00+00:00,330.2,330.33,330.13,330.18,276
2026-04-14T17:24:00+00:00,330.18,330.37,330.13,330.32,284
2026-04-14T17:27:00+00:00,330.32,330.42,330.01,330.02,267
2026-04-14T17:30:00+00:00,330.02,330.16,329.95,330.04,261
2026-04-14T17:33:00+00:00,330.04,330.25,330.01,330.05,287
2026-04-14T17:36:00+00:00,330.05,330.09,329.92,330.01,286
2026-04-14T17:39:00+00:00,330.01,330.08,329.94,329.96,320
2026-04-14T17:42:00+00:00,329.96,330.15,329.94,330.06,216
2026-04-14T17:45:00+00:00,330.06,330.22,330.03,330.13,268
2026-04-14T17:48:00+00:00,330.13,330.14,329.94,330.05,261
2026-04-14T17:51:00+00:00,330.05,330.1,329.58,329.69,339
2026-04-14T17:54:00+00:00,329.69,329.87,329.58,329.72,327
2026-04-14T17:57:00+00:00,329.72,329.97,329.72,329.84,220
2026-04-14T18:00:00+00:00,329.84,330.03,329.77,329.92,286
2026-04-14T18:03:00+00:00,329.92,330.01,329.78,329.98,243
2026-04-14T18:06:00+00:00,329.98,329.99,329.73,329.74,269
2026-04-14T18:09:00+00:00,329.74,329.82,329.58,329.74,265
2026-04-14T18:12:00+00:00,329.74,329.74,329.53,329.58,254
2026-04-14T18:15:00+00:00,329.58,329.68,329.44,329.48,198
2026-04-14T18:18:00+00:00,329.48,329.57,329.38,329.48,323
2026-04-14T18:21:00+00:00,329.48,329.51,329.04,329.2,438
2026-04-14T18:24:00+00:00,329.2,329.2,328.93,329.04,336
2026-04-14T18:27:00+00:00,329.04,329.22,328.9,328.94,306
2026-04-14T18:30:00+00:00,328.94,329.08,328.84,328.95,344
2026-04-14T18:33:00+00:00,328.95,329.05,328.81,329.02,284
2026-04-14T18:36:00+00:00,329.02,329.17,328.97,329.01,309
2026-04-14T18:39:00+00:00,329.01,329.2,329.01,329.07,268
2026-04-14T18:42:00+00:00,329.07,329.18,328.94,329.03,293
2026-04-14T18:45:00+00:00,329.03,329.22,328.98,328.98,253
2026-04-14T18:48:00+00:00,328.98,329.08,328.83,328.83,201
2026-04-14T18:51:00+00:00,328.83,329.06,328.83,328.91,263
2026-04-14T18:54:00+00:00,328.91,329.07,328.82,328.91,270
2026-04-14T18:57:00+00:00,328.91,329.04,328.88,328.93,155
2026-04-14T19:00:00+00:00,328.93,329.36,328.93,329.31,239
2026-04-14T19:03:00+00:00,329.31,329.53,329.3,329.48,219
2026-04-14T19:06:00+00:00,329.48,329.58,329.37,329.45,143
2026-04-14T19:09:00+00:00,329.45,329.55,329.32,329.53,185
2026-04-14T19:12:00+00:00,329.53,329.54,329.18,329.22,212
2026-04-14T19:15:00+00:00,329.22,329.36,329.07,329.08,217
2026-04-14T19:18:00+00:00,329.08,329.1,328.8,328.86,222
2026-04-14T19:21:00+00:00,328.86,329.24,328.82,329.17,243
2026-04-14T19:24:00+00:00,329.17,329.36,329.15,329.23,273
2026-04-14T19:27:00+00:00,329.23,329.51,329.22,329.51,254
2026-04-14T19:30:00+00:00,329.51,329.58,329.27,329.56,297
2026-04-14T19:33:00+00:00,329.56,329.62,329.27,329.29,328
2026-04-14T19:36:00+00:00,329.29,329.75,329.27,329.68,294
2026-04-14T19:39:00+00:00,329.68,329.95,329.67,329.72,430
2026-04-14T19:42:00+00:00,329.72,329.92,329.66,329.86,400
2026-04-14T19:45:00+00:00,329.86,330,329.73,329.73,413
2026-04-14T19:48:00+00:00,329.73,329.83,329.19,329.35,620
2026-04-14T19:51:00+00:00,329.35,329.41,329.02,329.37,615
2026-04-14T19:54:00+00:00,329.37,330.1,329.17,330.1,886
2026-04-14T19:57:00+00:00,330.1,330.52,329.9,330.29,1131
2026-04-15T13:30:00+00:00,330.29,331.36,329.58,329.89,935
2026-04-15T13:33:00+00:00,329.89,330.55,329.57,329.62,1068
2026-04-15T13:36:00+00:00,329.62,329.71,328.52,328.81,1103
2026-04-15T13:39:00+00:00,328.81,329.46,328.75,328.91,1207
2026-04-15T13:42:00+00:00,328.91,329.29,328.64,328.64,908
2026-04-15T13:45:00+00:00,328.64,329.47,328.64,329.45,792
2026-04-15T13:48:00+00:00,329.45,329.63,328.8,328.96,766
2026-04-15T13:51:00+00:00,328.96,329.8,328.89,329.66,747
2026-04-15T13:54:00+00:00,329.66,329.97,329.47,329.94,656
2026-04-15T13:57:00+00:00,329.94,330.2,329.83,330.17,609
2026-04-15T14:00:00+00:00,330.17,330.76,330.12,330.66,829
2026-04-15T14:03:00+00:00,330.66,330.95,330.38,330.44,564
2026-04-15T14:06:00+00:00,330.44,330.51,330.14,330.23,473
2026-04-15T14:09:00+00:00,330.23,330.39,329.94,330.28,592
2026-04-15T14:12:00+00:00,330.28,330.32,329.94,330.2,481
2026-04-15T14:15:00+00:00,330.2,330.72,330.1,330.63,591
2026-04-15T14:18:00+00:00,330.63,330.84,330.43,330.81,635
2026-04-15T14:21:00+00:00,330.81,331.4,330.78,331.22,619
2026-04-15T14:24:00+00:00,331.22,331.86,331.2,331.81,559
2026-04-15T14:27:00+00:00,331.81,332.05,331.46,331.76,436
2026-04-15T14:30:00+00:00,331.76,331.85,331.46,331.71,505
2026-04-15T14:33:00+00:00,331.71,331.71,331.12,331.23,509
2026-04-15T14:36:00+00:00,331.23,331.43,331.04,331.08,393
2026-04-15T14:39:00+00:00,331.08,331.09,330.71,330.9,513
2026-04-15T14:42:00+00:00,330.9,331.15,330.75,331.03,460
2026-04-15T14:45:00+00:00,331.03,331.37,331.03,331.17,406
2026-04-15T14:48:00+00:00,331.17,331.47,331.14,331.32,411
2026-04-15T14:51:00+00:00,331.32,331.53,331.18,331.26,513
2026-04-15T14:54:00+00:00,331.26,331.56,331.18,331.55,454
2026-04-15T14:57:00+00:00,331.55,331.65,-1452.7399999999998,-1452.7399999999998,435.5870541611625
2026-04-15T15:00:00+00:00,331.09,331.18,330.83,330.84,614
2026-04-15T15:03:00+00:00,330.84,330.92,330.43,330.57,509
2026-04-15T15:06:00+00:00,330.57,330.59,330,330.28,549
2026-04-15T15:09:00+00:00,330.28,330.78,330.26,330.52,354
2026-04-15T15:12:00+00:00,330.52,330.71,330.38,330.47,521
2026-04-15T15:15:00+00:00,330.47,330.47,330.13,330.2,415
2026-04-15T15:18:00+00:00,330.2,330.47,330.2,330.25,327
2026-04-15T15:21:00+00:00,330.25,330.48,330.08,330.14,448
2026-04-15T15:24:00+00:00,330.14,330.17,329.97,330.08,429
2026-04-15T15:27:00+00:00,330.08,330.21,329.96,330.15,380
2026-04-15T15:30:00+00:00,330.15,330.22,329.99,330.07,474
2026-04-15T15:33:00+00:00,330.07,330.2,329.96,330.1,391
2026-04-15T15:36:00+00:00,330.1,330.32,330,330.23,379
2026-04-15T15:39:00+00:00,330.23,330.38,330.18,330.36,296
2026-04-15T15:42:00+00:00,330.36,330.68,330.32,330.53,445
2026-04-15T15:45:00+00:00,330.53,330.77,330.5,330.54,364
2026-04-15T15:48:00+00:00,330.54,330.74,330.46,330.66,398
2026-04-15T15:51:00+00:00,330.66,330.93,330.6,330.66,322
2026-04-15T15:54:00+00:00,330.66,330.68,330.38,330.49,323
2026-04-15T15:57:00+00:00,330.49,330.72,330.4,330.47,344
2026-04-15T16:00:00+00:00,330.47,330.64,330.27,330.55,412
2026-04-15T16:03:00+00:00,330.55,330.66,330.47,330.63,350
2026-04-15T16:06:00+00:00,330.63,330.88,330.63,330.87,307
2026-04-15T16:09:00+00:00,330.87,331.23,330.73,331.14,288
2026-04-15T16:12:00+00:00,331.14,331.44,331.1,331.37,238
2026-04-15T16:15:00+00:00,331.37,331.89,331.36,331.85,333
2026-04-15T16:18:00+00:00,331.85,332.17,331.79,332.12,309
2026-04-15T16:21:00+00:00,332.12,332.15,331.8,332,339
2026-04-15T16:24:00+00:00,332,332.19,331.93,332.09,411
2026-04-15T16:27:00+00:00,332.09,332.32,332.02,332.13,359
2026-04-15T16:30:00+00:00,332.13,332.16,331.88,332.05,387
2026-04-15T16:33:00+00:00,332.05,332.17,331.88,332.08,360
2026-04-15T16:36:00+00:00,332.08,332.13,331.78,331.78,329
2026-04-15T16:39:00+00:00,331.78,331.81,331.28,331.28,612
2026-04-15T16:42:00+00:00,331.28,331.76,331.25,331.53,692
2026-04-15T16:45:00+00:00,331.53,331.92,331.11,331.74,670
2026-04-15T16:48:00+00:00,331.74,332.08,331.64,331.85,529
2026-04-15T16:51:00+00:00,331.85,331.88,331.68,331.76,458
2026-04-15T16:54:00+00:00,331.76,332.03,331.59,331.88,434
2026-04-15T16:57:00+00:00,331.88,332.02,331.44,331.44,291
2026-04-15T17:00:00+00:00,331.44,331.58,331.22,331.52,219
2026-04-15T17:03:00+00:00,331.52,331.78,331.4,331.74,337
2026-04-15T17:06:00+00:00,331.74,331.92,331.51,331.62,295
2026-04-15T17:09:00+00:00,331.62,331.65,331.49,331.62,239
2026-04-15T17:12:00+00:00,331.62,331.71,331.56,331.68,178
2026-04-15T17:15:00+00:00,331.68,331.93,331.68,331.91,219
2026-04-15T17:18:00+00:00,331.91,332,331.81,331.95,204
2026-04-15T17:21:00+00:00,331.95,332,331.77,331.84,397
2026-04-15T17:24:00+00:00,331.84,332.5,331.84,332.35,463
2026-04-15T17:27:00+00:00,332.35,332.55,332.32,332.4,280
2026-04-15T17:30:00+00:00,332.4,332.74,332.39,332.61,353
2026-04-15T17:33:00+00:00,332.61,332.83,332.61,332.8,341
2026-04-15T17:36:00+00:00,332.8,332.98,332.68,332.83,377
2026-04-15T17:39:00+00:00,332.83,332.85,332.53,332.57,376
2026-04-15T17:42:00+00:00,332.57,332.61,332.31,332.49,367
2026-04-15T17:45:00+00:00,332.49,332.65,332.47,332.51,268
2026-04-15T17:48:00+00:00,332.51,332.68,332.5,332.6,288
2026-04-15T17:51:00+00:00,332.6,332.96,332.57,332.91,411
2026-04-15T17:54:00+00:00,332.91,332.94,332.75,332.8,260
2026-04-15T17:57:00+00:00,332.8,332.8,332.58,332.58,352
2026-04-15T18:00:00+00:00,332.58,333.02,332.3,332.77,697
2026-04-15T18:03:00+00:00,332.77,332.89,332.61,332.82,695
2026-04-15T18:06:00+00:00,332.82,332.98,332.73,332.94,456
2026-04-15T18:09:00+00:00,332.94,332.95,332.66,332.92,399
2026-04-15T18:12:00+00:00,332.92,332.96,332.8,332.82,418
2026-04-15T18:15:00+00:00,332.82,333.07,332.82,332.94,327
2026-04-15T18:18:00+00:00,332.94,332.96,332.67,332.74,365
2026-04-15T18:21:00+00:00,332.74,332.77,332.56,332.6,337
2026-04-15T18:24:00+00:00,332.6,332.62,332.42,332.48,231
2026-04-15T18:27:00+00:00,332.48,332.67,332.36,332.44,267
2026-04-15T18:30:00+00:00,332.44,332.67,332.42,332.6,276
2026-04-15T18:33:00+00:00,332.6,333.71,332.58,333.3,727
2026-04-15T18:36:00+00:00,333.3,333.48,333.12,333.28,464
2026-04-15T18:39:00+00:00,333.28,333.41,332.95,332.99,464
2026-04-15T18:42:00+00:00,332.99,333.46,332.91,333.45,387
2026-04-15T18:45:00+00:00,333.45,333.81,333.38,333.8,334
2026-04-15T18:48:00+00:00,333.8,334.38,333.72,334.23,337
2026-04-15T18:51:00+00:00,334.23,334.4,334.18,334.28,323
2026-04-15T18:54:00+00:00,334.28,334.52,334.24,334.45,288
2026-04-15T18:57:00+00:00,334.45,334.46,334.14,334.15,322
2026-04-15T19:00:00+00:00,334.15,334.18,333.72,333.95,406
2026-04-15T19:03:00+00:00,333.95,334.02,333.56,333.7,351
2026-04-15T19:06:00+00:00,333.7,333.89,333.62,333.83,290
2026-04-15T19:09:00+00:00,333.83,333.86,333.49,333.51,367
2026-04-15T19:12:00+00:00,333.51,333.6,332.97,333.05,408
2026-04-15T19:15:00+00:00,333.05,333.13,332.89,333.01,358
2026-04-15T19:18:00+00:00,333.01,333.11,332.94,332.99,287
2026-04-15T19:21:00+00:00,332.99,333.06,332.89,333.02,288
2026-04-15T19:24:00+00:00,333.02,333.03,332.89,332.99,278
2026-04-15T19:27:00+00:00,332.99,333.08,332.88,333.01,343
2026-04-15T19:30:00+00:00,333.01,333.04,332.83,332.97,351
2026-04-15T19:33:00+00:00,332.97,333.45,332.94,333.37,460
2026-04-15T19:36:00+00:00,333.37,333.6,333.31,333.41,417
2026-04-15T19:39:00+00:00,333.41,333.42,333.24,333.24,530
2026-04-15T19:42:00+00:00,333.24,333.48,333.16,333.33,549
2026-04-15T19:45:00+00:00,333.33,333.55,333.23,333.5,493
2026-04-15T19:48:00+00:00,333.5,333.74,333.43,333.56,641
2026-04-15T19:51:00+00:00,333.56,333.85,333.53,333.81,666
2026-04-15T19:54:00+00:00,333.81,334.56,333.81,334.33,946
2026-04-15T19:57:00+00:00,334.33,334.63,334.02,334.23,1339
2026-04-16T13:30:00+00:00,334.23,337.1,333.98,333.98,912
2026-04-16T13:33:00+00:00,333.98,334.35,333.4,333.95,799
2026-04-16T13:36:00+00:00,333.95,334.56,333.48,334.12,1087
2026-04-16T13:39:00+00:00,334.12,334.65,333.9,334.14,1283
2026-04-16T13:42:00+00:00,334.14,334.35,333.64,334.28,951
2026-04-16T13:45:00+00:00,334.28,334.83,334.2,334.29,847
2026-04-16T13:48:00+00:00,334.29,334.37,333.45,333.49,768
2026-04-16T13:51:00+00:00,333.49,334.04,333.38,333.69,933
2026-04-16T13:54:00+00:00,333.69,333.69,332.89,333.43,1082
2026-04-16T13:57:00+00:00,333.43,333.44,332.89,333.29,850
2026-04-16T14:00:00+00:00,333.29,333.39,332.88,333.1,885
2026-04-16T14:03:00+00:00,333.1,333.61,332.88,333.6,776
2026-04-16T14:06:00+00:00,333.6,334.2,333.45,334.2,661
2026-04-16T14:09:00+00:00,334.2,334.56,333.97,334.23,641
2026-04-16T14:12:00+00:00,334.23,334.74,334.18,334.31,598
2026-04-16T14:15:00+00:00,334.31,334.52,333.9,334.02,566
2026-04-16T14:18:00+00:00,334.02,334.04,333.58,333.64,575
2026-04-16T14:21:00+00:00,333.64,333.92,333.48,333.64,683
2026-04-16T14:24:00+00:00,333.64,333.79,333.52,333.64,741
2026-04-16T14:27:00+00:00,333.64,333.98,333.52,333.92,607
2026-04-16T14:30:00+00:00,333.92,334.18,333.84,334.02,769
2026-04-16T14:33:00+00:00,334.02,334.12,333.73,333.9,631
2026-04-16T14:36:00+00:00,333.9,334.09,333.71,333.83,633
2026-04-16T14:39:00+00:00,333.83,334.34,333.8,334.3,545
2026-04-16T14:42:00+00:00,334.3,334.75,334.22,334.75,550
2026-04-16T14:45:00+00:00,334.75,334.96,334.48,334.6,679
2026-04-16T14:48:00+00:00,334.6,334.94,334.46,334.82,504
2026-04-16T14:51:00+00:00,334.82,335.13,334.7,334.82,565
2026-04-16T14:54:00+00:00,334.82,334.82,333.9,334.39,709
2026-04-16T14:57:00+00:00,334.39,334.55,334.16,334.25,554
2026-04-16T15:00:00+00:00,334.25,334.46,334.17,334.34,418
2026-04-16T15:03:00+00:00,334.34,334.61,334.25,334.58,516
2026-04-16T15:06:00+00:00,334.58,334.78,334.38,334.74,406
2026-04-16T15:09:00+00:00,334.74,335.15,334.73,334.97,466
2026-04-16T15:12:00+00:00,334.97,335.03,334.66,334.92,459
2026-04-16T15:15:00+00:00,334.92,335.28,334.92,335.22,465
2026-04-16T15:18:00+00:00,335.22,335.23,334.73,334.79,464
2026-04-16T15:21:00+00:00,334.79,334.87,334.56,334.59,395
2026-04-16T15:24:00+00:00,334.59,334.79,334.49,334.73,335
2026-04-16T15:27:00+00:00,334.73,334.73,333.77,333.78,611
2026-04-16T15:30:00+00:00,333.78,334.24,333.68,334.12,448
2026-04-16T15:33:00+00:00,334.12,334.53,334.01,334.46,519
2026-04-16T15:36:00+00:00,334.46,334.73,334.31,334.53,616
2026-04-16T15:39:00+00:00,334.53,334.54,334,334.12,476
2026-04-16T15:42:00+00:00,334.12,334.39,334.03,334.22,623
2026-04-16T15:45:00+00:00,334.22,334.37,334.1,334.27,374
2026-04-16T15:48:00+00:00,334.27,334.63,334.25,334.61,454
2026-04-16T15:51:00+00:00,334.61,334.69,334.23,334.27,370
2026-04-16T15:54:00+00:00,334.27,334.61,334.2,334.51,373
2026-04-16T15:57:00+00:00,334.51,334.74,334.44,334.67,326
2026-04-16T16:00:00+00:00,334.67,335.05,334.65,334.91,349
2026-04-16T16:03:00+00:00,334.91,335.05,334.79,334.98,320
2026-04-16T16:06:00+00:00,334.98,335.11,334.88,335.08,367
2026-04-16T16:09:00+00:00,335.08,335.22,335.05,335.18,265
2026-04-16T16:12:00+00:00,335.18,335.53,335.11,335.5,236
2026-04-16T16:15:00+00:00,335.5,335.68,335.47,335.62,339
2026-04-16T16:18:00+00:00,335.62,335.69,335.41,335.41,285
2026-04-16T16:21:00+00:00,335.41,335.56,335.22,335.23,356
2026-04-16T16:24:00+00:00,335.23,335.34,335.14,335.14,392
2026-04-16T16:27:00+00:00,335.14,335.31,335.01,335.1,392
2026-04-16T16:30:00+00:00,335.1,335.21,334.9,334.97,476
2026-04-16T16:33:00+00:00,334.97,334.97,334.13,334.67,961
2026-04-16T16:36:00+00:00,334.67,335.05,334.6,335.02,500
2026-04-16T16:39:00+00:00,335.02,335.14,334.81,334.87,450
2026-04-16T16:42:00+00:00,334.87,335,334.76,334.78,399
2026-04-16T16:45:00+00:00,334.78,335.15,334.76,335.09,436
2026-04-16T16:48:00+00:00,335.09,335.26,334.99,335.22,322
2026-04-16T16:51:00+00:00,335.22,335.22,334.69,334.79,335
2026-04-16T16:54:00+00:00,334.79,334.85,334.63,334.83,463
2026-04-16T16:57:00+00:00,334.83,334.89,334.63,334.71,372
2026-04-16T17:00:00+00:00,334.71,334.73,334.46,334.51,412
2026-04-16T17:03:00+00:00,334.51,334.53,334.13,334.15,332
2026-04-16T17:06:00+00:00,334.15,334.22,334,334.04,350
2026-04-16T17:09:00+00:00,334.04,334.41,334,334.2,445
2026-04-16T17:12:00+00:00,334.2,334.23,333.84,333.84,353
2026-04-16T17:15:00+00:00,333.84,333.93,333.38,333.53,524
2026-04-16T17:18:00+00:00,333.53,333.58,333.22,333.25,447
2026-04-16T17:21:00+00:00,333.25,333.34,332.98,333.29,366
2026-04-16T17:24:00+00:00,333.29,333.56,333.29,333.37,383
2026-04-16T17:27:00+00:00,333.37,333.4,333.12,333.19,297
2026-04-16T17:30:00+00:00,333.19,333.57,333.19,333.38,319
2026-04-16T17:33:00+00:00,333.38,333.39,332.87,332.9,297
2026-04-16T17:36:00+00:00,332.9,333.14,332.83,333.12,322
2026-04-16T17:39:00+00:00,333.12,333.5,333.09,333.44,325
2026-04-16T17:42:00+00:00,333.44,333.62,333.35,333.53,304
2026-04-16T17:45:00+00:00,333.53,333.69,333.34,333.67,218
2026-04-16T17:48:00+00:00,333.67,333.74,333.39,333.54,285
2026-04-16T17:51:00+00:00,333.54,333.54,333.11,333.21,251
2026-04-16T17:54:00+00:00,333.21,333.25,332.69,332.77,439
2026-04-16T17:57:00+00:00,332.77,332.79,332.13,332.37,708
2026-04-16T18:00:00+00:00,332.37,332.74,332.28,332.44,693
2026-04-16T18:03:00+00:00,332.44,332.72,332.35,332.53,636
2026-04-16T18:06:00+00:00,332.53,332.65,332.25,332.49,494
2026-04-16T18:09:00+00:00,332.49,332.51,332.13,332.51,593
2026-04-16T18:12:00+00:00,332.51,332.64,332.22,332.41,463
2026-04-16T18:15:00+00:00,332.41,332.54,332.2,332.2,355
2026-04-16T18:18:00+00:00,332.2,332.38,332.09,332.28,422
2026-04-16T18:21:00+00:00,332.28,332.3,331.9,331.92,298
2026-04-16T18:24:00+00:00,331.92,331.92,331.63,331.79,349
2026-04-16T18:27:00+00:00,331.79,332.04,331.53,332.04,295
2026-04-16T18:30:00+00:00,332.04,332.51,331.93,332.49,628
2026-04-16T18:33:00+00:00,332.49,332.64,332.33,332.47,493
2026-04-16T18:36:00+00:00,332.47,332.56,332.35,332.46,354
2026-04-16T18:39:00+00:00,332.46,332.66,332.35,332.45,383
2026-04-16T18:42:00+00:00,332.45,332.51,332.2,332.32,306
2026-04-16T18:45:00+00:00,332.32,332.58,332.24,332.49,280
2026-04-16T18:48:00+00:00,332.49,332.52,332.27,332.42,272
2026-04-16T18:51:00+00:00,332.42,332.45,332.28,332.42,323
2026-04-16T18:54:00+00:00,332.42,332.42,331.95,332.02,411
2026-04-16T18:57:00+00:00,332.02,332.27,331.96,332.25,326
2026-04-16T19:00:00+00:00,332.25,332.34,331.95,332.22,447
2026-04-16T19:03:00+00:00,332.22,332.28,331.89,332.01,272
2026-04-16T19:06:00+00:00,332.01,332.12,331.73,331.93,356
2026-04-16T19:09:00+00:00,331.93,332.13,331.75,331.97,267
2026-04-16T19:12:00+00:00,331.97,332.06,331.8,332.06,324
2026-04-16T19:15:00+00:00,332.06,332.15,331.88,331.9,244
2026-04-16T19:18:00+00:00,331.9,332.22,331.9,332.11,236
2026-04-16T19:21:00+00:00,332.11,332.16,331.92,331.97,236
2026-04-16T19:24:00+00:00,331.97,331.99,331.8,331.85,236
2026-04-16T19:27:00+00:00,331.85,332.17,331.8,332.06,254
2026-04-16T19:30:00+00:00,332.06,332.29,332.05,332.19,416
2026-04-16T19:33:00+00:00,332.19,332.67,332.17,332.67,327
2026-04-16T19:36:00+00:00,332.67,332.82,332.63,332.69,304
2026-04-16T19:39:00+00:00,332.69,332.94,332.59,332.62,389
2026-04-16T19:42:00+00:00,332.62,332.75,332.41,332.41,285
2026-04-16T19:45:00+00:00,332.41,332.64,332.27,332.5,378
2026-04-16T19:48:00+00:00,332.5,333.05,332.43,332.62,495
2026-04-16T19:51:00+00:00,332.62,332.78,332.42,332.53,452
2026-04-16T19:54:00+00:00,332.53,333.1,331.96,333.05,708
2026-04-16T19:57:00+00:00,333.05,333.22,331.9,332.32,1096
2026-04-17T13:30:00+00:00,332.32,335.23,332.32,334.55,736
2026-04-17T13:33:00+00:00,334.55,334.75,333.62,333.63,631
2026-04-17T13:36:00+00:00,333.63,334.19,333.39,333.94,965
2026-04-17T13:39:00+00:00,333.94,334.96,333.78,334.88,1098
2026-04-17T13:42:00+00:00,334.88,335.37,334.49,334.7,893
2026-04-17T13:45:00+00:00,334.7,334.81,333.71,333.81,807
2026-04-17T13:48:00+00:00,333.81,334.43,333.47,334.01,930
2026-04-17T13:51:00+00:00,334.01,334.37,333.56,333.69,1143
2026-04-17T13:54:00+00:00,333.69,333.8,333.13,333.45,1065
2026-04-17T13:57:00+00:00,333.45,334.04,333.18,334.04,809
2026-04-17T14:00:00+00:00,334.04,334.94,333.93,334.74,719
2026-04-17T14:03:00+00:00,334.74,335.14,334.55,335.03,699
2026-04-17T14:06:00+00:00,335.03,335.14,334.54,334.72,560
2026-04-17T14:09:00+00:00,334.72,334.81,334.41,334.51,830
2026-04-17T14:12:00+00:00,334.51,334.89,334.48,334.79,553
2026-04-17T14:15:00+00:00,334.79,334.8,334.17,334.3,609
2026-04-17T14:18:00+00:00,334.3,334.73,334.14,334.61,706
2026-04-17T14:21:00+00:00,334.61,334.76,334.2,334.37,590
2026-04-17T14:24:00+00:00,334.37,334.51,334.22,334.38,635
2026-04-17T14:27:00+00:00,334.38,334.48,334.24,334.31,507
2026-04-17T14:30:00+00:00,334.31,334.71,334.3,334.55,510
2026-04-17T14:33:00+00:00,334.55,334.95,334.48,334.53,543
2026-04-17T14:36:00+00:00,334.53,334.75,334.29,334.58,515
2026-04-17T14:39:00+00:00,334.58,334.75,334.38,334.65,604
2026-04-17T14:42:00+00:00,334.65,334.85,334.47,334.48,487
2026-04-17T14:45:00+00:00,334.48,334.7,334.3,334.51,559
2026-04-17T14:48:00+00:00,334.51,334.72,334.48,334.48,456
2026-04-17T14:51:00+00:00,334.48,334.87,334.48,334.7,484
2026-04-17T14:54:00+00:00,334.7,334.72,334.05,334.33,545
2026-04-17T14:57:00+00:00,334.33,334.55,-1449.6599999999999,-1449.61,502.76425554382257
2026-04-17T15:00:00+00:00,334.21,334.36,333.91,334.29,546
2026-04-17T15:03:00+00:00,334.29,334.46,333.79,333.93,932
2026-04-17T15:06:00+00:00,333.93,334.28,333.93,334.06,564
2026-04-17T15:09:00+00:00,334.06,334.13,333.77,333.8,476
2026-04-17T15:12:00+00:00,333.8,334.22,333.78,334.2,599
2026-04-17T15:15:00+00:00,334.2,334.59,334.15,334.51,537
2026-04-17T15:18:00+00:00,334.51,334.6,334.28,334.51,529
2026-04-17T15:21:00+00:00,334.51,335.04,334.34,335.03,423
2026-04-17T15:24:00+00:00,335.03,335.32,334.79,335.22,404
2026-04-17T15:27:00+00:00,335.22,335.4,335.06,335.38,415
2026-04-17T15:30:00+00:00,335.38,335.83,335.38,335.78,459
2026-04-17T15:33:00+00:00,335.78,336.37,335.71,336.25,511
2026-04-17T15:36:00+00:00,336.25,336.36,335.83,336.08,490
2026-04-17T15:39:00+00:00,336.08,336.14,335.68,335.71,544
2026-04-17T15:42:00+00:00,335.71,335.74,335.28,335.3,639
2026-04-17T15:45:00+00:00,335.3,335.56,335.21,335.36,398
2026-04-17T15:48:00+00:00,335.36,335.79,335.28,335.6,679
2026-04-17T15:51:00+00:00,335.6,335.8,335.47,335.5,549
2026-04-17T15:54:00+00:00,335.5,335.64,335.34,335.37,450
2026-04-17T15:57:00+00:00,335.37,335.63,335.1,335.12,485
2026-04-17T16:00:00+00:00,335.12,335.57,335.01,335.48,675
2026-04-17T16:03:00+00:00,335.48,335.82,335.47,335.7,605
2026-04-17T16:06:00+00:00,335.7,336.1,335.68,335.94,491
2026-04-17T16:09:00+00:00,335.94,336.02,335.67,335.98,637
2026-04-17T16:12:00+00:00,335.98,336.06,335.88,336,240
2026-04-17T16:15:00+00:00,336,336.3,335.79,335.9,375
2026-04-17T16:18:00+00:00,335.9,336.21,335.81,336.03,685
2026-04-17T16:21:00+00:00,336.03,336.3,335.99,336.25,413
2026-04-17T16:24:00+00:00,336.25,336.45,336.18,336.26,355
2026-04-17T16:27:00+00:00,336.26,336.32,336.05,336.21,417
2026-04-17T16:30:00+00:00,336.21,336.53,336.21,336.32,361
2026-04-17T16:33:00+00:00,336.32,336.73,336.25,336.56,411
2026-04-17T16:36:00+00:00,336.56,336.78,336.54,336.73,432
2026-04-17T16:39:00+00:00,336.73,336.98,336.61,336.61,349
2026-04-17T16:42:00+00:00,336.61,336.91,336.61,336.87,278
2026-04-17T16:45:00+00:00,336.87,337.12,336.86,336.87,230
2026-04-17T16:48:00+00:00,336.87,337.08,336.74,337.02,319
2026-04-17T16:51:00+00:00,337.02,337.04,336.77,336.98,307
2026-04-17T16:54:00+00:00,336.98,336.98,336.58,336.69,224
2026-04-17T16:57:00+00:00,336.69,336.77,336.51,336.63,342
2026-04-17T17:00:00+00:00,336.63,336.98,336.53,336.98,410
2026-04-17T17:03:00+00:00,336.98,337.25,336.97,337.25,333
2026-04-17T17:06:00+00:00,337.25,337.37,336.88,336.99,391
2026-04-17T17:09:00+00:00,336.99,337.29,336.9,337.15,604
2026-04-17T17:12:00+00:00,337.15,337.43,337.14,337.35,396
2026-04-17T17:15:00+00:00,337.35,337.56,337.23,337.39,418
2026-04-17T17:18:00+00:00,337.39,337.41,336.88,336.91,429
2026-04-17T17:21:00+00:00,336.91,337.39,336.68,337.35,685
2026-04-17T17:24:00+00:00,337.35,337.37,336.48,336.84,952
2026-04-17T17:27:00+00:00,336.84,337.22,336.76,337.16,759
2026-04-17T17:30:00+00:00,337.16,337.4,336.97,337.12,747
2026-04-17T17:33:00+00:00,337.12,337.14,336.6,336.85,717
2026-04-17T17:36:00+00:00,336.85,337.28,336.79,337.21,475
2026-04-17T17:39:00+00:00,337.21,337.39,337.09,337.16,473
2026-04-17T17:42:00+00:00,337.16,337.37,337.07,337.23,458
2026-04-17T17:45:00+00:00,337.23,337.71,337.2,337.68,489
2026-04-17T17:48:00+00:00,337.68,337.82,337.5,337.82,406
2026-04-17T17:51:00+00:00,337.82,338.04,337.67,338,297
2026-04-17T17:54:00+00:00,338,338.11,337.9,337.97,342
2026-04-17T17:57:00+00:00,337.97,338.2,337.95,338.03,431
2026-04-17T18:00:00+00:00,338.03,338.48,338.03,338.25,480
2026-04-17T18:03:00+00:00,338.25,338.38,337.97,338.12,495
2026-04-17T18:06:00+00:00,338.12,338.38,338.02,338.12,625
2026-04-17T18:09:00+00:00,338.12,338.28,337.96,338.13,688
2026-04-17T18:12:00+00:00,338.13,338.3,337.83,338.02,452
2026-04-17T18:15:00+00:00,338.02,338.46,338.02,338.46,362
2026-04-17T18:18:00+00:00,338.46,338.53,338.22,338.28,515
2026-04-17T18:21:00+00:00,338.28,338.65,338.22,338.54,623
2026-04-17T18:24:00+00:00,338.54,339.18,338.53,339.12,481
2026-04-17T18:27:00+00:00,339.12,339.4,339.02,339.07,614
2026-04-17T18:30:00+00:00,339.07,339.68,338.99,339.61,544
2026-04-17T18:33:00+00:00,339.61,339.7,339.44,339.52,399
2026-04-17T18:36:00+00:00,339.52,339.58,339.17,339.31,363
2026-04-17T18:39:00+00:00,339.31,339.44,338.95,338.97,251
2026-04-17T18:42:00+00:00,338.97,338.99,338.74,338.92,190
2026-04-17T18:45:00+00:00,338.92,339.16,338.91,339.16,279
2026-04-17T18:48:00+00:00,339.16,339.39,339.06,339.28,294
2026-04-17T18:51:00+00:00,339.28,339.37,339.04,339.32,377
2026-04-17T18:54:00+00:00,339.32,339.8,339.1,339.63,481
2026-04-17T18:57:00+00:00,339.63,339.8,339.3,339.3,342
2026-04-17T19:00:00+00:00,339.3,339.76,339.26,339.69,352
2026-04-17T19:03:00+00:00,339.69,339.69,339.38,339.38,340
2026-04-17T19:06:00+00:00,339.38,339.38,339.04,339.17,248
2026-04-17T19:09:00+00:00,339.17,339.2,339.03,339.11,332
2026-04-17T19:12:00+00:00,339.11,339.22,338.9,338.94,400
2026-04-17T19:15:00+00:00,338.94,339.04,338.61,338.67,468
2026-04-17T19:18:00+00:00,338.67,339.02,338.56,338.86,377
2026-04-17T19:21:00+00:00,338.86,338.98,338.71,338.71,366
2026-04-17T19:24:00+00:00,338.71,338.96,338.6,338.75,331
2026-04-17T19:27:00+00:00,338.75,338.85,338.62,338.79,281
2026-04-17T19:30:00+00:00,338.79,339.12,338.79,339.1,452
2026-04-17T19:33:00+00:00,339.1,339.23,339.05,339.12,323
2026-04-17T19:36:00+00:00,339.12,339.38,339.05,339.34,367
2026-04-17T19:39:00+00:00,339.34,339.46,339.26,339.34,361
2026-04-17T19:42:00+00:00,339.34,339.8,339.34,339.8,420
2026-04-17T19:45:00+00:00,339.8,339.86,339.36,339.42,499
2026-04-17T19:48:00+00:00,339.42,339.5,338.88,338.94,666
2026-04-17T19:51:00+00:00,338.94,338.98,338.6,338.92,622
2026-04-17T19:54:00+00:00,338.92,339.37,338.72,339.27,821
2026-04-17T19:57:00+00:00,339.27,339.46,339.08,339.08,645
2026-04-20T13:30:00+00:00,339.08,339.08,335.45,335.7,687
2026-04-20T13:33:00+00:00,335.7,337.88,335.28,337.59,505
2026-04-20T13:36:00+00:00,337.59,337.73,336.78,336.78,651
2026-04-20T13:39:00+00:00,336.78,337.02,336.39,336.44,852
2026-04-20T13:42:00+00:00,336.44,337.03,336.1,336.8,824
2026-04-20T13:45:00+00:00,336.8,337.2,336.49,336.78,797
2026-04-20T13:48:00+00:00,336.78,336.88,336.19,336.51,984
2026-04-20T13:51:00+00:00,336.51,337.23,336.28,336.9,773
2026-04-20T13:54:00+00:00,336.9,337.9,336.9,337.74,620
2026-04-20T13:57:00+00:00,337.74,338.03,337.54,337.96,578
2026-04-20T14:00:00+00:00,337.96,338.13,337.39,337.72,554
2026-04-20T14:03:00+00:00,337.72,337.8,336.84,336.98,573
2026-04-20T14:06:00+00:00,336.98,337.08,336.76,336.93,570
2026-04-20T14:09:00+00:00,336.93,337.28,336.83,337.24,526
2026-04-20T14:12:00+00:00,337.24,337.83,337.23,337.55,652
2026-04-20T14:15:00+00:00,337.55,337.55,336.77,336.8,590
2026-04-20T14:18:00+00:00,336.8,337.43,336.59,337.26,430
2026-04-20T14:21:00+00:00,337.26,337.47,337.2,337.32,375
2026-04-20T14:24:00+00:00,337.32,337.83,337.24,337.68,388
2026-04-20T14:27:00+00:00,337.68,337.84,337.18,337.54,595
2026-04-20T14:30:00+00:00,337.54,337.6,337.18,337.34,692
2026-04-20T14:33:00+00:00,337.34,337.42,337.13,337.2,744
2026-04-20T14:36:00+00:00,337.2,337.56,337.18,337.36,773
2026-04-20T14:39:00+00:00,337.36,337.54,336.72,336.81,765
2026-04-20T14:42:00+00:00,336.81,337.2,336.42,336.98,843
2026-04-20T14:45:00+00:00,336.98,337.1,336.75,337,761
2026-04-20T14:48:00+00:00,337,337.55,336.98,337.1,592
2026-04-20T14:51:00+00:00,337.1,337.22,336.49,336.86,951
2026-04-20T14:54:00+00:00,336.86,336.95,336.29,336.34,708
2026-04-20T14:57:00+00:00,336.34,336.74,336.28,336.42,777
2026-04-20T15:00:00+00:00,336.42,336.63,335.78,335.81,870
2026-04-20T15:03:00+00:00,335.81,335.81,334.78,334.86,789
2026-04-20T15:06:00+00:00,334.86,335.14,334.49,335.06,649
2026-04-20T15:09:00+00:00,335.06,335.4,334.96,335.33,578
2026-04-20T15:12:00+00:00,335.33,335.35,334.77,335.1,469
2026-04-20T15:15:00+00:00,335.1,335.16,334.72,334.94,476
2026-04-20T15:18:00+00:00,334.94,335.42,334.92,335.29,507
2026-04-20T15:21:00+00:00,335.29,336.31,335.18,336.12,723
2026-04-20T15:24:00+00:00,336.12,336.34,335.89,336.15,624
2026-04-20T15:27:00+00:00,336.15,336.87,336.12,336.72,506
2026-04-20T15:30:00+00:00,336.72,336.74,336.25,336.34,578
2026-04-20T15:33:00+00:00,336.34,336.41,336.08,336.21,511
2026-04-20T15:36:00+00:00,336.21,336.23,335.88,335.95,406
2026-04-20T15:39:00+00:00,335.95,336.24,335.81,336.24,371
2026-04-20T15:42:00+00:00,336.24,336.24,335.81,336.07,440
2026-04-20T15:45:00+00:00,336.07,336.41,335.94,336.37,365
2026-04-20T15:48:00+00:00,336.37,336.46,336.07,336.08,331
2026-04-20T15:51:00+00:00,336.08,336.11,335.68,335.75,371
2026-04-20T15:54:00+00:00,335.75,336.09,335.74,336.03,303
2026-04-20T15:57:00+00:00,336.03,336.08,335.85,336.02,307
2026-04-20T16:00:00+00:00,336.02,336.24,335.95,336.1,281
2026-04-20T16:03:00+00:00,336.1,336.21,335.92,336.13,279
2026-04-20T16:06:00+00:00,336.13,336.55,336.13,336.48,288
2026-04-20T16:09:00+00:00,336.48,336.94,336.36,336.92,291
2026-04-20T16:12:00+00:00,336.92,336.98,336.53,336.59,346
2026-04-20T16:15:00+00:00,336.59,336.63,336.38,336.55,332
2026-04-20T16:18:00+00:00,336.55,336.86,336.52,336.65,306
2026-04-20T16:21:00+00:00,336.65,336.73,336.3,336.49,407
2026-04-20T16:24:00+00:00,336.49,336.58,336.32,336.4,278
2026-04-20T16:27:00+00:00,336.4,336.6,336.34,336.43,395
2026-04-20T16:30:00+00:00,336.43,336.71,336.43,336.61,311
2026-04-20T16:33:00+00:00,336.61,336.82,336.57,336.65,332
2026-04-20T16:36:00+00:00,336.65,336.83,336.61,336.77,343
2026-04-20T16:39:00+00:00,336.77,337.04,336.75,336.95,231
2026-04-20T16:42:00+00:00,336.95,337.1,336.88,337.02,257
2026-04-20T16:45:00+00:00,337.02,337.08,336.88,337.07,293
2026-04-20T16:48:00+00:00,337.07,337.11,336.7,336.76,257
2026-04-20T16:51:00+00:00,336.76,336.86,336.65,336.68,302
2026-04-20T16:54:00+00:00,336.68,336.74,336.57,336.69,244
2026-04-20T16:57:00+00:00,336.69,336.79,336.58,336.69,218
2026-04-20T17:00:00+00:00,336.69,336.72,336.37,336.56,291
2026-04-20T17:03:00+00:00,336.56,336.6,336.35,336.36,329
2026-04-20T17:06:00+00:00,336.36,336.44,336.27,336.34,239
2026-04-20T17:09:00+00:00,336.34,336.38,336.2,336.24,215
2026-04-20T17:12:00+00:00,336.24,336.31,336.14,336.27,255
2026-04-20T17:15:00+00:00,336.27,336.53,336.21,336.52,264
2026-04-20T17:18:00+00:00,336.52,336.58,336.32,336.45,335
2026-04-20T17:21:00+00:00,336.45,336.54,336.32,336.47,261
2026-04-20T17:24:00+00:00,336.47,336.53,336.22,336.24,227
2026-04-20T17:27:00+00:00,336.24,336.27,336.01,336.09,330
2026-04-20T17:30:00+00:00,336.09,336.15,335.98,336,326
2026-04-20T17:33:00+00:00,336,336.17,335.91,335.99,330
2026-04-20T17:36:00+00:00,335.99,336.41,335.98,336.3,362
2026-04-20T17:39:00+00:00,336.3,336.58,336.27,336.32,357
2026-04-20T17:42:00+00:00,336.32,336.54,336.21,336.53,251
2026-04-20T17:45:00+00:00,336.53,336.68,336.5,336.54,215
2026-04-20T17:48:00+00:00,336.54,336.66,336.46,336.55,195
2026-04-20T17:51:00+00:00,336.55,336.63,336.46,336.57,190
2026-04-20T17:54:00+00:00,336.57,336.66,336.38,336.41,217
2026-04-20T17:57:00+00:00,336.41,336.42,336.08,336.11,242
2026-04-20T18:00:00+00:00,336.11,336.18,335.88,336.06,374
2026-04-20T18:03:00+00:00,336.06,336.14,335.94,336.07,224
2026-04-20T18:06:00+00:00,336.07,336.36,336.01,336.23,262
2026-04-20T18:09:00+00:00,336.23,336.48,336.02,336.2,347
2026-04-20T18:12:00+00:00,336.2,336.39,336.12,336.31,437
2026-04-20T18:15:00+00:00,336.31,336.41,336.2,336.3,240
2026-04-20T18:18:00+00:00,336.3,336.39,336.17,336.35,200
2026-04-20T18:21:00+00:00,336.35,336.37,336.11,336.35,282
2026-04-20T18:24:00+00:00,336.35,336.39,336.27,336.31,207
2026-04-20T18:27:00+00:00,336.31,336.34,335.9,336.15,308
2026-04-20T18:30:00+00:00,336.15,336.38,336,336.15,330
2026-04-20T18:33:00+00:00,336.15,336.28,336.11,336.18,156
2026-04-20T18:36:00+00:00,336.18,336.28,335.99,336.16,261
2026-04-20T18:39:00+00:00,336.16,336.36,336.1,336.27,239
2026-04-20T18:42:00+00:00,336.27,336.4,336.18,336.35,201
2026-04-20T18:45:00+00:00,336.35,336.43,336.24,336.32,258
2026-04-20T18:48:00+00:00,336.32,336.59,336.28,336.47,209
2026-04-20T18:51:00+00:00,336.47,336.57,336.33,336.55,184
2026-04-20T18:54:00+00:00,336.55,336.6,336.31,336.32,189
2026-04-20T18:57:00+00:00,336.32,336.41,336.13,336.19,267
2026-04-20T19:00:00+00:00,336.19,336.31,336.14,336.16,294
2026-04-20T19:03:00+00:00,336.16,336.22,335.98,336.04,260
2026-04-20T19:06:00+00:00,336.04,336.25,336.04,336.18,174
2026-04-20T19:09:00+00:00,336.18,336.35,336.14,336.33,229
2026-04-20T19:12:00+00:00,336.33,336.46,336.3,336.42,255
2026-04-20T19:15:00+00:00,336.42,336.48,336.31,336.44,221
2026-04-20T19:18:00+00:00,336.44,336.46,336.21,336.24,174
2026-04-20T19:21:00+00:00,336.24,336.37,336.21,336.31,195
2026-04-20T19:24:00+00:00,336.31,336.37,336.12,336.2,213
2026-04-20T19:27:00+00:00,336.2,336.28,336.11,336.15,238
2026-04-20T19:30:00+00:00,336.15,336.29,336.03,336.05,332
2026-04-20T19:33:00+00:00,336.05,336.05,335.79,335.83,406
2026-04-20T19:36:00+00:00,335.83,335.89,335.74,335.82,431
2026-04-20T19:39:00+00:00,335.82,335.87,335.64,335.72,276
2026-04-20T19:42:00+00:00,335.72,335.74,335.46,335.48,307
2026-04-20T19:45:00+00:00,335.48,335.51,335.32,335.41,380
2026-04-20T19:48:00+00:00,335.41,335.59,335.3,335.37,477
2026-04-20T19:51:00+00:00,335.37,335.57,335.26,335.48,559
2026-04-20T19:54:00+00:00,335.48,335.58,334.83,334.97,706
2026-04-20T19:57:00+00:00,334.97,335.46,334.86,335.46,880
2026-04-21T13:30:00+00:00,335.46,335.46,333.6,334.42,531
2026-04-21T13:33:00+00:00,334.42,335.01,334.19,334.61,369
2026-04-21T13:36:00+00:00,334.61,335.19,334.23,334.53,722
2026-04-21T13:39:00+00:00,334.53,335.93,334.37,335.93,720
2026-04-21T13:42:00+00:00,335.93,336.97,335.79,336.6,615
2026-04-21T13:45:00+00:00,336.6,336.95,336.39,336.76,870
2026-04-21T13:48:00+00:00,336.76,336.81,335.8,335.98,715
2026-04-21T13:51:00+00:00,335.98,336.8,335.77,336.78,636
2026-04-21T13:54:00+00:00,336.78,336.78,335.9,336.4,638
2026-04-21T13:57:00+00:00,336.4,336.6,336.12,336.58,527
2026-04-21T14:00:00+00:00,336.58,337.06,335.96,336.08,506
2026-04-21T14:03:00+00:00,336.08,336.22,335.83,336.21,504
2026-04-21T14:06:00+00:00,336.21,336.74,336.15,336.62,468
2026-04-21T14:09:00+00:00,336.62,336.67,336,336.12,361
2026-04-21T14:12:00+00:00,336.12,336.25,335.73,336.14,324
2026-04-21T14:15:00+00:00,336.14,336.71,336.06,336.42,368
2026-04-21T14:18:00+00:00,336.42,336.56,336.13,336.56,393
2026-04-21T14:21:00+00:00,336.56,336.81,336.08,336.19,429
2026-04-21T14:24:00+00:00,336.19,336.21,335.97,336.03,436
2026-04-21T14:27:00+00:00,336.03,336.42,335.84,336.35,393
2026-04-21T14:30:00+00:00,336.35,336.46,335.94,336.02,363
2026-04-21T14:33:00+00:00,336.02,336.16,335.65,335.73,363
2026-04-21T14:36:00+00:00,335.73,335.8,335.38,335.43,423
2026-04-21T14:39:00+00:00,335.43,335.61,334.98,335.16,565
2026-04-21T14:42:00+00:00,335.16,335.4,334.91,334.91,401
2026-04-21T14:45:00+00:00,334.91,335.06,334.71,335.01,597
2026-04-21T14:48:00+00:00,335.01,335.31,334.79,335.2,863
2026-04-21T14:51:00+00:00,335.2,335.52,335.16,335.47,383
2026-04-21T14:54:00+00:00,335.47,335.5,335.01,335.12,646
2026-04-21T14:57:00+00:00,335.12,335.23,334.88,335,1033
2026-04-21T15:00:00+00:00,335,335.2,334.68,334.76,1112
2026-04-21T15:03:00+00:00,334.76,334.76,334.17,334.22,1011
2026-04-21T15:06:00+00:00,334.22,334.83,334.16,334.59,1168
2026-04-21T15:09:00+00:00,334.59,335.34,334.59,335.21,1106
2026-04-21T15:12:00+00:00,335.21,335.5,335.12,335.37,728
2026-04-21T15:15:00+00:00,335.37,335.45,335.22,335.39,950
2026-04-21T15:18:00+00:00,335.39,335.5,335.06,335.2,507
2026-04-21T15:21:00+00:00,335.2,335.24,334.74,334.94,395
2026-04-21T15:24:00+00:00,334.94,335.06,334.77,334.88,400
2026-04-21T15:27:00+00:00,334.88,335.14,334.74,334.96,393
2026-04-21T15:30:00+00:00,334.96,335.17,334.83,335.1,396
2026-04-21T15:33:00+00:00,335.1,335.19,334.71,334.71,303
2026-04-21T15:36:00+00:00,334.71,334.93,334.53,334.63,473
2026-04-21T15:39:00+00:00,334.63,334.85,334.5,334.6,416
2026-04-21T15:42:00+00:00,334.6,334.92,334.58,334.73,334
2026-04-21T15:45:00+00:00,334.73,334.88,334.48,334.79,354
2026-04-21T15:48:00+00:00,334.79,335.09,334.6,334.76,346
2026-04-21T15:51:00+00:00,334.76,334.89,334.58,334.6,382
2026-04-21T15:54:00+00:00,334.6,334.9,334.58,334.82,354
2026-04-21T15:57:00+00:00,334.82,334.9,334.37,334.41,265
2026-04-21T16:00:00+00:00,334.41,335.08,334.38,334.96,425
2026-04-21T16:03:00+00:00,334.96,335.08,334.49,334.51,452
2026-04-21T16:06:00+00:00,334.51,334.69,334.24,334.24,561
2026-04-21T16:09:00+00:00,334.24,334.4,333.79,333.8,522
2026-04-21T16:12:00+00:00,333.8,334,333.78,333.86,340
2026-04-21T16:15:00+00:00,333.86,334.34,333.83,334.27,360
2026-04-21T16:18:00+00:00,334.27,334.39,333.83,333.86,378
2026-04-21T16:21:00+00:00,333.86,333.94,333.41,333.46,326
2026-04-21T16:24:00+00:00,333.46,333.52,333.29,333.33,336
2026-04-21T16:27:00+00:00,333.33,333.37,332.92,333.03,333
2026-04-21T16:30:00+00:00,333.03,333.43,332.99,333.32,319
2026-04-21T16:33:00+00:00,333.32,333.56,333.16,333.49,350
2026-04-21T16:36:00+00:00,333.49,333.5,332.78,332.82,380
2026-04-21T16:39:00+00:00,332.82,333.01,332.68,332.69,271
2026-04-21T16:42:00+00:00,332.69,332.7,332.23,332.33,425
2026-04-21T16:45:00+00:00,332.33,332.89,332.33,332.71,524
2026-04-21T16:48:00+00:00,332.71,332.89,332.49,332.6,334
2026-04-21T16:51:00+00:00,332.6,332.6,332.21,332.25,340
2026-04-21T16:54:00+00:00,332.25,332.29,331.9,331.91,292
2026-04-21T16:57:00+00:00,331.91,332.12,331.89,331.93,321
2026-04-21T17:00:00+00:00,331.93,332.36,331.92,332.35,409
2026-04-21T17:03:00+00:00,332.35,332.39,331.56,331.66,733
2026-04-21T17:06:00+00:00,331.66,331.85,331.36,331.56,821
2026-04-21T17:09:00+00:00,331.56,331.68,331.16,331.22,544
2026-04-21T17:12:00+00:00,331.22,331.41,330.93,330.94,409
2026-04-21T17:15:00+00:00,330.94,331.29,330.8,331.07,427
2026-04-21T17:18:00+00:00,331.07,331.26,330.88,331.19,452
2026-04-21T17:21:00+00:00,331.19,331.5,331.11,331.2,487
2026-04-21T17:24:00+00:00,331.2,331.35,330.98,331.06,368
2026-04-21T17:27:00+00:00,331.06,331.07,330.68,330.9,410
2026-04-21T17:30:00+00:00,330.9,331.21,330.88,331.06,514
2026-04-21T17:33:00+00:00,331.06,331.22,330.92,330.98,394
2026-04-21T17:36:00+00:00,330.98,331.57,330.95,331.31,342
2026-04-21T17:39:00+00:00,331.31,331.84,331.18,331.77,669
2026-04-21T17:42:00+00:00,331.77,332.28,331.68,331.9,510
2026-04-21T17:45:00+00:00,331.9,331.93,331.19,331.19,378
2026-04-21T17:48:00+00:00,331.19,331.43,331.08,331.1,408
2026-04-21T17:51:00+00:00,331.1,331.45,331.1,331.27,318
2026-04-21T17:54:00+00:00,331.27,331.37,330.83,331.1,448
2026-04-21T17:57:00+00:00,331.1,331.17,330.88,331.02,368
2026-04-21T18:00:00+00:00,331.02,331.52,331,331.38,408
2026-04-21T18:03:00+00:00,331.38,331.53,330.93,331.27,530
2026-04-21T18:06:00+00:00,331.27,331.41,331.18,331.3,267
2026-04-21T18:09:00+00:00,331.3,331.37,330.91,330.99,319
2026-04-21T18:12:00+00:00,330.99,331.21,330.89,331.02,279
2026-04-21T18:15:00+00:00,331.02,331.24,330.63,330.88,563
2026-04-21T18:18:00+00:00,330.88,330.88,330.5,330.67,354
2026-04-21T18:21:00+00:00,330.67,330.86,330.52,330.58,336
2026-04-21T18:24:00+00:00,330.58,330.68,330.37,330.46,416
2026-04-21T18:27:00+00:00,330.46,330.65,330.39,330.62,309
2026-04-21T18:30:00+00:00,330.62,331.17,330.61,331.17,389
2026-04-21T18:33:00+00:00,331.17,331.26,330.82,330.83,274
2026-04-21T18:36:00+00:00,330.83,330.86,330.52,330.64,306
2026-04-21T18:39:00+00:00,330.64,330.82,330.5,330.73,188
2026-04-21T18:42:00+00:00,330.73,330.87,330.63,330.75,251
2026-04-21T18:45:00+00:00,330.75,330.9,330.7,330.7,299
2026-04-21T18:48:00+00:00,330.7,330.78,330.39,330.44,271
2026-04-21T18:51:00+00:00,330.44,330.7,330.39,330.58,227
2026-04-21T18:54:00+00:00,330.58,331.47,330.58,330.97,843
2026-04-21T18:57:00+00:00,330.97,331.43,330.97,331.38,372
2026-04-21T19:00:00+00:00,331.38,331.65,331.29,331.49,412
2026-04-21T19:03:00+00:00,331.49,331.72,331.36,331.64,348
2026-04-21T19:06:00+00:00,331.64,331.64,331.4,331.6,205
2026-04-21T19:09:00+00:00,331.6,331.67,331.48,331.57,180
2026-04-21T19:12:00+00:00,331.57,331.87,331.38,331.38,361
2026-04-21T19:15:00+00:00,331.38,331.65,331.27,331.58,379
2026-04-21T19:18:00+00:00,331.58,331.93,331.55,331.83,264
2026-04-21T19:21:00+00:00,331.83,332.17,331.82,332.14,401
2026-04-21T19:24:00+00:00,332.14,332.27,332.04,332.19,307
2026-04-21T19:27:00+00:00,332.19,332.27,332.08,332.23,208
2026-04-21T19:30:00+00:00,332.23,332.4,332.15,332.32,169
2026-04-21T19:33:00+00:00,332.32,332.32,332.08,332.1,293
2026-04-21T19:36:00+00:00,332.1,332.12,331.43,331.44,565
2026-04-21T19:39:00+00:00,331.44,331.62,330.88,330.89,417
2026-04-21T19:42:00+00:00,330.89,330.94,329.76,329.98,844
2026-04-21T19:45:00+00:00,329.98,330.63,329.81,330.49,683
2026-04-21T19:48:00+00:00,330.49,330.6,330.14,330.27,533
2026-04-21T19:51:00+00:00,330.27,330.57,329.99,330.57,525
2026-04-21T19:54:00+00:00,330.57,330.6,329.54,330.12,876
2026-04-21T19:57:00+00:00,330.12,330.54,329.85,330.39,847
2026-04-22T13:30:00+00:00,330.39,334.6,330.39,333.1,574
2026-04-22T13:33:00+00:00,333.1,334,332.9,333.49,627
2026-04-22T13:36:00+00:00,333.49,334.07,333.38,333.56,428
2026-04-22T13:39:00+00:00,333.56,333.86,332.99,333.25,731
2026-04-22T13:42:00+00:00,333.25,333.98,332.81,333.81,516
2026-04-22T13:45:00+00:00,333.81,334.02,333.59,333.79,617
2026-04-22T13:48:00+00:00,333.79,334.24,333.18,334.17,500
2026-04-22T13:51:00+00:00,334.17,335.15,334.02,334.48,599
2026-04-22T13:54:00+00:00,334.48,335.56,334.48,334.92,529
2026-04-22T13:57:00+00:00,334.92,335.34,334.83,335.18,337
2026-04-22T14:00:00+00:00,335.18,336.36,335.17,335.87,590
2026-04-22T14:03:00+00:00,335.87,336.06,335.39,335.48,539
2026-04-22T14:06:00+00:00,335.48,335.96,335.25,335.62,747
2026-04-22T14:09:00+00:00,335.62,335.71,335.18,335.36,513
2026-04-22T14:12:00+00:00,335.36,335.38,334.68,335.02,516
2026-04-22T14:15:00+00:00,335.02,335.48,335.02,335.24,614
2026-04-22T14:18:00+00:00,335.24,335.93,335.22,335.74,494
2026-04-22T14:21:00+00:00,335.74,335.82,335.01,335.16,520
2026-04-22T14:24:00+00:00,335.16,335.51,335.01,335.19,433
2026-04-22T14:27:00+00:00,335.19,335.83,335.06,335.79,485
2026-04-22T14:30:00+00:00,335.79,336.52,335.51,335.62,1054
2026-04-22T14:33:00+00:00,335.62,335.79,335.32,335.34,822
2026-04-22T14:36:00+00:00,335.34,335.83,335.16,335.25,863
2026-04-22T14:39:00+00:00,335.25,335.53,335.19,335.38,708
2026-04-22T14:42:00+00:00,335.38,335.63,335.22,335.35,689
2026-04-22T14:45:00+00:00,335.35,335.47,335.04,335.11,567
2026-04-22T14:48:00+00:00,335.11,335.25,334.93,335.19,658
2026-04-22T14:51:00+00:00,335.19,335.49,335.08,335.39,656
2026-04-22T14:54:00+00:00,335.39,335.78,335.39,335.58,541
2026-04-22T14:57:00+00:00,335.58,335.74,-1448.4399999999998,-1448.2099999999998,520.8929976396538
2026-04-22T15:00:00+00:00,335.57,335.66,335.28,335.45,496
2026-04-22T15:03:00+00:00,335.45,335.73,335.38,335.46,529
2026-04-22T15:06:00+00:00,335.46,335.66,335.23,335.57,659
2026-04-22T15:09:00+00:00,335.57,335.79,335.45,335.6,461
2026-04-22T15:12:00+00:00,335.6,335.6,335.22,335.45,346
2026-04-22T15:15:00+00:00,335.45,335.49,335.21,335.32,367
2026-04-22T15:18:00+00:00,335.32,335.47,335.14,335.21,285
2026-04-22T15:21:00+00:00,335.21,335.56,335.2,335.5,329
2026-04-22T15:24:00+00:00,335.5,335.56,335.24,335.34,420
2026-04-22T15:27:00+00:00,335.34,335.55,335.2,335.23,453
2026-04-22T15:30:00+00:00,335.23,335.47,335.1,335.23,501
2026-04-22T15:33:00+00:00,335.23,335.37,335.13,335.32,570
2026-04-22T15:36:00+00:00,335.32,335.36,335,335.06,481
2026-04-22T15:39:00+00:00,335.06,335.43,335,335.31,535
2026-04-22T15:42:00+00:00,335.31,335.55,334.93,334.95,502
2026-04-22T15:45:00+00:00,334.95,335.24,334.82,335.16,643
2026-04-22T15:48:00+00:00,335.16,335.48,335.16,335.33,550
2026-04-22T15:51:00+00:00,335.33,335.37,335.19,335.32,608
2026-04-22T15:54:00+00:00,335.32,335.45,335.08,335.34,594
2026-04-22T15:57:00+00:00,335.34,335.39,335.18,335.28,326
2026-04-22T16:00:00+00:00,335.28,335.49,334.94,335.2,567
2026-04-22T16:03:00+00:00,335.2,335.41,335.18,335.34,282
2026-04-22T16:06:00+00:00,335.34,335.43,335.2,335.2,361
2026-04-22T16:09:00+00:00,335.2,335.5,335.2,335.3,381
2026-04-22T16:12:00+00:00,335.3,336.22,335.22,335.96,402
2026-04-22T16:15:00+00:00,335.96,336.29,335.63,335.84,405
2026-04-22T16:18:00+00:00,335.84,336.08,335.48,335.82,415
2026-04-22T16:21:00+00:00,335.82,335.88,335.54,335.55,268
2026-04-22T16:24:00+00:00,335.55,335.68,334.98,335.08,303
2026-04-22T16:27:00+00:00,335.08,335.2,334.69,334.76,343
2026-04-22T16:30:00+00:00,334.76,334.92,334.31,334.73,604
2026-04-22T16:33:00+00:00,334.73,334.97,334.53,334.87,788
2026-04-22T16:36:00+00:00,334.87,335,334.67,334.95,799
2026-04-22T16:39:00+00:00,334.95,335.08,334.76,334.84,661
2026-04-22T16:42:00+00:00,334.84,334.85,334.41,334.64,616
2026-04-22T16:45:00+00:00,334.64,334.85,334.55,334.85,427
2026-04-22T16:48:00+00:00,334.85,334.96,334.73,334.82,436
2026-04-22T16:51:00+00:00,334.82,334.92,334.61,334.81,578
2026-04-22T16:54:00+00:00,334.81,334.89,334.61,334.68,511
2026-04-22T16:57:00+00:00,334.68,334.82,334.63,334.67,520
2026-04-22T17:00:00+00:00,334.67,335.03,334.67,334.9,957
2026-04-22T17:03:00+00:00,334.9,335.24,334.87,335.03,705
2026-04-22T17:06:00+00:00,335.03,335.2,334.88,334.94,523
2026-04-22T17:09:00+00:00,334.94,335.47,334.92,335.27,748
2026-04-22T17:12:00+00:00,335.27,335.31,334.91,335.05,620
2026-04-22T17:15:00+00:00,335.05,335.19,334.95,335.1,523
2026-04-22T17:18:00+00:00,335.1,335.13,334.88,335.02,432
2026-04-22T17:21:00+00:00,335.02,335.48,334.99,335.25,289
2026-04-22T17:24:00+00:00,335.25,335.39,334.98,335.05,355
2026-04-22T17:27:00+00:00,335.05,335.15,334.92,334.95,292
2026-04-22T17:30:00+00:00,334.95,335.85,334.89,335.66,374
2026-04-22T17:33:00+00:00,335.66,335.86,335.38,335.54,421
2026-04-22T17:36:00+00:00,335.54,335.55,335.08,335.08,306
2026-04-22T17:39:00+00:00,335.08,335.35,335,335.33,205
2026-04-22T17:42:00+00:00,335.33,335.6,335.24,335.5,280
2026-04-22T17:45:00+00:00,335.5,335.61,335.18,335.38,310
2026-04-22T17:48:00+00:00,335.38,335.55,335.2,335.52,337
2026-04-22T17:51:00+00:00,335.52,335.85,335.41,335.64,384
2026-04-22T17:54:00+00:00,335.64,335.74,335.47,335.57,289
2026-04-22T17:57:00+00:00,335.57,335.78,335.49,335.71,218
2026-04-22T18:00:00+00:00,335.71,336.03,335.61,336.02,319
2026-04-22T18:03:00+00:00,336.02,336.24,335.97,336.18,281
2026-04-22T18:06:00+00:00,336.18,336.49,336.18,336.48,351
2026-04-22T18:09:00+00:00,336.48,336.48,336.26,336.34,324
2026-04-22T18:12:00+00:00,336.34,336.57,336.34,336.51,333
2026-04-22T18:15:00+00:00,336.51,336.51,336.16,336.28,419
2026-04-22T18:18:00+00:00,336.28,336.53,336.19,336.38,331
2026-04-22T18:21:00+00:00,336.38,336.49,336.2,336.21,478
2026-04-22T18:24:00+00:00,336.21,336.48,336.1,336.27,374
2026-04-22T18:27:00+00:00,336.27,336.34,336.11,336.13,213
2026-04-22T18:30:00+00:00,336.13,336.43,336.11,336.3,312
2026-04-22T18:33:00+00:00,336.3,336.46,336.09,336.09,352
2026-04-22T18:36:00+00:00,336.09,336.29,336.03,336.21,395
2026-04-22T18:39:00+00:00,336.21,336.5,336.19,336.4,283
2026-04-22T18:42:00+00:00,336.4,336.52,336.29,336.38,239
2026-04-22T18:45:00+00:00,336.38,336.53,336.19,336.21,291
2026-04-22T18:48:00+00:00,336.21,336.3,336.02,336.17,321
2026-04-22T18:51:00+00:00,336.17,336.37,336.11,336.11,342
2026-04-22T18:54:00+00:00,336.11,336.21,336.01,336.01,424
2026-04-22T18:57:00+00:00,336.01,336.23,335.96,336.06,314
2026-04-22T19:00:00+00:00,336.06,336.48,335.98,336.46,826
2026-04-22T19:03:00+00:00,336.46,336.54,336.35,336.35,428
2026-04-22T19:06:00+00:00,336.35,336.48,336.33,336.45,178
2026-04-22T19:09:00+00:00,336.45,336.63,336.38,336.58,178
2026-04-22T19:12:00+00:00,336.58,336.64,336.4,336.58,248
2026-04-22T19:15:00+00:00,336.58,336.67,336.46,336.56,281
2026-04-22T19:18:00+00:00,336.56,336.86,336.5,336.81,170
2026-04-22T19:21:00+00:00,336.81,337.01,336.79,336.88,205
2026-04-22T19:24:00+00:00,336.88,337.29,336.88,337.12,203
2026-04-22T19:27:00+00:00,337.12,337.24,336.99,337.21,190
2026-04-22T19:30:00+00:00,337.21,337.6,337.14,337.43,287
2026-04-22T19:33:00+00:00,337.43,337.43,337.19,337.25,256
2026-04-22T19:36:00+00:00,337.25,337.34,337.07,337.19,223
2026-04-22T19:39:00+00:00,337.19,337.27,336.92,337.07,254
2026-04-22T19:42:00+00:00,337.07,337.28,337.04,337.28,157
2026-04-22T19:45:00+00:00,337.28,337.44,337.13,337.33,305
2026-04-22T19:48:00+00:00,337.33,337.77,337.17,337.75,354
2026-04-22T19:51:00+00:00,337.75,337.88,337.19,337.35,459
2026-04-22T19:54:00+00:00,337.35,337.79,337.19,337.61,641
2026-04-22T19:57:00+00:00,337.61,337.9,337.24,337.65,936
2026-04-23T13:30:00+00:00,337.65,339.78,336.91,339.5,545
2026-04-23T13:33:00+00:00,339.5,339.52,337.78,338.04,515
2026-04-23T13:36:00+00:00,338.04,338.04,336.84,337.03,610
2026-04-23T13:39:00+00:00,337.03,338.33,336.95,338.22,524
2026-04-23T13:42:00+00:00,338.22,338.52,337.67,338.38,573
2026-04-23T13:45:00+00:00,338.38,338.6,337.67,338.52,652
2026-04-23T13:48:00+00:00,338.52,338.62,337.9,338.01,866
2026-04-23T13:51:00+00:00,338.01,338.32,337.68,338.22,655
2026-04-23T13:54:00+00:00,338.22,338.94,338.18,338.26,685
2026-04-23T13:57:00+00:00,338.26,338.57,338.19,338.43,581
2026-04-23T14:00:00+00:00,338.43,338.51,337.73,338.4,844
2026-04-23T14:03:00+00:00,338.4,338.51,337.57,337.84,794
2026-04-23T14:06:00+00:00,337.84,338,337.19,337.46,1060
2026-04-23T14:09:00+00:00,337.46,337.88,337.25,337.74,739
2026-04-23T14:12:00+00:00,337.74,338.18,337.57,338.1,731
2026-04-23T14:15:00+00:00,338.1,338.59,337.97,338.27,769
2026-04-23T14:18:00+00:00,338.27,338.31,337.31,337.32,631
2026-04-23T14:21:00+00:00,337.32,337.84,336.98,337.77,518
2026-04-23T14:24:00+00:00,337.77,338.28,337.77,337.86,418
2026-04-23T14:27:00+00:00,337.86,338.02,337.38,337.71,539
2026-04-23T14:30:00+00:00,337.71,338.27,337.68,338.06,488
2026-04-23T14:33:00+00:00,338.06,338.39,337.98,338.04,456
2026-04-23T14:36:00+00:00,338.04,338.45,337.94,337.98,496
2026-04-23T14:39:00+00:00,337.98,338.29,337.92,338.06,337
2026-04-23T14:42:00+00:00,338.06,338.11,337.63,337.92,452
2026-04-23T14:45:00+00:00,337.92,338.54,337.91,338.51,440
2026-04-23T14:48:00+00:00,338.51,338.64,338.06,338.33,344
2026-04-23T14:51:00+00:00,338.33,338.39,338.01,338.03,352
2026-04-23T14:54:00+00:00,338.03,338.43,337.95,338.41,363
2026-04-23T14:57:00+00:00,338.41,338.77,338.41,338.47,441
2026-04-23T15:00:00+00:00,338.47,338.84,338.47,338.78,486
2026-04-23T15:03:00+00:00,338.78,338.97,338.63,338.72,540
2026-04-23T15:06:00+00:00,338.72,339.06,338.6,338.99,504
2026-04-23T15:09:00+00:00,338.99,339.39,338.88,339.25,431
2026-04-23T15:12:00+00:00,339.25,339.4,339.02,339.02,348
2026-04-23T15:15:00+00:00,339.02,339.61,339,339.55,396
2026-04-23T15:18:00+00:00,339.55,339.67,339.24,339.31,395
2026-04-23T15:21:00+00:00,339.31,340.04,339.29,339.93,346
2026-04-23T15:24:00+00:00,339.93,340.02,339.69,339.74,375
2026-04-23T15:27:00+00:00,339.74,339.78,338.98,339.02,397
2026-04-23T15:30:00+00:00,339.02,339.19,338.89,339.19,414
2026-04-23T15:33:00+00:00,339.19,339.2,338.51,338.52,382
2026-04-23T15:36:00+00:00,338.52,338.61,338.27,338.32,302
2026-04-23T15:39:00+00:00,338.32,338.32,338.05,338.22,364
2026-04-23T15:42:00+00:00,338.22,338.27,338,338.11,377
2026-04-23T15:45:00+00:00,338.11,338.26,337.79,338.19,576
2026-04-23T15:48:00+00:00,338.19,338.37,337.94,338.03,386
2026-04-23T15:51:00+00:00,338.03,338.1,337.7,337.79,340
2026-04-23T15:54:00+00:00,337.79,338.11,337.67,338.05,353
2026-04-23T15:57:00+00:00,338.05,338.21,337.85,338.14,376
2026-04-23T16:00:00+00:00,338.14,338.58,338.08,338.34,334
2026-04-23T16:03:00+00:00,338.34,338.44,338.19,338.34,296
2026-04-23T16:06:00+00:00,338.34,338.4,338.18,338.23,288
2026-04-23T16:09:00+00:00,338.23,338.41,338,338.35,343
2026-04-23T16:12:00+00:00,338.35,338.81,338.34,338.77,302
2026-04-23T16:15:00+00:00,338.77,338.81,338.51,338.67,286
2026-04-23T16:18:00+00:00,338.67,338.72,338.42,338.49,216
2026-04-23T16:21:00+00:00,338.49,338.5,338.2,338.46,241
2026-04-23T16:24:00+00:00,338.46,338.84,338.46,338.78,201
2026-04-23T16:27:00+00:00,338.78,339,338.73,338.85,259
2026-04-23T16:30:00+00:00,338.85,338.9,338.68,338.8,240
2026-04-23T16:33:00+00:00,338.8,338.89,338.71,338.86,180
2026-04-23T16:36:00+00:00,338.86,339.01,338.78,338.83,263
2026-04-23T16:39:00+00:00,338.83,338.92,338.67,338.7,243
2026-04-23T16:42:00+00:00,338.7,338.78,338.32,338.36,209
2026-04-23T16:45:00+00:00,338.36,338.7,338.33,338.55,286
2026-04-23T16:48:00+00:00,338.55,338.83,338.46,338.66,270
2026-04-23T16:51:00+00:00,338.66,338.85,338.56,338.6,160
2026-04-23T16:54:00+00:00,338.6,338.65,338.49,338.54,138
2026-04-23T16:57:00+00:00,338.54,338.72,338.39,338.57,255
2026-04-23T17:00:00+00:00,338.57,338.86,338.07,338.13,605
2026-04-23T17:03:00+00:00,338.13,338.47,337.53,337.54,647
2026-04-23T17:06:00+00:00,337.54,338.1,337.53,337.97,648
2026-04-23T17:09:00+00:00,337.97,338.11,337.23,337.57,836
2026-04-23T17:12:00+00:00,337.57,337.75,337.31,337.57,545
2026-04-23T17:15:00+00:00,337.57,337.6,336.78,336.93,655
2026-04-23T17:18:00+00:00,336.93,337.36,336.92,337.08,951
2026-04-23T17:21:00+00:00,337.08,337.29,336.46,336.89,741
2026-04-23T17:24:00+00:00,336.89,337.4,336.56,337.35,977
2026-04-23T17:27:00+00:00,337.35,337.35,336.32,336.33,598
2026-04-23T17:30:00+00:00,336.33,336.9,336.16,336.84,701
2026-04-23T17:33:00+00:00,336.84,337.47,336.63,337.2,820
2026-04-23T17:36:00+00:00,337.2,337.25,336.57,336.87,971
2026-04-23T17:39:00+00:00,336.87,336.98,336,336.02,748
2026-04-23T17:42:00+00:00,336.02,336.5,335.69,335.92,941
2026-04-23T17:45:00+00:00,335.92,335.96,334.93,335.73,927
2026-04-23T17:48:00+00:00,335.73,336.37,335.66,336.32,854
2026-04-23T17:51:00+00:00,336.32,337.83,335.69,336.91,1103
2026-04-23T17:54:00+00:00,336.91,338.15,336.65,337.77,768
2026-04-23T17:57:00+00:00,337.77,338.08,337.55,337.9,542
2026-04-23T18:00:00+00:00,337.9,338.56,337.66,338.4,592
2026-04-23T18:03:00+00:00,338.4,338.88,338.24,338.79,462
2026-04-23T18:06:00+00:00,338.79,338.97,338.57,338.75,386
2026-04-23T18:09:00+00:00,338.75,339.16,338.6,338.8,527
2026-04-23T18:12:00+00:00,338.8,339.04,338.63,338.78,413
2026-04-23T18:15:00+00:00,338.78,339.09,338.72,338.81,411
2026-04-23T18:18:00+00:00,338.81,339.2,338.6,339.19,472
2026-04-23T18:21:00+00:00,339.19,339.21,338.73,339.14,589
2026-04-23T18:24:00+00:00,339.14,339.23,338.96,339.07,396
2026-04-23T18:27:00+00:00,339.07,339.26,339,339.17,317
2026-04-23T18:30:00+00:00,339.17,339.42,339.14,339.2,446
2026-04-23T18:33:00+00:00,339.2,339.47,339.11,339.38,379
2026-04-23T18:36:00+00:00,339.38,339.53,339.35,339.38,265
2026-04-23T18:39:00+00:00,339.38,339.42,339.16,339.16,291
2026-04-23T18:42:00+00:00,339.16,339.25,338.78,339.05,417
2026-04-23T18:45:00+00:00,339.05,339.14,338.89,339,342
2026-04-23T18:48:00+00:00,339,339.06,338.68,338.86,342
2026-04-23T18:51:00+00:00,338.86,338.91,338.73,338.86,359
2026-04-23T18:54:00+00:00,338.86,338.89,338.61,338.61,251
2026-04-23T18:57:00+00:00,338.61,338.66,337.92,338,317
2026-04-23T19:00:00+00:00,338,338.16,337.53,337.65,534
2026-04-23T19:03:00+00:00,337.65,337.91,337.55,337.81,517
2026-04-23T19:06:00+00:00,337.81,338.05,337.7,337.85,321
2026-04-23T19:09:00+00:00,337.85,337.96,337.6,337.76,327
2026-04-23T19:12:00+00:00,337.76,338.03,337.65,337.89,349
2026-04-23T19:15:00+00:00,337.89,338.25,337.89,338.05,312
2026-04-23T19:18:00+00:00,338.05,338.18,337.9,337.94,260
2026-04-23T19:21:00+00:00,337.94,338.02,337.78,337.89,263
2026-04-23T19:24:00+00:00,337.89,338.04,337.84,337.94,248
2026-04-23T19:27:00+00:00,337.94,338.13,337.88,338.04,257
2026-04-23T19:30:00+00:00,338.04,338.54,338.03,338.43,311
2026-04-23T19:33:00+00:00,338.43,338.48,337.62,337.63,465
2026-04-23T19:36:00+00:00,337.63,337.96,337.62,337.92,336
2026-04-23T19:39:00+00:00,337.92,338.16,337.79,338.09,462
2026-04-23T19:42:00+00:00,338.09,338.09,337.68,337.81,383
2026-04-23T19:45:00+00:00,337.81,338.01,337.78,337.86,354
2026-04-23T19:48:00+00:00,337.86,338.03,336.89,337.68,624
2026-04-23T19:51:00+00:00,337.68,338.12,337.39,337.89,538
2026-04-23T19:54:00+00:00,337.89,337.95,337.4,337.77,644
2026-04-23T19:57:00+00:00,337.77,337.87,337.34,337.83,750
2026-04-24T13:30:00+00:00,337.83,337.83,334.95,335.46,695
2026-04-24T13:33:00+00:00,335.46,335.46,333.9,334.49,687
2026-04-24T13:36:00+00:00,334.49,335.58,334.48,335.45,625
2026-04-24T13:39:00+00:00,335.45,336.96,335.31,336.58,481
2026-04-24T13:42:00+00:00,336.58,337.06,336.39,336.45,577
2026-04-24T13:45:00+00:00,336.45,336.98,335.76,336.87,747
2026-04-24T13:48:00+00:00,336.87,337.85,336.75,337.59,695
2026-04-24T13:51:00+00:00,337.59,337.74,337.11,337.52,634
2026-04-24T13:54:00+00:00,337.52,337.56,336.88,337.24,655
2026-04-24T13:57:00+00:00,337.24,337.7,336.89,336.95,567
2026-04-24T14:00:00+00:00,336.95,337.27,336.56,337.17,960
2026-04-24T14:03:00+00:00,337.17,337.62,336.96,337.21,749
2026-04-24T14:06:00+00:00,337.21,337.55,336.91,337,649
2026-04-24T14:09:00+00:00,337,337.72,336.99,337.63,739
2026-04-24T14:12:00+00:00,337.63,337.8,337.3,337.36,712
2026-04-24T14:15:00+00:00,337.36,337.59,336.57,336.78,575
2026-04-24T14:18:00+00:00,336.78,337.4,336.44,337.23,657
2026-04-24T14:21:00+00:00,337.23,337.57,336.98,337.51,547
2026-04-24T14:24:00+00:00,337.51,337.69,336.89,337.17,602
2026-04-24T14:27:00+00:00,337.17,337.26,336.46,336.49,659
2026-04-24T14:30:00+00:00,336.49,336.83,336.13,336.14,718
2026-04-24T14:33:00+00:00,336.14,336.28,335.76,335.84,636
2026-04-24T14:36:00+00:00,335.84,336.08,335.69,336.02,582
2026-04-24T14:39:00+00:00,336.02,336.1,335.5,335.57,609
2026-04-24T14:42:00+00:00,335.57,335.65,335.4,335.59,522
2026-04-24T14:45:00+00:00,335.59,335.72,335.38,335.58,534
2026-04-24T14:48:00+00:00,335.58,335.92,335.36,335.8,592
2026-04-24T14:51:00+00:00,335.8,336.03,335.68,335.78,485
2026-04-24T14:54:00+00:00,335.78,336.26,335.63,336.19,485
2026-04-24T14:57:00+00:00,336.19,336.3,-1448.04,-1447.9699999999998,530.4995415848068
2026-04-24T15:00:00+00:00,335.86,335.95,335.53,335.82,504
2026-04-24T15:03:00+00:00,335.82,336.02,335.54,335.68,461
2026-04-24T15:06:00+00:00,335.68,335.68,335.12,335.19,511
2026-04-24T15:09:00+00:00,335.19,335.77,335.18,335.76,473
2026-04-24T15:12:00+00:00,335.76,336.02,335.64,335.95,396
2026-04-24T15:15:00+00:00,335.95,336.13,335.79,336.08,408
2026-04-24T15:18:00+00:00,336.08,336.87,336.03,336.83,475
2026-04-24T15:21:00+00:00,336.83,337.94,336.83,337.83,586
2026-04-24T15:24:00+00:00,337.83,338.69,337.58,338.54,618
2026-04-24T15:27:00+00:00,338.54,339.07,338.46,338.57,584
2026-04-24T15:30:00+00:00,338.57,339.01,338.55,338.84,499
2026-04-24T15:33:00+00:00,338.84,339.08,338.53,338.54,454
2026-04-24T15:36:00+00:00,338.54,338.7,338.12,338.51,590
2026-04-24T15:39:00+00:00,338.51,338.77,338.49,338.67,350
2026-04-24T15:42:00+00:00,338.67,339.53,338.41,339.3,586
2026-04-24T15:45:00+00:00,339.3,339.6,338.84,339.54,1089
2026-04-24T15:48:00+00:00,339.54,342.2,339.5,340.91,972
2026-04-24T15:51:00+00:00,340.91,341.59,340.58,341.02,896
2026-04-24T15:54:00+00:00,341.02,342.2,340.94,341.65,735
2026-04-24T15:57:00+00:00,341.65,341.98,340.74,341.4,625
2026-04-24T16:00:00+00:00,341.4,342.47,341.21,342.17,719
2026-04-24T16:03:00+00:00,342.17,343.56,342.15,342.72,756
2026-04-24T16:06:00+00:00,342.72,343,341.72,341.92,525
2026-04-24T16:09:00+00:00,341.92,341.99,341.24,341.32,446
2026-04-24T16:12:00+00:00,341.32,341.65,340.99,341.01,469
2026-04-24T16:15:00+00:00,341.01,341.45,340.54,341.32,422
2026-04-24T16:18:00+00:00,341.32,341.66,341.29,341.44,352
2026-04-24T16:21:00+00:00,341.44,341.72,341.36,341.36,260
2026-04-24T16:24:00+00:00,341.36,341.83,341.34,341.72,244
2026-04-24T16:27:00+00:00,341.72,341.85,341.39,341.55,213
2026-04-24T16:30:00+00:00,341.55,342.25,341.53,342.24,315
2026-04-24T16:33:00+00:00,342.24,342.29,341.72,341.76,288
2026-04-24T16:36:00+00:00,341.76,341.8,341.54,341.75,163
2026-04-24T16:39:00+00:00,341.75,341.83,341.53,341.61,186
2026-04-24T16:42:00+00:00,341.61,341.77,341.25,341.69,276
2026-04-24T16:45:00+00:00,341.69,341.78,341.06,341.22,292
2026-04-24T16:48:00+00:00,341.22,341.33,341.07,341.15,348
2026-04-24T16:51:00+00:00,341.15,341.68,341.1,341.5,271
2026-04-24T16:54:00+00:00,341.5,341.72,341.43,341.6,398
2026-04-24T16:57:00+00:00,341.6,341.92,341.54,341.69,350
2026-04-24T17:00:00+00:00,341.69,342.04,341.68,341.99,372
2026-04-24T17:03:00+00:00,341.99,342.19,341.91,341.97,319
2026-04-24T17:06:00+00:00,341.97,342.29,341.94,342.1,298
2026-04-24T17:09:00+00:00,342.1,342.14,341.84,342.04,350
2026-04-24T17:12:00+00:00,342.04,342.05,341.49,341.62,310
2026-04-24T17:15:00+00:00,341.62,341.62,341.4,341.47,283
2026-04-24T17:18:00+00:00,341.47,341.5,341.27,341.4,213
2026-04-24T17:21:00+00:00,341.4,341.4,340.99,341.03,265
2026-04-24T17:24:00+00:00,341.03,341.35,340.92,340.94,345
2026-04-24T17:27:00+00:00,340.94,341.17,340.93,340.98,347
2026-04-24T17:30:00+00:00,340.98,341.04,340.75,340.9,375
2026-04-24T17:33:00+00:00,340.9,341.14,340.73,341.09,321
2026-04-24T17:36:00+00:00,341.09,341.31,340.91,340.91,279
2026-04-24T17:39:00+00:00,340.91,340.96,340.51,340.81,324
2026-04-24T17:42:00+00:00,340.81,340.9,340.68,340.77,262
2026-04-24T17:45:00+00:00,340.77,340.95,340.69,340.92,232
2026-04-24T17:48:00+00:00,340.92,341.09,340.8,341.02,281
2026-04-24T17:51:00+00:00,341.02,341.23,340.92,341.18,303
2026-04-24T17:54:00+00:00,341.18,341.65,341.18,341.49,421
2026-04-24T17:57:00+00:00,341.49,341.53,341.34,341.34,274
2026-04-24T18:00:00+00:00,341.34,341.71,341.26,341.64,329
2026-04-24T18:03:00+00:00,341.64,341.86,341.57,341.72,305
2026-04-24T18:06:00+00:00,341.72,342,341.66,341.94,279
2026-04-24T18:09:00+00:00,341.94,342.19,341.84,341.84,218
2026-04-24T18:12:00+00:00,341.84,341.91,341.53,341.82,275
2026-04-24T18:15:00+00:00,341.82,341.87,341.5,341.52,210
2026-04-24T18:18:00+00:00,341.52,341.62,341.3,341.48,215
2026-04-24T18:21:00+00:00,341.48,341.61,341.35,341.56,287
2026-04-24T18:24:00+00:00,341.56,341.93,341.42,341.8,257
2026-04-24T18:27:00+00:00,341.8,341.94,341.38,341.49,367
2026-04-24T18:30:00+00:00,341.49,341.93,341.39,341.83,255
2026-04-24T18:33:00+00:00,341.83,341.88,341.68,341.77,238
2026-04-24T18:36:00+00:00,341.77,341.9,341.62,341.78,301
2026-04-24T18:39:00+00:00,341.78,342.09,341.71,341.89,309
2026-04-24T18:42:00+00:00,341.89,342.08,341.76,342.03,262
2026-04-24T18:45:00+00:00,342.03,342.03,341.76,341.92,262
2026-04-24T18:48:00+00:00,341.92,341.98,341.76,341.81,286
2026-04-24T18:51:00+00:00,341.81,341.83,341.61,341.71,335
2026-04-24T18:54:00+00:00,341.71,341.92,341.54,341.54,316
2026-04-24T18:57:00+00:00,341.54,341.78,341.5,341.74,235
2026-04-24T19:00:00+00:00,341.74,341.96,341.66,341.85,324
2026-04-24T19:03:00+00:00,341.85,342.12,341.71,341.96,276
2026-04-24T19:06:00+00:00,341.96,342.07,341.89,342.04,290
2026-04-24T19:09:00+00:00,342.04,342.26,342.02,342.13,317
2026-04-24T19:12:00+00:00,342.13,342.34,342,342.07,302
2026-04-24T19:15:00+00:00,342.07,342.33,341.99,342.21,420
2026-04-24T19:18:00+00:00,342.21,342.34,342.08,342.3,380
2026-04-24T19:21:00+00:00,342.3,342.3,342.04,342.1,402
2026-04-24T19:24:00+00:00,342.1,342.13,341.88,341.98,281
2026-04-24T19:27:00+00:00,341.98,342.16,341.91,342.11,304
2026-04-24T19:30:00+00:00,342.11,342.18,342.01,342.16,373
2026-04-24T19:33:00+00:00,342.16,342.62,342.14,342.4,363
2026-04-24T19:36:00+00:00,342.4,342.46,341.94,342.08,358
2026-04-24T19:39:00+00:00,342.08,342.21,342,342.15,323
2026-04-24T19:42:00+00:00,342.15,342.33,342.12,342.32,340
2026-04-24T19:45:00+00:00,342.32,342.54,342.09,342.27,498
2026-04-24T19:48:00+00:00,342.27,342.74,342.2,342.62,504
2026-04-24T19:51:00+00:00,342.62,342.74,342.36,342.64,519
2026-04-24T19:54:00+00:00,342.64,342.8,342.42,342.49,778
2026-04-24T19:57:00+00:00,342.49,342.67,341.86,342.07,612
2026-04-27T13:30:00+00:00,342.07,345.18,340.99,341.49,648
2026-04-27T13:33:00+00:00,341.49,341.88,340.67,340.9,562
2026-04-27T13:36:00+00:00,340.9,342.24,340.9,342.01,639
2026-04-27T13:39:00+00:00,342.01,343.12,341.88,343.09,632
2026-04-27T13:42:00+00:00,343.09,344.27,342.95,343.87,784
2026-04-27T13:45:00+00:00,343.87,345.22,343.85,344.15,981
2026-04-27T13:48:00+00:00,344.15,344.7,342.9,343.11,998
2026-04-27T13:51:00+00:00,343.11,344.84,342.61,344.68,826
2026-04-27T13:54:00+00:00,344.68,346.56,343.91,346.29,730
2026-04-27T13:57:00+00:00,346.29,346.74,345.74,346.43,657
2026-04-27T14:00:00+00:00,346.43,347.84,346.3,347.02,798
2026-04-27T14:03:00+00:00,347.02,347.59,346.71,346.91,660
2026-04-27T14:06:00+00:00,346.91,347.39,346.88,347.32,510
2026-04-27T14:09:00+00:00,347.32,348.37,346.89,347.11,841
2026-04-27T14:12:00+00:00,347.11,347.27,346.48,346.57,673
2026-04-27T14:15:00+00:00,346.57,346.81,346.08,346.35,585
2026-04-27T14:18:00+00:00,346.35,347.09,345.93,346.96,690
2026-04-27T14:21:00+00:00,346.96,347.88,346.89,347.8,674
2026-04-27T14:24:00+00:00,347.8,348.44,347.51,348.18,767
2026-04-27T14:27:00+00:00,348.18,348.57,347.96,348.4,568
2026-04-27T14:30:00+00:00,348.4,348.58,347.64,347.85,687
2026-04-27T14:33:00+00:00,347.85,348.35,347.49,348.25,475
2026-04-27T14:36:00+00:00,348.25,348.86,348.25,348.85,604
2026-04-27T14:39:00+00:00,348.85,349.41,348.69,348.73,539
2026-04-27T14:42:00+00:00,348.73,349.07,348.27,348.72,526
2026-04-27T14:45:00+00:00,348.72,348.75,348.25,348.41,456
2026-04-27T14:48:00+00:00,348.41,348.52,348.12,348.21,409
2026-04-27T14:51:00+00:00,348.21,348.58,348.19,348.27,352
2026-04-27T14:54:00+00:00,348.27,348.63,348.02,348.45,444
2026-04-27T14:57:00+00:00,348.45,349.21,348.42,348.8,444
2026-04-27T15:00:00+00:00,348.8,348.93,348.04,348.16,498
2026-04-27T15:03:00+00:00,348.16,348.19,347.68,348.03,502
2026-04-27T15:06:00+00:00,348.03,348.77,347.93,348.63,468
2026-04-27T15:09:00+00:00,348.63,348.86,348.39,348.71,507
2026-04-27T15:12:00+00:00,348.71,348.99,348.61,348.73,399
2026-04-27T15:15:00+00:00,348.73,349.19,348.68,348.88,497
2026-04-27T15:18:00+00:00,348.88,349.2,348.66,349.17,410
2026-04-27T15:21:00+00:00,349.17,349.31,348.28,348.45,453
2026-04-27T15:24:00+00:00,348.45,348.5,347.84,348.14,449
2026-04-27T15:27:00+00:00,348.14,348.49,348.02,348.1,369
2026-04-27T15:30:00+00:00,348.1,348.76,348.1,348.45,372
2026-04-27T15:33:00+00:00,348.45,348.75,348.35,348.59,341
2026-04-27T15:36:00+00:00,348.59,348.65,348.38,348.53,372
2026-04-27T15:39:00+00:00,348.53,348.72,348.4,348.52,308
2026-04-27T15:42:00+00:00,348.52,348.89,348.28,348.3,480
2026-04-27T15:45:00+00:00,348.3,348.35,347.92,348.08,416
2026-04-27T15:48:00+00:00,348.08,348.2,347.77,347.85,428
2026-04-27T15:51:00+00:00,347.85,348.16,347.81,348.07,346
2026-04-27T15:54:00+00:00,348.07,348.78,347.95,348.52,384
2026-04-27T15:57:00+00:00,348.52,349.3,348.44,349.24,347
2026-04-27T16:00:00+00:00,349.24,349.52,349.05,349.27,460
2026-04-27T16:03:00+00:00,349.27,349.42,349.13,349.23,345
2026-04-27T16:06:00+00:00,349.23,349.26,348.81,349.02,349
2026-04-27T16:09:00+00:00,349.02,349.21,348.74,349.17,371
2026-04-27T16:12:00+00:00,349.17,349.32,348.92,349.23,339
2026-04-27T16:15:00+00:00,349.23,349.3,349.04,349.15,325
2026-04-27T16:18:00+00:00,349.15,349.25,348.76,348.95,287
2026-04-27T16:21:00+00:00,348.95,349.14,348.78,348.85,187
2026-04-27T16:24:00+00:00,348.85,349.42,348.83,349.27,203
2026-04-27T16:27:00+00:00,349.27,349.39,349.14,349.27,208
2026-04-27T16:30:00+00:00,349.27,349.69,349.27,349.5,290
2026-04-27T16:33:00+00:00,349.5,349.72,349.43,349.67,289
2026-04-27T16:36:00+00:00,349.67,349.67,349.38,349.42,274
2026-04-27T16:39:00+00:00,349.42,349.58,349.33,349.35,221
2026-04-27T16:42:00+00:00,349.35,349.79,349.26,349.76,279
2026-04-27T16:45:00+00:00,349.76,349.76,349.47,349.71,259
2026-04-27T16:48:00+00:00,349.71,350.05,349.68,349.88,305
2026-04-27T16:51:00+00:00,349.88,350,349.7,349.74,262
2026-04-27T16:54:00+00:00,349.74,349.79,349.32,349.38,336
2026-04-27T16:57:00+00:00,349.38,349.4,349.08,349.23,372
2026-04-27T17:00:00+00:00,349.23,349.61,349.23,349.45,311
2026-04-27T17:03:00+00:00,349.45,349.53,349.12,349.32,317
2026-04-27T17:06:00+00:00,349.32,349.49,349.23,349.43,321
2026-04-27T17:09:00+00:00,349.43,349.63,349.36,349.57,234
2026-04-27T17:12:00+00:00,349.57,349.89,349.49,349.79,288
2026-04-27T17:15:00+00:00,349.79,349.91,349.64,349.81,258
2026-04-27T17:18:00+00:00,349.81,349.81,349.4,349.4,295
2026-04-27T17:21:00+00:00,349.4,349.85,349.39,349.66,432
2026-04-27T17:24:00+00:00,349.66,349.91,349.52,349.88,384
2026-04-27T17:27:00+00:00,349.88,349.92,349.7,349.82,317
2026-04-27T17:30:00+00:00,349.82,350.06,349.78,350,359
2026-04-27T17:33:00+00:00,350,350.26,349.93,350.03,241
2026-04-27T17:36:00+00:00,350.03,350.2,349.92,350.16,261
2026-04-27T17:39:00+00:00,350.16,350.24,349.93,349.96,209
2026-04-27T17:42:00+00:00,349.96,350.61,349.9,350.54,265
2026-04-27T17:45:00+00:00,350.54,350.65,350.29,350.44,246
2026-04-27T17:48:00+00:00,350.44,350.64,350.3,350.64,302
2026-04-27T17:51:00+00:00,350.64,350.64,350.36,350.43,263
2026-04-27T17:54:00+00:00,350.43,350.66,350.38,350.52,251
2026-04-27T17:57:00+00:00,350.52,350.76,350.5,350.69,191
2026-04-27T18:00:00+00:00,350.69,350.74,350.38,350.49,254
2026-04-27T18:03:00+00:00,350.49,350.63,350.41,350.58,201
2026-04-27T18:06:00+00:00,350.58,350.6,350.37,350.46,190
2026-04-27T18:09:00+00:00,350.46,350.66,350.39,350.44,170
2026-04-27T18:12:00+00:00,350.44,350.62,350.25,350.44,242
2026-04-27T18:15:00+00:00,350.44,350.57,350.42,350.49,198
2026-04-27T18:18:00+00:00,350.49,350.6,350.29,350.34,207
2026-04-27T18:21:00+00:00,350.34,350.42,350.12,350.26,224
2026-04-27T18:24:00+00:00,350.26,350.29,349.91,350.03,246
2026-04-27T18:27:00+00:00,350.03,350.26,349.93,350.2,221
2026-04-27T18:30:00+00:00,350.2,350.36,350.12,350.28,194
2026-04-27T18:33:00+00:00,350.28,350.39,350.07,350.13,216
2026-04-27T18:36:00+00:00,350.13,350.2,349.79,350.01,295
2026-04-27T18:39:00+00:00,350.01,350.16,349.88,349.99,287
2026-04-27T18:42:00+00:00,349.99,350.39,349.9,350.11,360
2026-04-27T18:45:00+00:00,350.11,350.49,350.03,350.47,283
2026-04-27T18:48:00+00:00,350.47,350.51,350.3,350.42,241
2026-04-27T18:51:00+00:00,350.42,350.49,350.13,350.2,223
2026-04-27T18:54:00+00:00,350.2,350.2,349.58,349.68,372
2026-04-27T18:57:00+00:00,349.68,350.02,349.59,349.95,245
2026-04-27T19:00:00+00:00,349.95,350.21,349.89,349.9,232
2026-04-27T19:03:00+00:00,349.9,350.31,349.89,350.2,219
2026-04-27T19:06:00+00:00,350.2,350.2,349.88,349.95,210
2026-04-27T19:09:00+00:00,349.95,350.03,349.68,349.81,211
2026-04-27T19:12:00+00:00,349.81,350.01,349.79,349.93,181
2026-04-27T19:15:00+00:00,349.93,350.03,349.69,349.74,189
2026-04-27T19:18:00+00:00,349.74,349.83,349.52,349.58,216
2026-04-27T19:21:00+00:00,349.58,349.73,349.5,349.71,210
2026-04-27T19:24:00+00:00,349.71,349.76,349.5,349.62,231
2026-04-27T19:27:00+00:00,349.62,350.02,349.61,349.97,329
2026-04-27T19:30:00+00:00,349.97,350.44,349.97,350.16,322
2026-04-27T19:33:00+00:00,350.16,350.32,349.54,349.54,315
2026-04-27T19:36:00+00:00,349.54,349.64,348.99,349.11,319
2026-04-27T19:39:00+00:00,349.11,349.49,349.11,349.37,248
2026-04-27T19:42:00+00:00,349.37,349.42,349.21,349.42,241
2026-04-27T19:45:00+00:00,349.42,349.52,349.28,349.38,358
2026-04-27T19:48:00+00:00,349.38,349.52,348.91,348.93,481
2026-04-27T19:51:00+00:00,348.93,349.01,348.4,348.57,524
2026-04-27T19:54:00+00:00,348.57,348.83,348.17,348.49,630
2026-04-27T19:57:00+00:00,348.49,348.69,348.33,348.52,706
2026-04-28T13:30:00+00:00,348.52,348.52,344.91,345.55,774
2026-04-28T13:33:00+00:00,345.55,345.78,344.03,344.9,581
2026-04-28T13:36:00+00:00,344.9,346.88,344.48,346.81,766
2026-04-28T13:39:00+00:00,346.81,347.32,345.97,346.5,810
2026-04-28T13:42:00+00:00,346.5,346.78,346.01,346.01,871
2026-04-28T13:45:00+00:00,346.01,346.57,345.44,346.56,887
2026-04-28T13:48:00+00:00,346.56,347.2,346.1,346.39,847
2026-04-28T13:51:00+00:00,346.39,346.54,345.91,346.29,823
2026-04-28T13:54:00+00:00,346.29,346.41,345.04,345.64,749
2026-04-28T13:57:00+00:00,345.64,346.46,345.54,346.4,642
2026-04-28T14:00:00+00:00,346.4,347.1,346.37,346.78,773
2026-04-28T14:03:00+00:00,346.78,347.56,346.63,347.49,652
2026-04-28T14:06:00+00:00,347.49,348.15,347.37,347.71,693
2026-04-28T14:09:00+00:00,347.71,347.79,347.05,347.34,550
2026-04-28T14:12:00+00:00,347.34,347.79,346.94,347.66,615
2026-04-28T14:15:00+00:00,347.66,348.52,347.65,348.06,756
2026-04-28T14:18:00+00:00,348.06,349.16,348.06,349.16,665
2026-04-28T14:21:00+00:00,349.16,349.69,348.95,349.22,618
2026-04-28T14:24:00+00:00,349.22,349.23,348.16,348.39,765
2026-04-28T14:27:00+00:00,348.39,349.25,348.31,349.25,518
2026-04-28T14:30:00+00:00,349.25,349.38,348.49,349,660
2026-04-28T14:33:00+00:00,349,349.55,348.9,348.91,616
2026-04-28T14:36:00+00:00,348.91,349.5,348.17,348.43,723
2026-04-28T14:39:00+00:00,348.43,349.15,348.06,349.05,677
2026-04-28T14:42:00+00:00,349.05,349.76,348.96,349.6,668
2026-04-28T14:45:00+00:00,349.6,349.6,348.61,348.89,690
2026-04-28T14:48:00+00:00,348.89,349.28,348.53,348.55,618
2026-04-28T14:51:00+00:00,348.55,349.27,348.25,348.35,775
2026-04-28T14:54:00+00:00,348.35,348.56,347.71,348.19,787
2026-04-28T14:57:00+00:00,348.19,348.27,347.49,348.26,661
2026-04-28T15:00:00+00:00,348.26,348.48,347.92,348.38,662
2026-04-28T15:03:00+00:00,348.38,348.64,347.92,348.18,506
2026-04-28T15:06:00+00:00,348.18,348.47,347.47,347.64,507
2026-04-28T15:09:00+00:00,347.64,348.34,347.44,348.26,709
2026-04-28T15:12:00+00:00,348.26,348.85,348.23,348.71,758
2026-04-28T15:15:00+00:00,348.71,348.97,348.39,348.63,817
2026-04-28T15:18:00+00:00,348.63,348.79,348.3,348.35,644
2026-04-28T15:21:00+00:00,348.35,348.49,348.09,348.18,938
2026-04-28T15:24:00+00:00,348.18,348.4,348.02,348.36,820
2026-04-28T15:27:00+00:00,348.36,348.52,348.08,348.34,610
2026-04-28T15:30:00+00:00,348.34,348.52,347.81,348.12,620
2026-04-28T15:33:00+00:00,348.12,348.19,347.66,347.71,687
2026-04-28T15:36:00+00:00,347.71,347.89,347.41,347.67,619
2026-04-28T15:39:00+00:00,347.67,347.97,347.43,347.57,496
2026-04-28T15:42:00+00:00,347.57,347.87,347.43,347.52,340
2026-04-28T15:45:00+00:00,347.52,347.73,347.32,347.37,424
2026-04-28T15:48:00+00:00,347.37,347.43,347.01,347.22,504
2026-04-28T15:51:00+00:00,347.22,347.3,346.8,346.99,520
2026-04-28T15:54:00+00:00,346.99,347.12,346.57,346.67,424
2026-04-28T15:57:00+00:00,346.67,346.85,346.54,346.7,468
2026-04-28T16:00:00+00:00,346.7,346.82,346.38,346.43,463
2026-04-28T16:03:00+00:00,346.43,346.6,346.18,346.31,439
2026-04-28T16:06:00+00:00,346.31,346.62,346.14,346.39,443
2026-04-28T16:09:00+00:00,346.39,346.49,346.24,346.35,368
2026-04-28T16:12:00+00:00,346.35,346.46,345.91,346.3,339
2026-04-28T16:15:00+00:00,346.3,346.33,346,346.24,405
2026-04-28T16:18:00+00:00,346.24,347.08,346.22,346.83,380
2026-04-28T16:21:00+00:00,346.83,347.05,346.55,346.74,313
2026-04-28T16:24:00+00:00,346.74,346.97,346.63,346.97,290
2026-04-28T16:27:00+00:00,346.97,347.08,346.7,346.76,316
2026-04-28T16:30:00+00:00,346.76,347.1,346.73,346.97,306
2026-04-28T16:33:00+00:00,346.97,346.99,346.3,346.55,368
2026-04-28T16:36:00+00:00,346.55,346.83,346.47,346.83,388
2026-04-28T16:39:00+00:00,346.83,347.05,346.78,346.9,370
2026-04-28T16:42:00+00:00,346.9,346.92,346.7,346.76,228
2026-04-28T16:45:00+00:00,346.76,347.2,346.72,346.87,311
2026-04-28T16:48:00+00:00,346.87,347.02,346.72,346.78,411
2026-04-28T16:51:00+00:00,346.78,347.33,346.72,347.2,415
2026-04-28T16:54:00+00:00,347.2,347.27,347,347.05,303
2026-04-28T16:57:00+00:00,347.05,347.27,346.96,347.03,286
2026-04-28T17:00:00+00:00,347.03,347.13,346.21,346.21,405
2026-04-28T17:03:00+00:00,346.21,346.3,345.92,345.95,379
2026-04-28T17:06:00+00:00,345.95,346.45,345.88,346.3,367
2026-04-28T17:09:00+00:00,346.3,346.39,346.12,346.28,429
2026-04-28T17:12:00+00:00,346.28,346.49,346.07,346.37,349
2026-04-28T17:15:00+00:00,346.37,346.45,346.07,346.12,242
2026-04-28T17:18:00+00:00,346.12,346.23,345.9,345.95,296
2026-04-28T17:21:00+00:00,345.95,346.32,345.88,346.21,317
2026-04-28T17:24:00+00:00,346.21,346.5,346.14,346.41,260
2026-04-28T17:27:00+00:00,346.41,346.72,346.41,346.47,262
2026-04-28T17:30:00+00:00,346.47,346.9,346.42,346.57,247
2026-04-28T17:33:00+00:00,346.57,346.68,346.38,346.64,274
2026-04-28T17:36:00+00:00,346.64,346.67,346.48,346.49,269
2026-04-28T17:39:00+00:00,346.49,346.83,346.45,346.82,238
2026-04-28T17:42:00+00:00,346.82,346.85,346.46,346.51,227
2026-04-28T17:45:00+00:00,346.51,346.85,346.43,346.67,255
2026-04-28T17:48:00+00:00,346.67,346.94,346.61,346.92,227
2026-04-28T17:51:00+00:00,346.92,347,346.7,346.84,293
2026-04-28T17:54:00+00:00,346.84,346.9,346.38,346.52,264
2026-04-28T17:57:00+00:00,346.52,346.76,346.48,346.68,236
2026-04-28T18:00:00+00:00,346.68,346.96,346.67,346.84,245
2026-04-28T18:03:00+00:00,346.84,347,346.82,346.9,267
2026-04-28T18:06:00+00:00,346.9,347.11,346.88,347.11,223
2026-04-28T18:09:00+00:00,347.11,347.3,346.99,347.13,281
2026-04-28T18:12:00+00:00,347.13,347.25,346.99,347.12,202
2026-04-28T18:15:00+00:00,347.12,347.44,347.12,347.42,193
2026-04-28T18:18:00+00:00,347.42,347.63,347.34,347.36,227
2026-04-28T18:21:00+00:00,347.36,347.57,347.28,347.38,347
2026-04-28T18:24:00+00:00,347.38,347.5,347.28,347.47,229
2026-04-28T18:27:00+00:00,347.47,347.56,347.38,347.5,183
2026-04-28T18:30:00+00:00,347.5,347.5,347.27,347.39,218
2026-04-28T18:33:00+00:00,347.39,347.39,347.05,347.13,272
2026-04-28T18:36:00+00:00,347.13,347.2,347.02,347.15,216
2026-04-28T18:39:00+00:00,347.15,347.24,346.99,347.04,208
2026-04-28T18:42:00+00:00,347.04,347.24,347.04,347.09,235
2026-04-28T18:45:00+00:00,347.09,347.31,347.06,347.08,187
2026-04-28T18:48:00+00:00,347.08,347.24,347.06,347.08,169
2026-04-28T18:51:00+00:00,347.08,347.41,347.06,347.25,199
2026-04-28T18:54:00+00:00,347.25,347.5,347.21,347.33,225
2026-04-28T18:57:00+00:00,347.33,347.46,347.21,347.43,171
2026-04-28T19:00:00+00:00,347.43,347.48,347.28,347.42,207
2026-04-28T19:03:00+00:00,347.42,347.76,347.41,347.67,258
2026-04-28T19:06:00+00:00,347.67,347.79,347.52,347.62,275
2026-04-28T19:09:00+00:00,347.62,348.11,347.62,347.94,227
2026-04-28T19:12:00+00:00,347.94,348.09,347.83,347.91,257
2026-04-28T19:15:00+00:00,347.91,347.91,347.56,347.67,308
2026-04-28T19:18:00+00:00,347.67,347.84,347.57,347.74,231
2026-04-28T19:21:00+00:00,347.74,347.78,347.31,347.36,279
2026-04-28T19:24:00+00:00,347.36,347.55,347.31,347.44,240
2026-04-28T19:27:00+00:00,347.44,347.55,347.28,347.53,226
2026-04-28T19:30:00+00:00,347.53,347.59,347.37,347.54,285
2026-04-28T19:33:00+00:00,347.54,347.55,347.37,347.51,280
2026-04-28T19:36:00+00:00,347.51,347.86,347.51,347.84,343
2026-04-28T19:39:00+00:00,347.84,348.22,347.82,348.08,271
2026-04-28T19:42:00+00:00,348.08,348.16,347.88,347.93,239
2026-04-28T19:45:00+00:00,347.93,348.15,347.87,347.92,250
2026-04-28T19:48:00+00:00,347.92,348.25,347.89,348.24,322
2026-04-28T19:51:00+00:00,348.24,348.48,347.96,348.02,405
2026-04-28T19:54:00+00:00,348.02,348.04,346.89,347.4,643
2026-04-28T19:57:00+00:00,347.4,347.48,347.19,347.36,729
2026-04-29T13:30:00+00:00,347.36,347.36,342.23,344.32,931
2026-04-29T13:33:00+00:00,344.32,344.97,343.66,344.06,588
2026-04-29T13:36:00+00:00,344.06,345.51,343.91,345.31,669
2026-04-29T13:39:00+00:00,345.31,346.26,345.16,345.99,772
2026-04-29T13:42:00+00:00,345.99,346.85,345.78,346.72,692
2026-04-29T13:45:00+00:00,346.72,347.67,346.13,347.39,1074
2026-04-29T13:48:00+00:00,347.39,348.55,347.2,348.47,840
2026-04-29T13:51:00+00:00,348.47,349.08,348.05,348.9,603
2026-04-29T13:54:00+00:00,348.9,349.37,348.68,349.13,707
2026-04-29T13:57:00+00:00,349.13,349.62,348.36,349.62,496
2026-04-29T14:00:00+00:00,349.62,349.85,348.57,348.94,678
2026-04-29T14:03:00+00:00,348.94,349.24,348.44,348.7,540
2026-04-29T14:06:00+00:00,348.7,348.92,348.41,348.66,641
2026-04-29T14:09:00+00:00,348.66,349.14,348.55,349.03,621
2026-04-29T14:12:00+00:00,349.03,350.13,348.98,349.72,609
2026-04-29T14:15:00+00:00,349.72,349.81,349.1,349.32,497
2026-04-29T14:18:00+00:00,349.32,350.05,349.32,349.94,616
2026-04-29T14:21:00+00:00,349.94,350.35,349.78,350.2,609
2026-04-29T14:24:00+00:00,350.2,350.9,350.01,350.59,555
2026-04-29T14:27:00+00:00,350.59,351.29,350.59,351.19,589
2026-04-29T14:30:00+00:00,351.19,352.14,350.63,352.08,797
2026-04-29T14:33:00+00:00,352.08,353.2,352,353.04,694
2026-04-29T14:36:00+00:00,353.04,353.26,352.43,352.51,745
2026-04-29T14:39:00+00:00,352.51,352.78,351.75,351.81,662
2026-04-29T14:42:00+00:00,351.81,352.88,351.63,352.72,748
2026-04-29T14:45:00+00:00,352.72,352.75,351.52,351.79,646
2026-04-29T14:48:00+00:00,351.79,351.94,351.25,351.33,572
2026-04-29T14:51:00+00:00,351.33,351.52,350.56,350.58,644
2026-04-29T14:54:00+00:00,350.58,350.87,350.26,350.55,556
2026-04-29T14:57:00+00:00,350.55,350.6,-1434.1899999999998,-1434.1799999999998,565.867484497169
2026-04-29T15:00:00+00:00,349.65,350.57,349.63,350.53,585
2026-04-29T15:03:00+00:00,350.53,350.77,349.97,350.67,477
2026-04-29T15:06:00+00:00,350.67,350.8,349.94,350.04,475
2026-04-29T15:09:00+00:00,350.04,350.08,349.52,349.55,614
2026-04-29T15:12:00+00:00,349.55,349.57,349.14,349.19,557
2026-04-29T15:15:00+00:00,349.19,349.65,349.07,349.58,585
2026-04-29T15:18:00+00:00,349.58,349.6,349.09,349.41,530
2026-04-29T15:21:00+00:00,349.41,349.42,348.89,349.19,493
2026-04-29T15:24:00+00:00,349.19,349.35,348.89,349.33,475
2026-04-29T15:27:00+00:00,349.33,349.6,349.07,349.3,565
2026-04-29T15:30:00+00:00,349.3,349.94,349.27,349.8,690
2026-04-29T15:33:00+00:00,349.8,350.16,349.59,350.12,662
2026-04-29T15:36:00+00:00,350.12,350.3,349.89,350.01,645
2026-04-29T15:39:00+00:00,350.01,350.1,349.43,349.58,513
2026-04-29T15:42:00+00:00,349.58,349.78,349.3,349.33,596
2026-04-29T15:45:00+00:00,349.33,349.75,349.19,349.65,613
2026-04-29T15:48:00+00:00,349.65,349.65,349.31,349.44,577
2026-04-29T15:51:00+00:00,349.44,349.44,348.41,348.51,1082
2026-04-29T15:54:00+00:00,348.51,348.83,348.18,348.43,1114
2026-04-29T15:57:00+00:00,348.43,348.85,348.29,348.75,779
2026-04-29T16:00:00+00:00,348.75,348.8,348.38,348.45,738
2026-04-29T16:03:00+00:00,348.45,348.49,347.89,347.93,551
2026-04-29T16:06:00+00:00,347.93,348.1,347.69,348.01,614
2026-04-29T16:09:00+00:00,348.01,348.1,347.73,348.02,439
2026-04-29T16:12:00+00:00,348.02,348.11,347.84,348.04,446
2026-04-29T16:15:00+00:00,348.04,348.2,347.69,347.72,405
2026-04-29T16:18:00+00:00,347.72,347.83,347.47,347.61,500
2026-04-29T16:21:00+00:00,347.61,347.83,347.3,347.52,498
2026-04-29T16:24:00+00:00,347.52,347.56,347.34,347.35,376
2026-04-29T16:27:00+00:00,347.35,347.47,346.8,347.05,437
2026-04-29T16:30:00+00:00,347.05,347.05,346.27,346.49,608
2026-04-29T16:33:00+00:00,346.49,346.53,345.88,345.91,591
2026-04-29T16:36:00+00:00,345.91,346.13,345.51,345.62,560
2026-04-29T16:39:00+00:00,345.62,346.37,345.62,346.16,479
2026-04-29T16:42:00+00:00,346.16,346.47,346.13,346.31,359
2026-04-29T16:45:00+00:00,346.31,346.49,346.1,346.2,443
2026-04-29T16:48:00+00:00,346.2,346.34,345.93,346.26,479
2026-04-29T16:51:00+00:00,346.26,346.48,346.23,346.24,384
2026-04-29T16:54:00+00:00,346.24,346.31,346.04,346.05,365
2026-04-29T16:57:00+00:00,346.05,346.14,345.69,345.88,369
2026-04-29T17:00:00+00:00,345.88,346.03,345.57,345.59,419
2026-04-29T17:03:00+00:00,345.59,346.03,345.39,345.99,502
2026-04-29T17:06:00+00:00,345.99,346.22,345.88,345.99,443
2026-04-29T17:09:00+00:00,345.99,346.44,345.99,346.17,452
2026-04-29T17:12:00+00:00,346.17,346.33,346.05,346.27,363
2026-04-29T17:15:00+00:00,346.27,346.82,346.13,346.73,438
2026-04-29T17:18:00+00:00,346.73,346.91,346.56,346.85,560
2026-04-29T17:21:00+00:00,346.85,347.21,346.63,347.21,434
2026-04-29T17:24:00+00:00,347.21,347.25,346.88,347.02,433
2026-04-29T17:27:00+00:00,347.02,347.15,346.88,347.12,392
2026-04-29T17:30:00+00:00,347.12,347.31,346.98,347.2,496
2026-04-29T17:33:00+00:00,347.2,347.35,347,347.03,510
2026-04-29T17:36:00+00:00,347.03,347.15,346.94,347.04,413
2026-04-29T17:39:00+00:00,347.04,347.25,346.99,346.99,306
2026-04-29T17:42:00+00:00,346.99,347.31,346.94,347.28,346
2026-04-29T17:45:00+00:00,347.28,347.31,346.88,347.12,355
2026-04-29T17:48:00+00:00,347.12,347.37,346.99,347.34,564
2026-04-29T17:51:00+00:00,347.34,347.39,346.88,346.97,512
2026-04-29T17:54:00+00:00,346.97,347.3,346.88,347.09,430
2026-04-29T17:57:00+00:00,347.09,347.41,347.02,347.26,363
2026-04-29T18:00:00+00:00,347.26,347.3,346.83,346.94,839
2026-04-29T18:03:00+00:00,346.94,346.94,346.3,346.37,693
2026-04-29T18:06:00+00:00,346.37,346.69,346.23,346.25,603
2026-04-29T18:09:00+00:00,346.25,346.89,346.24,346.76,600
2026-04-29T18:12:00+00:00,346.76,347.29,346.65,347.19,620
2026-04-29T18:15:00+00:00,347.19,347.95,347.13,347.82,677
2026-04-29T18:18:00+00:00,347.82,347.91,347.53,347.88,569
2026-04-29T18:21:00+00:00,347.88,347.96,347.43,347.43,455
2026-04-29T18:24:00+00:00,347.43,347.53,346.95,346.96,471
2026-04-29T18:27:00+00:00,346.96,347.27,346.95,347.07,530
2026-04-29T18:30:00+00:00,347.07,347.14,346.63,346.9,856
2026-04-29T18:33:00+00:00,346.9,347.53,346.89,347.42,872
2026-04-29T18:36:00+00:00,347.42,347.96,347.16,347.61,1462
2026-04-29T18:39:00+00:00,347.61,347.68,347.24,347.4,647
2026-04-29T18:42:00+00:00,347.4,347.46,346.91,347.09,574
2026-04-29T18:45:00+00:00,347.09,347.62,346.89,347.46,758
2026-04-29T18:48:00+00:00,347.46,348.26,347.45,348.09,672
2026-04-29T18:51:00+00:00,348.09,348.4,348.06,348.15,552
2026-04-29T18:54:00+00:00,348.15,348.35,347.94,348.24,563
2026-04-29T18:57:00+00:00,348.24,349.07,348.23,348.97,430
2026-04-29T19:00:00+00:00,348.97,349.24,348.68,348.75,690
2026-04-29T19:03:00+00:00,348.75,348.95,348.46,348.51,521
2026-04-29T19:06:00+00:00,348.51,348.71,348.45,348.64,478
2026-04-29T19:09:00+00:00,348.64,349.11,348.39,348.93,509
2026-04-29T19:12:00+00:00,348.93,348.98,348.67,348.88,591
2026-04-29T19:15:00+00:00,348.88,349.26,348.87,349.07,492
2026-04-29T19:18:00+00:00,349.07,349.38,348.89,349.36,481
2026-04-29T19:21:00+00:00,349.36,349.39,348.69,348.95,629
2026-04-29T19:24:00+00:00,348.95,349.23,348.71,348.9,421
2026-04-29T19:27:00+00:00,348.9,349.13,348.77,348.85,520
2026-04-29T19:30:00+00:00,348.85,349,348.51,348.64,695
2026-04-29T19:33:00+00:00,348.64,348.66,348.29,348.53,626
2026-04-29T19:36:00+00:00,348.53,348.87,348.48,348.73,574
2026-04-29T19:39:00+00:00,348.73,348.83,348.16,348.23,509
2026-04-29T19:42:00+00:00,348.23,348.43,347.96,348.08,448
2026-04-29T19:45:00+00:00,348.08,348.48,348.07,348.24,508
2026-04-29T19:48:00+00:00,348.24,348.24,347.54,347.8,678
2026-04-29T19:51:00+00:00,347.8,348.03,347.62,347.76,757
2026-04-29T19:54:00+00:00,347.76,348.11,347.06,347.84,928
2026-04-29T19:57:00+00:00,347.84,347.94,346.3,347.94,1495
2026-04-30T13:30:00+00:00,347.94,374.01,347.94,372.15,1680
2026-04-30T13:33:00+00:00,372.15,373.48,368.66,369.37,1753
2026-04-30T13:36:00+00:00,369.37,370.37,366.74,367.05,1464
2026-04-30T13:39:00+00:00,367.05,368.01,363.76,363.82,1086
2026-04-30T13:42:00+00:00,363.82,366.57,363.57,366.3,1209
2026-04-30T13:45:00+00:00,366.3,367.62,365.3,367.16,1127
2026-04-30T13:48:00+00:00,367.16,369.61,366.68,369.21,1003
2026-04-30T13:51:00+00:00,369.21,369.46,365.88,366.22,1152
2026-04-30T13:54:00+00:00,366.22,367.55,365.15,366.98,951
2026-04-30T13:57:00+00:00,366.98,367.46,365.94,367,821
2026-04-30T14:00:00+00:00,367,368.02,365.9,367.65,974
2026-04-30T14:03:00+00:00,367.65,368.41,366.91,367.36,833
2026-04-30T14:06:00+00:00,367.36,368.55,366.88,366.9,685
2026-04-30T14:09:00+00:00,366.9,367.89,366.08,366.26,673
2026-04-30T14:12:00+00:00,366.26,367.61,365.89,367.36,856
2026-04-30T14:15:00+00:00,367.36,368.04,365.93,365.94,959
2026-04-30T14:18:00+00:00,365.94,366.52,365.25,365.49,850
2026-04-30T14:21:00+00:00,365.49,366.82,365.48,366.23,594
2026-04-30T14:24:00+00:00,366.23,366.31,365.05,365.2,595
2026-04-30T14:27:00+00:00,365.2,365.97,364.91,365.9,611
2026-04-30T14:30:00+00:00,365.9,366.26,365.09,365.26,589
2026-04-30T14:33:00+00:00,365.26,365.36,363.77,364.68,707
2026-04-30T14:36:00+00:00,364.68,364.76,363.18,363.44,734
2026-04-30T14:39:00+00:00,363.44,364.6,362.95,364.59,611
2026-04-30T14:42:00+00:00,364.59,365.07,364.06,365.07,663
2026-04-30T14:45:00+00:00,365.07,366.72,364.71,366.58,619
2026-04-30T14:48:00+00:00,366.58,366.85,365.3,365.72,547
2026-04-30T14:51:00+00:00,365.72,366.82,365.64,366.55,572
2026-04-30T14:54:00+00:00,366.55,368.76,366.54,368.55,589
2026-04-30T14:57:00+00:00,368.55,369.74,368.55,369.1,658
2026-04-30T15:00:00+00:00,369.1,370.42,369.06,369.97,635
2026-04-30T15:03:00+00:00,369.97,371.1,369.68,370.72,599
2026-04-30T15:06:00+00:00,370.72,372.21,369.89,372.08,697
2026-04-30T15:09:00+00:00,372.08,372.93,371.89,372.9,670
2026-04-30T15:12:00+00:00,372.9,374.67,372.81,374.54,858
2026-04-30T15:15:00+00:00,374.54,375,373.76,374.34,781
2026-04-30T15:18:00+00:00,374.34,374.63,373.27,373.69,678
2026-04-30T15:21:00+00:00,373.69,374,372.21,372.56,811
2026-04-30T15:24:00+00:00,372.56,374.25,372.5,372.69,748
2026-04-30T15:27:00+00:00,372.69,373.36,372.38,372.52,626
2026-04-30T15:30:00+00:00,372.52,373.64,372.21,373.01,622
2026-04-30T15:33:00+00:00,373.01,373.2,372.43,372.98,569
2026-04-30T15:36:00+00:00,372.98,373.19,371,371.8,647
2026-04-30T15:39:00+00:00,371.8,371.96,370.88,371.03,561
2026-04-30T15:42:00+00:00,371.03,371.19,370.61,370.77,382
2026-04-30T15:45:00+00:00,370.77,370.97,369.89,370.09,404
2026-04-30T15:48:00+00:00,370.09,371.72,369.89,371.57,546
2026-04-30T15:51:00+00:00,371.57,371.67,371.17,371.44,722
2026-04-30T15:54:00+00:00,371.44,371.91,371.37,371.58,647
2026-04-30T15:57:00+00:00,371.58,372.16,370.89,371.15,534
2026-04-30T16:00:00+00:00,371.15,371.39,370.43,370.56,427
2026-04-30T16:03:00+00:00,370.56,371.43,370.38,371.29,387
2026-04-30T16:06:00+00:00,371.29,371.87,371.07,371.17,393
2026-04-30T16:09:00+00:00,371.17,371.92,370.95,371.91,404
2026-04-30T16:12:00+00:00,371.91,373.28,371.81,373.24,406
2026-04-30T16:15:00+00:00,373.24,373.61,372.76,373.54,395
2026-04-30T16:18:00+00:00,373.54,374.69,373.52,373.83,428
2026-04-30T16:21:00+00:00,373.83,373.92,372.55,372.55,458
2026-04-30T16:24:00+00:00,372.55,372.91,372.38,372.68,358
2026-04-30T16:27:00+00:00,372.68,373.08,372.63,373.06,305
2026-04-30T16:30:00+00:00,373.06,373.87,373.06,373.77,421
2026-04-30T16:33:00+00:00,373.77,374.2,373.76,373.98,304
2026-04-30T16:36:00+00:00,373.98,374.39,373.56,373.58,247
2026-04-30T16:39:00+00:00,373.58,373.87,373.46,373.64,290
2026-04-30T16:42:00+00:00,373.64,373.97,373.41,373.43,302
2026-04-30T16:45:00+00:00,373.43,374.76,373.35,374.72,341
2026-04-30T16:48:00+00:00,374.72,374.72,374.2,374.39,353
2026-04-30T16:51:00+00:00,374.39,374.72,374.21,374.66,295
2026-04-30T16:54:00+00:00,374.66,374.67,374.03,374.56,365
2026-04-30T16:57:00+00:00,374.56,374.88,374.26,374.45,287
2026-04-30T17:00:00+00:00,374.45,376.45,374.38,376.41,581
2026-04-30T17:03:00+00:00,376.41,377.43,376.41,377.36,583
2026-04-30T17:06:00+00:00,377.36,378.04,377,377.88,483
2026-04-30T17:09:00+00:00,377.88,378.7,377.56,378.17,495
2026-04-30T17:12:00+00:00,378.17,380.07,377.91,380.05,663
2026-04-30T17:15:00+00:00,380.05,380.25,378.89,380.05,556
2026-04-30T17:18:00+00:00,380.05,380.21,379.19,379.66,566
2026-04-30T17:21:00+00:00,379.66,380.16,379.19,379.39,488
2026-04-30T17:24:00+00:00,379.39,380.15,379.03,379.91,425
2026-04-30T17:27:00+00:00,379.91,380.69,379.91,380.45,381
2026-04-30T17:30:00+00:00,380.45,380.85,379.5,379.72,581
2026-04-30T17:33:00+00:00,379.72,379.97,379.4,379.66,394
2026-04-30T17:36:00+00:00,379.66,380.16,379.62,379.72,361
2026-04-30T17:39:00+00:00,379.72,380.46,379.7,380.02,321
2026-04-30T17:42:00+00:00,380.02,380.06,379.38,379.48,333
2026-04-30T17:45:00+00:00,379.48,380.16,379.41,379.94,304
2026-04-30T17:48:00+00:00,379.94,380.21,379.79,379.99,319
2026-04-30T17:51:00+00:00,379.99,380.22,379.75,379.93,312
2026-04-30T17:54:00+00:00,379.93,380.22,379.57,379.86,296
2026-04-30T17:57:00+00:00,379.86,381.02,379.86,381.02,388
2026-04-30T18:00:00+00:00,381.02,382.17,380.75,381.91,636
2026-04-30T18:03:00+00:00,381.91,382.16,381.32,381.39,438
2026-04-30T18:06:00+00:00,381.39,381.81,380.43,380.62,430
2026-04-30T18:09:00+00:00,380.62,380.63,380.1,380.33,371
2026-04-30T18:12:00+00:00,380.33,381.44,380.3,381.41,376
2026-04-30T18:15:00+00:00,381.41,381.53,380.42,381.34,485
2026-04-30T18:18:00+00:00,381.34,381.54,380.89,381.2,366
2026-04-30T18:21:00+00:00,381.2,381.4,380.71,380.77,252
2026-04-30T18:24:00+00:00,380.77,381.07,380.58,380.89,359
2026-04-30T18:27:00+00:00,380.89,381.22,380.61,381.01,373
2026-04-30T18:30:00+00:00,381.01,381.36,380.5,380.52,394
2026-04-30T18:33:00+00:00,380.52,380.73,380.08,380.3,332
2026-04-30T18:36:00+00:00,380.3,380.52,379.72,379.76,363
2026-04-30T18:39:00+00:00,379.76,380.14,379.54,379.62,418
2026-04-30T18:42:00+00:00,379.62,379.62,378.7,379.19,451
2026-04-30T18:45:00+00:00,379.19,379.22,377.94,378.29,377
2026-04-30T18:48:00+00:00,378.29,378.88,377.95,378.88,347
2026-04-30T18:51:00+00:00,378.88,379.11,378.22,378.27,324
2026-04-30T18:54:00+00:00,378.27,379.05,378.26,378.55,365
2026-04-30T18:57:00+00:00,378.55,378.67,377.9,378.34,554
2026-04-30T19:00:00+00:00,378.34,378.75,377.74,378.09,516
2026-04-30T19:03:00+00:00,378.09,379.48,377.97,379.39,408
2026-04-30T19:06:00+00:00,379.39,380.05,379.07,379.8,404
2026-04-30T19:09:00+00:00,379.8,380.04,379.09,379.57,389
2026-04-30T19:12:00+00:00,379.57,379.96,379.29,379.59,464
2026-04-30T19:15:00+00:00,379.59,379.72,379.03,379.12,408
2026-04-30T19:18:00+00:00,379.12,379.41,378.88,379.39,426
2026-04-30T19:21:00+00:00,379.39,379.5,378.77,378.78,450
2026-04-30T19:24:00+00:00,378.78,378.93,378.3,378.5,414
2026-04-30T19:27:00+00:00,378.5,378.62,377.88,378.14,438
2026-04-30T19:30:00+00:00,378.14,378.57,377.49,377.7,486
2026-04-30T19:33:00+00:00,377.7,378.82,377.69,378.64,502
2026-04-30T19:36:00+00:00,378.64,378.91,377.88,378.75,444
2026-04-30T19:39:00+00:00,378.75,379.56,378.74,379.19,464
2026-04-30T19:42:00+00:00,379.19,379.67,378.89,379.63,509
2026-04-30T19:45:00+00:00,379.63,379.93,379.16,379.42,479
2026-04-30T19:48:00+00:00,379.42,379.81,378.39,378.39,636
2026-04-30T19:51:00+00:00,378.39,379.24,377.79,379.19,823
2026-04-30T19:54:00+00:00,379.19,380.99,379.17,380.99,874
2026-04-30T19:57:00+00:00,380.99,382.46,380.69,381.52,1590
2026-05-01T13:30:00+00:00,381.52,381.52,375.03,376.89,1098
2026-05-01T13:33:00+00:00,376.89,379.18,376.4,378.16,917
2026-05-01T13:36:00+00:00,378.16,379.39,377.73,378.82,933
2026-05-01T13:39:00+00:00,378.82,379.66,378.2,378.42,1106
2026-05-01T13:42:00+00:00,378.42,378.72,377.25,377.68,812
2026-05-01T13:45:00+00:00,377.68,377.89,376.64,376.88,977
2026-05-01T13:48:00+00:00,376.88,377.99,375.79,376.03,990
2026-05-01T13:51:00+00:00,376.03,378.48,375.78,378.33,893
2026-05-01T13:54:00+00:00,378.33,380.18,378.21,379.59,900
2026-05-01T13:57:00+00:00,379.59,380.82,379.4,380.8,848
2026-05-01T14:00:00+00:00,380.8,381.52,380.32,381.43,922
2026-05-01T14:03:00+00:00,381.43,381.83,380.7,381.08,862
2026-05-01T14:06:00+00:00,381.08,381.48,380.39,380.53,771
2026-05-01T14:09:00+00:00,380.53,381.33,379.04,379.19,824
2026-05-01T14:12:00+00:00,379.19,380.3,378.93,379.96,866
2026-05-01T14:15:00+00:00,379.96,381.21,379.7,380.82,841
2026-05-01T14:18:00+00:00,380.82,381.64,380.55,381.54,796
2026-05-01T14:21:00+00:00,381.54,382.52,381.49,381.74,989
2026-05-01T14:24:00+00:00,381.74,381.84,380.78,380.93,937
2026-05-01T14:27:00+00:00,380.93,381.84,380.85,381.24,748
2026-05-01T14:30:00+00:00,381.24,381.41,379.8,380,868
2026-05-01T14:33:00+00:00,380,380.28,378.23,378.53,926
2026-05-01T14:36:00+00:00,378.53,378.97,377.89,378.83,982
2026-05-01T14:39:00+00:00,378.83,378.84,378.06,378.4,837
2026-05-01T14:42:00+00:00,378.4,379.94,378.4,379.55,732
2026-05-01T14:45:00+00:00,379.55,380.35,379.48,379.74,717
2026-05-01T14:48:00+00:00,379.74,380.49,379.56,380.07,799
2026-05-01T14:51:00+00:00,380.07,381.4,380.03,381.2,752
2026-05-01T14:54:00+00:00,381.2,381.73,380.89,381.38,792
2026-05-01T14:57:00+00:00,381.38,381.53,-1402.87,-1402.87,737.9762799436355
2026-05-01T15:00:00+00:00,380.96,380.96,380.27,380.46,750
2026-05-01T15:03:00+00:00,380.46,380.52,379.84,379.96,683
2026-05-01T15:06:00+00:00,379.96,380.15,379.56,379.82,537
2026-05-01T15:09:00+00:00,379.82,380.46,379.73,380.08,487
2026-05-01T15:12:00+00:00,380.08,380.56,379.93,380.54,496
2026-05-01T15:15:00+00:00,380.54,380.79,379.89,380.27,485
2026-05-01T15:18:00+00:00,380.27,381.45,379.89,381.21,550
2026-05-01T15:21:00+00:00,381.21,381.73,381.08,381.73,454
2026-05-01T15:24:00+00:00,381.73,381.83,380.88,381.62,507
2026-05-01T15:27:00+00:00,381.62,381.96,381.38,381.85,488
2026-05-01T15:30:00+00:00,381.85,382.39,381.39,382.28,505
2026-05-01T15:33:00+00:00,382.28,383.09,382.14,382.37,571
2026-05-01T15:36:00+00:00,382.37,382.58,382.1,382.4,477
2026-05-01T15:39:00+00:00,382.4,382.63,381.78,381.82,478
2026-05-01T15:42:00+00:00,381.82,382.09,381.53,381.72,443
2026-05-01T15:45:00+00:00,381.72,381.92,381.45,381.56,392
2026-05-01T15:48:00+00:00,381.56,381.83,380.63,380.9,568
2026-05-01T15:51:00+00:00,380.9,380.98,380.12,380.18,677
2026-05-01T15:54:00+00:00,380.18,380.68,380,380.63,459
2026-05-01T15:57:00+00:00,380.63,380.79,380.08,380.19,428
2026-05-01T16:00:00+00:00,380.19,380.82,380.17,380.47,411
2026-05-01T16:03:00+00:00,380.47,380.8,380.15,380.15,394
2026-05-01T16:06:00+00:00,380.15,380.5,379.83,379.95,449
2026-05-01T16:09:00+00:00,379.95,380.37,379.71,380.35,377
2026-05-01T16:12:00+00:00,380.35,380.92,380.31,380.81,350
2026-05-01T16:15:00+00:00,380.81,381.18,380.4,381.1,314
2026-05-01T16:18:00+00:00,381.1,381.55,380.95,381.43,383
2026-05-01T16:21:00+00:00,381.43,381.55,380.62,380.93,326
2026-05-01T16:24:00+00:00,380.93,381.31,380.62,380.75,596
2026-05-01T16:27:00+00:00,380.75,380.87,380.11,380.74,556
2026-05-01T16:30:00+00:00,380.74,380.83,380.11,380.21,441
2026-05-01T16:33:00+00:00,380.21,381.43,380.18,381.31,451
2026-05-01T16:36:00+00:00,381.31,381.61,381.22,381.36,388
2026-05-01T16:39:00+00:00,381.36,381.66,380.77,380.98,355
2026-05-01T16:42:00+00:00,380.98,381.04,380.38,380.39,311
2026-05-01T16:45:00+00:00,380.39,380.63,379.81,380.24,364
2026-05-01T16:48:00+00:00,380.24,380.43,380.03,380.23,451
2026-05-01T16:51:00+00:00,380.23,380.79,380.11,380.67,344
2026-05-01T16:54:00+00:00,380.67,381.85,380.66,381.31,457
2026-05-01T16:57:00+00:00,381.31,381.5,381.03,381.15,368
2026-05-01T17:00:00+00:00,381.15,381.62,381.1,381.44,291
2026-05-01T17:03:00+00:00,381.44,381.63,381.24,381.59,304
2026-05-01T17:06:00+00:00,381.59,381.82,381.39,381.49,301
2026-05-01T17:09:00+00:00,381.49,381.86,381.47,381.65,325
2026-05-01T17:12:00+00:00,381.65,381.81,381.53,381.73,291
2026-05-01T17:15:00+00:00,381.73,382.45,381.7,382.27,324
2026-05-01T17:18:00+00:00,382.27,382.69,382.06,382.59,326
2026-05-01T17:21:00+00:00,382.59,382.84,382.25,382.4,319
2026-05-01T17:24:00+00:00,382.4,382.64,382.17,382.38,371
2026-05-01T17:27:00+00:00,382.38,382.78,382.17,382.49,241
2026-05-01T17:30:00+00:00,382.49,382.6,381.86,381.86,354
2026-05-01T17:33:00+00:00,381.86,381.96,381.55,381.76,275
2026-05-01T17:36:00+00:00,381.76,381.85,381.49,381.69,351
2026-05-01T17:39:00+00:00,381.69,381.82,381.36,381.48,335
2026-05-01T17:42:00+00:00,381.48,381.86,381.41,381.81,269
2026-05-01T17:45:00+00:00,381.81,381.96,381.63,381.7,306
2026-05-01T17:48:00+00:00,381.7,381.8,381.33,381.45,281
2026-05-01T17:51:00+00:00,381.45,381.78,381.38,381.58,458
2026-05-01T17:54:00+00:00,381.58,381.84,381.54,381.59,336
2026-05-01T17:57:00+00:00,381.59,381.9,381.55,381.68,263
2026-05-01T18:00:00+00:00,381.68,381.94,381.54,381.71,290
2026-05-01T18:03:00+00:00,381.71,382.04,381.65,381.66,302
2026-05-01T18:06:00+00:00,381.66,381.85,381.17,381.17,302
2026-05-01T18:09:00+00:00,381.17,381.47,381.03,381.07,402
2026-05-01T18:12:00+00:00,381.07,381.45,380.89,380.98,384
2026-05-01T18:15:00+00:00,380.98,381.05,380.8,380.81,359
2026-05-01T18:18:00+00:00,380.81,381.03,380.63,380.85,257
2026-05-01T18:21:00+00:00,380.85,381.18,380.78,381.02,236
2026-05-01T18:24:00+00:00,381.02,381.68,380.97,381.58,433
2026-05-01T18:27:00+00:00,381.58,381.72,381.29,381.44,435
2026-05-01T18:30:00+00:00,381.44,381.53,379.88,380.98,545
2026-05-01T18:33:00+00:00,380.98,381.02,380.73,380.74,428
2026-05-01T18:36:00+00:00,380.74,380.93,380.53,380.82,441
2026-05-01T18:39:00+00:00,380.82,381.15,380.58,380.82,401
2026-05-01T18:42:00+00:00,380.82,380.82,380.4,380.67,351
2026-05-01T18:45:00+00:00,380.67,380.69,380.04,380.11,355
2026-05-01T18:48:00+00:00,380.11,380.11,379.27,379.44,369
2026-05-01T18:51:00+00:00,379.44,379.59,379.02,379.27,287
2026-05-01T18:54:00+00:00,379.27,379.35,378.89,378.94,311
2026-05-01T18:57:00+00:00,378.94,380.29,378.93,380.15,395
2026-05-01T19:00:00+00:00,380.15,381.26,380.04,381.18,616
2026-05-01T19:03:00+00:00,381.18,381.83,381.02,381.66,463
2026-05-01T19:06:00+00:00,381.66,381.86,381.19,381.19,452
2026-05-01T19:09:00+00:00,381.19,381.83,381.19,381.45,528
2026-05-01T19:12:00+00:00,381.45,381.71,381.33,381.53,351
2026-05-01T19:15:00+00:00,381.53,381.88,381.38,381.44,336
2026-05-01T19:18:00+00:00,381.44,381.71,381.36,381.44,343
2026-05-01T19:21:00+00:00,381.44,381.89,381.44,381.77,337
2026-05-01T19:24:00+00:00,381.77,381.94,381.47,381.84,259
2026-05-01T19:27:00+00:00,381.84,382.62,381.76,382.53,381
2026-05-01T19:30:00+00:00,382.53,382.58,382.1,382.42,464
2026-05-01T19:33:00+00:00,382.42,382.98,382.42,382.53,325
2026-05-01T19:36:00+00:00,382.53,382.68,382.09,382.13,291
2026-05-01T19:39:00+00:00,382.13,382.42,381.96,381.98,348
2026-05-01T19:42:00+00:00,381.98,382.43,381.83,382.37,367
2026-05-01T19:45:00+00:00,382.37,382.61,382.15,382.31,387
2026-05-01T19:48:00+00:00,382.31,382.98,382.23,382.6,537
2026-05-01T19:51:00+00:00,382.6,382.75,382.11,382.61,736
2026-05-01T19:54:00+00:00,382.61,382.85,382.01,382.84,825
2026-05-01T19:57:00+00:00,382.84,383.31,382.65,383,738
2026-05-04T13:30:00+00:00,383,383.92,380.71,381.46,816
2026-05-04T13:33:00+00:00,381.46,382.1,379.28,380.44,630
2026-05-04T13:36:00+00:00,380.44,380.81,378.88,379.43,695
2026-05-04T13:39:00+00:00,379.43,380.33,378.68,380.33,713
2026-05-04T13:42:00+00:00,380.33,380.67,379.38,379.47,680
2026-05-04T13:45:00+00:00,379.47,379.7,378.98,379.22,790
2026-05-04T13:48:00+00:00,379.22,379.47,377.88,378.32,696
2026-05-04T13:51:00+00:00,378.32,378.7,377.92,378.49,773
2026-05-04T13:54:00+00:00,378.49,378.79,377.31,378.63,761
2026-05-04T13:57:00+00:00,378.63,379.43,378.47,379.27,607
2026-05-04T14:00:00+00:00,379.27,379.79,378.88,378.98,787
2026-05-04T14:03:00+00:00,378.98,379.4,378.56,379.29,614
2026-05-04T14:06:00+00:00,379.29,380.12,378.98,379.32,623
2026-05-04T14:09:00+00:00,379.32,379.45,378.57,378.97,592
2026-05-04T14:12:00+00:00,378.97,379.42,378.8,379.26,625
2026-05-04T14:15:00+00:00,379.26,380.44,379.09,380.28,572
2026-05-04T14:18:00+00:00,380.28,380.44,379.85,379.91,461
2026-05-04T14:21:00+00:00,379.91,379.97,379.13,379.16,509
2026-05-04T14:24:00+00:00,379.16,379.62,379.14,379.33,515
2026-05-04T14:27:00+00:00,379.33,379.6,378.56,378.7,593
2026-05-04T14:30:00+00:00,378.7,379.38,378.39,379.22,511
2026-05-04T14:33:00+00:00,379.22,379.44,378.84,378.9,523
2026-05-04T14:36:00+00:00,378.9,379.06,378.39,378.94,542
2026-05-04T14:39:00+00:00,378.94,379.43,378.49,379.37,561
2026-05-04T14:42:00+00:00,379.37,380.03,379.23,379.99,501
2026-05-04T14:45:00+00:00,379.99,380.17,379.49,379.73,487
2026-05-04T14:48:00+00:00,379.73,379.93,379.32,379.88,514
2026-05-04T14:51:00+00:00,379.88,379.94,379.49,379.57,410
2026-05-04T14:54:00+00:00,379.57,379.8,379.38,379.39,470
2026-05-04T14:57:00+00:00,379.39,379.45,379.07,379.11,585
2026-05-04T15:00:00+00:00,379.11,379.71,378.78,379.4,705
2026-05-04T15:03:00+00:00,379.4,379.64,379.19,379.51,721
2026-05-04T15:06:00+00:00,379.51,379.63,378.98,378.99,476
2026-05-04T15:09:00+00:00,378.99,379.34,378.48,378.5,612
2026-05-04T15:12:00+00:00,378.5,378.5,377.56,377.89,684
2026-05-04T15:15:00+00:00,377.89,378.4,377.77,378.09,659
2026-05-04T15:18:00+00:00,378.09,378.11,376.89,376.89,645
2026-05-04T15:21:00+00:00,376.89,377.45,376.63,377.45,890
2026-05-04T15:24:00+00:00,377.45,378.33,377.4,378.23,753
2026-05-04T15:27:00+00:00,378.23,378.54,378.13,378.36,715
2026-05-04T15:30:00+00:00,378.36,378.57,377.69,377.79,705
2026-05-04T15:33:00+00:00,377.79,378.38,377.62,377.69,663
2026-05-04T15:36:00+00:00,377.69,378.61,377.59,378.31,604
2026-05-04T15:39:00+00:00,378.31,378.57,378.09,378.57,516
2026-05-04T15:42:00+00:00,378.57,378.96,378.28,378.94,458
2026-05-04T15:45:00+00:00,378.94,379.35,378.57,379.23,409
2026-05-04T15:48:00+00:00,379.23,379.5,379.08,379.49,503
2026-05-04T15:51:00+00:00,379.49,379.81,378.63,379.65,722
2026-05-04T15:54:00+00:00,379.65,380.38,379.63,380.38,609
2026-05-04T15:57:00+00:00,380.38,380.66,379.9,380.04,563
2026-05-04T16:00:00+00:00,380.04,380.07,379.52,379.98,647
2026-05-04T16:03:00+00:00,379.98,380.06,379.21,379.37,514
2026-05-04T16:06:00+00:00,379.37,379.69,378.09,378.8,789
2026-05-04T16:09:00+00:00,378.8,379.44,378.61,379.29,835
2026-05-04T16:12:00+00:00,379.29,379.49,378.88,378.89,636
2026-05-04T16:15:00+00:00,378.89,378.9,378.11,378.57,762
2026-05-04T16:18:00+00:00,378.57,379.53,378.57,379.39,616
2026-05-04T16:21:00+00:00,379.39,379.93,379.26,379.73,575
2026-05-04T16:24:00+00:00,379.73,380.15,379.73,379.95,434
2026-05-04T16:27:00+00:00,379.95,379.95,379.43,379.6,445
2026-05-04T16:30:00+00:00,379.6,379.79,379.39,379.52,405
2026-05-04T16:33:00+00:00,379.52,379.91,379.17,379.39,484
2026-05-04T16:36:00+00:00,379.39,379.95,378.9,379.82,546
2026-05-04T16:39:00+00:00,379.82,380.24,379.25,379.99,402
2026-05-04T16:42:00+00:00,379.99,380.45,379.88,380.05,397
2026-05-04T16:45:00+00:00,380.05,380.2,379.52,379.66,298
2026-05-04T16:48:00+00:00,379.66,380.08,379.25,379.97,421
2026-05-04T16:51:00+00:00,379.97,379.99,379.43,379.54,364
2026-05-04T16:54:00+00:00,379.54,380.26,379.52,380.04,338
2026-05-04T16:57:00+00:00,380.04,380.49,379.91,380.34,438
2026-05-04T17:00:00+00:00,380.34,380.72,380.28,380.53,474
2026-05-04T17:03:00+00:00,380.53,380.76,380.44,380.57,373
2026-05-04T17:06:00+00:00,380.57,380.81,380.44,380.45,355
2026-05-04T17:09:00+00:00,380.45,380.72,380.33,380.4,355
2026-05-04T17:12:00+00:00,380.4,380.61,380.21,380.46,323
2026-05-04T17:15:00+00:00,380.46,380.91,380.38,380.73,594
2026-05-04T17:18:00+00:00,380.73,381.13,380.59,380.67,510
2026-05-04T17:21:00+00:00,380.67,381.18,380.61,380.76,405
2026-05-04T17:24:00+00:00,380.76,381.12,380.59,380.88,441
2026-05-04T17:27:00+00:00,380.88,381.13,380.66,380.8,389
2026-05-04T17:30:00+00:00,380.8,380.92,380.53,380.54,453
2026-05-04T17:33:00+00:00,380.54,380.74,380.34,380.4,464
2026-05-04T17:36:00+00:00,380.4,380.56,380.19,380.45,407
2026-05-04T17:39:00+00:00,380.45,380.65,380.17,380.22,296
2026-05-04T17:42:00+00:00,380.22,380.76,380.11,380.67,279
2026-05-04T17:45:00+00:00,380.67,381.09,380.55,380.98,296
2026-05-04T17:48:00+00:00,380.98,381.07,380.71,380.95,255
2026-05-04T17:51:00+00:00,380.95,381.58,380.94,381.37,308
2026-05-04T17:54:00+00:00,381.37,381.66,381.35,381.52,219
2026-05-04T17:57:00+00:00,381.52,381.64,381.33,381.39,217
2026-05-04T18:00:00+00:00,381.39,381.5,381.17,381.17,297
2026-05-04T18:03:00+00:00,381.17,381.3,381.09,381.12,264
2026-05-04T18:06:00+00:00,381.12,381.23,380.77,380.89,192
2026-05-04T18:09:00+00:00,380.89,381.27,380.89,381.05,254
2026-05-04T18:12:00+00:00,381.05,381.13,380.85,381,334
2026-05-04T18:15:00+00:00,381,381.2,380.87,380.98,293
2026-05-04T18:18:00+00:00,380.98,381.08,380.86,380.98,275
2026-05-04T18:21:00+00:00,380.98,381,380.59,380.78,293
2026-05-04T18:24:00+00:00,380.78,380.86,380.45,380.47,362
2026-05-04T18:27:00+00:00,380.47,380.8,380.3,380.77,350
2026-05-04T18:30:00+00:00,380.77,380.84,380.42,380.5,282
2026-05-04T18:33:00+00:00,380.5,380.6,379.89,380.05,310
2026-05-04T18:36:00+00:00,380.05,380.19,379.99,380.12,197
2026-05-04T18:39:00+00:00,380.12,380.51,380.12,380.44,302
2026-05-04T18:42:00+00:00,380.44,380.55,380.13,380.13,320
2026-05-04T18:45:00+00:00,380.13,380.13,379.81,379.87,330
2026-05-04T18:48:00+00:00,379.87,380.41,379.79,380,336
2026-05-04T18:51:00+00:00,380,380.23,379.61,379.63,331
2026-05-04T18:54:00+00:00,379.63,379.72,379.48,379.71,327
2026-05-04T18:57:00+00:00,379.71,379.88,379.65,379.69,231
2026-05-04T19:00:00+00:00,379.69,379.97,379.39,379.44,325
2026-05-04T19:03:00+00:00,379.44,379.45,378.9,379.45,484
2026-05-04T19:06:00+00:00,379.45,379.72,379.13,379.62,363
2026-05-04T19:09:00+00:00,379.62,379.86,379.61,379.74,262
2026-05-04T19:12:00+00:00,379.74,379.78,379.46,379.7,308
2026-05-04T19:15:00+00:00,379.7,379.86,379.58,379.71,301
2026-05-04T19:18:00+00:00,379.71,379.8,379.57,379.7,261
2026-05-04T19:21:00+00:00,379.7,379.76,379.45,379.64,235
2026-05-04T19:24:00+00:00,379.64,379.67,379.24,379.33,294
2026-05-04T19:27:00+00:00,379.33,379.68,379.31,379.63,296
2026-05-04T19:30:00+00:00,379.63,379.84,379.59,379.79,316
2026-05-04T19:33:00+00:00,379.79,380.02,379.72,379.91,266
2026-05-04T19:36:00+00:00,379.91,380.1,379.78,379.93,272
2026-05-04T19:39:00+00:00,379.93,379.93,379.44,379.44,316
2026-05-04T19:42:00+00:00,379.44,379.55,379.31,379.46,276
2026-05-04T19:45:00+00:00,379.46,379.53,379.24,379.51,314
2026-05-04T19:48:00+00:00,379.51,379.81,378.89,379.53,471
2026-05-04T19:51:00+00:00,379.53,379.96,379.47,379.86,464
2026-05-04T19:54:00+00:00,379.86,380.1,379.16,379.88,637
2026-05-04T19:57:00+00:00,379.88,380.16,379.18,379.49,1051
2026-05-05T13:30:00+00:00,379.49,383.57,379.49,382.39,858
2026-05-05T13:33:00+00:00,382.39,384.3,382.39,384.07,667
2026-05-05T13:36:00+00:00,384.07,386.05,383.79,385.33,859
2026-05-05T13:39:00+00:00,385.33,386.87,385.04,386.78,736
2026-05-05T13:42:00+00:00,386.78,388.32,386.48,388.12,718
2026-05-05T13:45:00+00:00,388.12,388.69,386.12,386.16,746
2026-05-05T13:48:00+00:00,386.16,387.82,386,387.5,688
2026-05-05T13:51:00+00:00,387.5,387.75,386.18,386.19,628
2026-05-05T13:54:00+00:00,386.19,386.41,384.99,385.09,708
2026-05-05T13:57:00+00:00,385.09,385.09,383.97,384.06,510
2026-05-05T14:00:00+00:00,384.06,384.47,383.02,384.1,763
2026-05-05T14:03:00+00:00,384.1,385.04,384.05,384.52,631
2026-05-05T14:06:00+00:00,384.52,385.1,384.36,384.42,532
2026-05-05T14:09:00+00:00,384.42,384.87,384.23,384.65,539
2026-05-05T14:12:00+00:00,384.65,384.73,383.07,383.08,592
2026-05-05T14:15:00+00:00,383.08,383.48,382.69,383.48,686
2026-05-05T14:18:00+00:00,383.48,383.65,382.48,382.94,780
2026-05-05T14:21:00+00:00,382.94,383.74,382.69,383.45,714
2026-05-05T14:24:00+00:00,383.45,384.5,383.3,384.18,590
2026-05-05T14:27:00+00:00,384.18,384.61,383.98,384.34,511
2026-05-05T14:30:00+00:00,384.34,384.65,384.13,384.37,743
2026-05-05T14:33:00+00:00,384.37,385.07,384.15,385.04,686
2026-05-05T14:36:00+00:00,385.04,385.31,384.34,384.63,808
2026-05-05T14:39:00+00:00,384.63,385.52,384.63,385.12,551
2026-05-05T14:42:00+00:00,385.12,385.27,383.93,384.02,618
2026-05-05T14:45:00+00:00,384.02,384.08,383.5,383.66,631
2026-05-05T14:48:00+00:00,383.66,384.11,383.48,383.98,611
2026-05-05T14:51:00+00:00,383.98,384.16,383.66,384.03,642
2026-05-05T14:54:00+00:00,384.03,384.57,383.88,383.98,497
2026-05-05T14:57:00+00:00,383.98,384.46,383.92,384.17,549
2026-05-05T15:00:00+00:00,384.17,384.32,383.78,383.92,551
2026-05-05T15:03:00+00:00,383.92,384.03,383.59,383.6,407
2026-05-05T15:06:00+00:00,383.6,384.16,383.58,383.66,463
2026-05-05T15:09:00+00:00,383.66,384.49,383.64,384.37,470
2026-05-05T15:12:00+00:00,384.37,384.82,384.3,384.63,404
2026-05-05T15:15:00+00:00,384.63,384.69,384.26,384.43,371
2026-05-05T15:18:00+00:00,384.43,384.78,384.26,384.65,406
2026-05-05T15:21:00+00:00,384.65,385.03,384.63,385.01,373
2026-05-05T15:24:00+00:00,385.01,385.16,384.73,385.08,376
2026-05-05T15:27:00+00:00,385.08,385.09,384.59,384.84,382
2026-05-05T15:30:00+00:00,384.84,384.93,384.47,384.77,508
2026-05-05T15:33:00+00:00,384.77,384.94,384.38,384.85,472
2026-05-05T15:36:00+00:00,384.85,384.95,384.66,384.8,435
2026-05-05T15:39:00+00:00,384.8,385.33,384.66,385.2,462
2026-05-05T15:42:00+00:00,385.2,385.43,385.06,385.41,405
2026-05-05T15:45:00+00:00,385.41,385.73,385.21,385.26,403
2026-05-05T15:48:00+00:00,385.26,385.29,384.91,385.08,319
2026-05-05T15:51:00+00:00,385.08,385.22,384.89,385.1,347
2026-05-05T15:54:00+00:00,385.1,385.19,384.28,384.28,341
2026-05-05T15:57:00+00:00,384.28,384.33,383.41,383.41,414
2026-05-05T16:00:00+00:00,383.41,383.79,383.41,383.69,396
2026-05-05T16:03:00+00:00,383.69,384.11,383.48,384.05,338
2026-05-05T16:06:00+00:00,384.05,384.12,383.31,383.6,324
2026-05-05T16:09:00+00:00,383.6,384.12,383.53,384.12,270
2026-05-05T16:12:00+00:00,384.12,384.3,383.99,384.1,335
2026-05-05T16:15:00+00:00,384.1,384.31,383.88,383.92,435
2026-05-05T16:18:00+00:00,383.92,384.5,383.89,384.46,395
2026-05-05T16:21:00+00:00,384.46,384.55,384.14,384.17,292
2026-05-05T16:24:00+00:00,384.17,384.25,383.7,383.92,445
2026-05-05T16:27:00+00:00,383.92,383.95,383.3,383.42,562
2026-05-05T16:30:00+00:00,383.42,383.89,383.16,383.34,515
2026-05-05T16:33:00+00:00,383.34,383.62,383.26,383.4,327
2026-05-05T16:36:00+00:00,383.4,383.59,383.14,383.19,277
2026-05-05T16:39:00+00:00,383.19,383.38,383.02,383.09,402
2026-05-05T16:42:00+00:00,383.09,383.34,383.02,383.27,326
2026-05-05T16:45:00+00:00,383.27,383.53,383.21,383.4,300
2026-05-05T16:48:00+00:00,383.4,383.41,383.02,383.09,257
2026-05-05T16:51:00+00:00,383.09,383.17,382.65,382.78,342
2026-05-05T16:54:00+00:00,382.78,383.07,382.78,383.01,356
2026-05-05T16:57:00+00:00,383.01,383.03,382.22,382.32,369
2026-05-05T17:00:00+00:00,382.32,382.53,381.89,382,315
2026-05-05T17:03:00+00:00,382,382.32,381.97,382.05,286
2026-05-05T17:06:00+00:00,382.05,382.13,381.76,381.81,257
2026-05-05T17:09:00+00:00,381.81,381.91,381.57,381.7,261
2026-05-05T17:12:00+00:00,381.7,381.93,381.56,381.73,305
2026-05-05T17:15:00+00:00,381.73,381.88,381.64,381.67,306
2026-05-05T17:18:00+00:00,381.67,381.93,380.21,380.78,889
2026-05-05T17:21:00+00:00,380.78,381.19,380.63,380.84,479
2026-05-05T17:24:00+00:00,380.84,381.12,380.62,381.07,360
2026-05-05T17:27:00+00:00,381.07,381.07,380.63,380.76,324
2026-05-05T17:30:00+00:00,380.76,381.03,380.63,380.77,320
2026-05-05T17:33:00+00:00,380.77,380.88,380.53,380.85,280
2026-05-05T17:36:00+00:00,380.85,381.53,380.77,381.28,419
2026-05-05T17:39:00+00:00,381.28,381.81,381.18,381.81,270
2026-05-05T17:42:00+00:00,381.81,381.86,381.55,381.61,297
2026-05-05T17:45:00+00:00,381.61,381.77,381.28,381.5,308
2026-05-05T17:48:00+00:00,381.5,381.86,381.2,381.75,362
2026-05-05T17:51:00+00:00,381.75,382.43,381.68,382.25,444
2026-05-05T17:54:00+00:00,382.25,382.45,381.98,382.01,405
2026-05-05T17:57:00+00:00,382.01,382.33,381.9,382.01,384
2026-05-05T18:00:00+00:00,382.01,382.4,381.96,382.4,332
2026-05-05T18:03:00+00:00,382.4,382.45,382.1,382.11,261
2026-05-05T18:06:00+00:00,382.11,382.27,381.95,382.05,305
2026-05-05T18:09:00+00:00,382.05,382.51,381.81,382.44,384
2026-05-05T18:12:00+00:00,382.44,382.51,382.24,382.46,373
2026-05-05T18:15:00+00:00,382.46,382.56,382.23,382.46,382
2026-05-05T18:18:00+00:00,382.46,382.67,382.31,382.48,305
2026-05-05T18:21:00+00:00,382.48,382.7,382.39,382.46,304
2026-05-05T18:24:00+00:00,382.46,382.49,381.9,381.9,302
2026-05-05T18:27:00+00:00,381.9,382.23,381.88,382,309
2026-05-05T18:30:00+00:00,382,382.04,381.52,381.55,413
2026-05-05T18:33:00+00:00,381.55,381.99,381.55,381.77,405
2026-05-05T18:36:00+00:00,381.77,381.85,381.69,381.81,344
2026-05-05T18:39:00+00:00,381.81,382.18,381.8,382.09,336
2026-05-05T18:42:00+00:00,382.09,382.3,382.02,382.09,358
2026-05-05T18:45:00+00:00,382.09,382.28,381.83,382.08,347
2026-05-05T18:48:00+00:00,382.08,382.28,381.88,382.27,216
2026-05-05T18:51:00+00:00,382.27,382.36,381.89,381.89,313
2026-05-05T18:54:00+00:00,381.89,382.04,381.69,382.02,363
2026-05-05T18:57:00+00:00,382.02,382.24,381.96,382.15,244
2026-05-05T19:00:00+00:00,382.15,382.41,382.02,382.38,252
2026-05-05T19:03:00+00:00,382.38,382.58,382.23,382.56,239
2026-05-05T19:06:00+00:00,382.56,382.57,382.02,382.24,186
2026-05-05T19:09:00+00:00,382.24,382.61,382.23,382.53,241
2026-05-05T19:12:00+00:00,382.53,382.66,382.43,382.45,178
2026-05-05T19:15:00+00:00,382.45,382.73,382.4,382.61,225
2026-05-05T19:18:00+00:00,382.61,382.97,382.51,382.9,222
2026-05-05T19:21:00+00:00,382.9,383.13,382.55,383.13,265
2026-05-05T19:24:00+00:00,383.13,383.21,382.93,383.05,234
2026-05-05T19:27:00+00:00,383.05,383.33,382.98,383.23,262
2026-05-05T19:30:00+00:00,383.23,383.39,383.19,383.35,282
2026-05-05T19:33:00+00:00,383.35,383.74,383.27,383.51,312
2026-05-05T19:36:00+00:00,383.51,383.59,383.33,383.59,259
2026-05-05T19:39:00+00:00,383.59,383.61,383.39,383.52,236
2026-05-05T19:42:00+00:00,383.52,383.56,383.28,383.55,281
2026-05-05T19:45:00+00:00,383.55,383.72,383.43,383.68,319
2026-05-05T19:48:00+00:00,383.68,383.73,383.1,383.28,469
2026-05-05T19:51:00+00:00,383.28,383.32,382.89,383.3,568
2026-05-05T19:54:00+00:00,383.3,383.98,382.9,383.88,867
2026-05-05T19:57:00+00:00,383.88,384.31,383.7,384.19,1307
2026-05-06T13:30:00+00:00,384.19,391.3,384.19,391,1177
2026-05-06T13:33:00+00:00,391,391.02,388.61,390.23,1055
2026-05-06T13:36:00+00:00,390.23,392.04,390.12,391.23,1086
2026-05-06T13:39:00+00:00,391.23,391.81,391.09,391.68,1115
2026-05-06T13:42:00+00:00,391.68,392.13,391.15,391.42,971
2026-05-06T13:45:00+00:00,391.42,393.14,391.05,392.77,1068
2026-05-06T13:48:00+00:00,392.77,393.16,391.19,391.21,911
2026-05-06T13:51:00+00:00,391.21,391.38,390.39,390.55,937
2026-05-06T13:54:00+00:00,390.55,390.87,389.83,390.1,854
2026-05-06T13:57:00+00:00,390.1,390.61,389.84,390.01,890
2026-05-06T14:00:00+00:00,390.01,390.58,389.84,389.86,961
2026-05-06T14:03:00+00:00,389.86,390.37,389.43,389.94,987
2026-05-06T14:06:00+00:00,389.94,390.71,389.07,390.08,1223
2026-05-06T14:09:00+00:00,390.08,391.95,389.95,391.94,674
2026-05-06T14:12:00+00:00,391.94,392.35,391.4,391.87,773
2026-05-06T14:15:00+00:00,391.87,392.01,391.06,391.71,698
2026-05-06T14:18:00+00:00,391.71,391.79,390.39,391.61,675
2026-05-06T14:21:00+00:00,391.61,392.77,391.4,392.52,674
2026-05-06T14:24:00+00:00,392.52,392.56,390.98,390.98,770
2026-05-06T14:27:00+00:00,390.98,391,389.68,389.73,753
2026-05-06T14:30:00+00:00,389.73,389.86,389.09,389.66,813
2026-05-06T14:33:00+00:00,389.66,391.07,389.61,391.07,618
2026-05-06T14:36:00+00:00,391.07,391.84,390.95,391.42,607
2026-05-06T14:39:00+00:00,391.42,392.38,391.33,391.92,512
2026-05-06T14:42:00+00:00,391.92,392.53,391.91,392.32,587
2026-05-06T14:45:00+00:00,392.32,393.16,392.3,393.14,529
2026-05-06T14:48:00+00:00,393.14,393.61,392.7,392.74,641
2026-05-06T14:51:00+00:00,392.74,392.86,392.22,392.62,599
2026-05-06T14:54:00+00:00,392.62,393.3,392.54,392.95,563
2026-05-06T14:57:00+00:00,392.95,393.88,-1390.2399999999998,-1389.9099999999999,570.4048346055979
2026-05-06T15:00:00+00:00,393.92,394.36,393.59,393.68,651
2026-05-06T15:03:00+00:00,393.68,393.99,393.44,393.82,587
2026-05-06T15:06:00+00:00,393.82,393.92,393.27,393.35,521
2026-05-06T15:09:00+00:00,393.35,393.41,392.89,393.02,474
2026-05-06T15:12:00+00:00,393.02,393.08,391.63,391.78,537
2026-05-06T15:15:00+00:00,391.78,391.9,391.43,391.61,474
2026-05-06T15:18:00+00:00,391.61,391.86,391.38,391.78,538
2026-05-06T15:21:00+00:00,391.78,392.36,391.68,392.29,477
2026-05-06T15:24:00+00:00,392.29,392.61,392.01,392.36,425
2026-05-06T15:27:00+00:00,392.36,392.4,391.91,392.2,385
2026-05-06T15:30:00+00:00,392.2,392.37,391.69,391.86,425
2026-05-06T15:33:00+00:00,391.86,392.51,391.7,391.98,506
2026-05-06T15:36:00+00:00,391.98,392.67,391.92,392.66,391
2026-05-06T15:39:00+00:00,392.66,393.08,392.45,392.98,392
2026-05-06T15:42:00+00:00,392.98,393.28,392.57,393.22,475
2026-05-06T15:45:00+00:00,393.22,393.71,393.11,393.18,435
2026-05-06T15:48:00+00:00,393.18,393.63,393.17,393.42,432
2026-05-06T15:51:00+00:00,393.42,393.92,393.05,393.84,358
2026-05-06T15:54:00+00:00,393.84,393.98,393.49,393.82,409
2026-05-06T15:57:00+00:00,393.82,393.87,393.55,393.68,363
2026-05-06T16:00:00+00:00,393.68,394.23,393.59,394.07,385
2026-05-06T16:03:00+00:00,394.07,394.12,393.53,393.89,407
2026-05-06T16:06:00+00:00,393.89,393.9,393.44,393.53,458
2026-05-06T16:09:00+00:00,393.53,394.87,393.44,394.75,483
2026-05-06T16:12:00+00:00,394.75,396.05,394.66,395.95,418
2026-05-06T16:15:00+00:00,395.95,396.25,395.52,395.62,531
2026-05-06T16:18:00+00:00,395.62,396.15,395.35,395.39,468
2026-05-06T16:21:00+00:00,395.39,395.62,395.02,395.37,538
2026-05-06T16:24:00+00:00,395.37,395.83,395.31,395.75,417
2026-05-06T16:27:00+00:00,395.75,395.99,395.46,395.83,360
2026-05-06T16:30:00+00:00,395.83,396.1,395.67,395.94,450
2026-05-06T16:33:00+00:00,395.94,396.07,395.51,395.53,330
2026-05-06T16:36:00+00:00,395.53,396.11,395.45,395.91,458
2026-05-06T16:39:00+00:00,395.91,396.06,395.21,395.29,345
2026-05-06T16:42:00+00:00,395.29,395.32,394.88,395.02,338
2026-05-06T16:45:00+00:00,395.02,395.07,394.64,394.66,330
2026-05-06T16:48:00+00:00,394.66,395,394.66,394.82,273
2026-05-06T16:51:00+00:00,394.82,395.04,394.42,395.01,315
2026-05-06T16:54:00+00:00,395.01,395.14,394.48,394.88,364
2026-05-06T16:57:00+00:00,394.88,395.07,394.53,394.74,570
2026-05-06T17:00:00+00:00,394.74,395.02,394.3,394.97,469
2026-05-06T17:03:00+00:00,394.97,395.58,394.83,395.47,479
2026-05-06T17:06:00+00:00,395.47,395.66,395.23,395.26,409
2026-05-06T17:09:00+00:00,395.26,395.95,395.25,395.55,341
2026-05-06T17:12:00+00:00,395.55,395.81,395.33,395.34,290
2026-05-06T17:15:00+00:00,395.34,395.64,395.28,395.44,289
2026-05-06T17:18:00+00:00,395.44,396.01,395.43,395.84,278
2026-05-06T17:21:00+00:00,395.84,395.84,395.09,395.17,325
2026-05-06T17:24:00+00:00,395.17,395.17,394.37,394.53,361
2026-05-06T17:27:00+00:00,394.53,394.77,394.23,394.42,341
2026-05-06T17:30:00+00:00,394.42,394.42,394.02,394.15,313
2026-05-06T17:33:00+00:00,394.15,394.28,394.02,394.22,253
2026-05-06T17:36:00+00:00,394.22,394.49,394.04,394.2,277
2026-05-06T17:39:00+00:00,394.2,394.39,394.03,394.38,256
2026-05-06T17:42:00+00:00,394.38,394.46,393.89,393.92,303
2026-05-06T17:45:00+00:00,393.92,394.2,393.53,394.2,455
2026-05-06T17:48:00+00:00,394.2,394.72,394.19,394.35,329
2026-05-06T17:51:00+00:00,394.35,394.57,394.33,394.49,250
2026-05-06T17:54:00+00:00,394.49,394.62,393.9,393.92,246
2026-05-06T17:57:00+00:00,393.92,394.11,393.89,393.91,231
2026-05-06T18:00:00+00:00,393.91,394.15,393.76,393.78,284
2026-05-06T18:03:00+00:00,393.78,393.79,393.36,393.4,246
2026-05-06T18:06:00+00:00,393.4,393.49,392.89,393.02,267
2026-05-06T18:09:00+00:00,393.02,393.4,393,393.28,288
2026-05-06T18:12:00+00:00,393.28,393.56,393.08,393.23,336
2026-05-06T18:15:00+00:00,393.23,393.42,393.17,393.23,268
2026-05-06T18:18:00+00:00,393.23,393.33,392.96,392.98,205
2026-05-06T18:21:00+00:00,392.98,393.21,392.72,392.73,243
2026-05-06T18:24:00+00:00,392.73,392.81,392.22,392.34,276
2026-05-06T18:27:00+00:00,392.34,392.45,392.13,392.2,217
2026-05-06T18:30:00+00:00,392.2,392.4,391.95,392.3,344
2026-05-06T18:33:00+00:00,392.3,392.92,392.28,392.79,319
2026-05-06T18:36:00+00:00,392.79,392.85,392.36,392.39,286
2026-05-06T18:39:00+00:00,392.39,392.55,392.26,392.33,255
2026-05-06T18:42:00+00:00,392.33,392.71,392.18,392.5,194
2026-05-06T18:45:00+00:00,392.5,393.05,392.48,393.02,251
2026-05-06T18:48:00+00:00,393.02,393.08,392.82,392.84,267
2026-05-06T18:51:00+00:00,392.84,393.29,392.76,393.2,212
2026-05-06T18:54:00+00:00,393.2,393.53,393.17,393.47,237
2026-05-06T18:57:00+00:00,393.47,393.76,393.46,393.49,201
2026-05-06T19:00:00+00:00,393.49,394.11,393.44,393.96,326
2026-05-06T19:03:00+00:00,393.96,394.04,393.16,393.29,367
2026-05-06T19:06:00+00:00,393.29,393.29,392.89,393.15,323
2026-05-06T19:09:00+00:00,393.15,393.15,392.58,392.59,329
2026-05-06T19:12:00+00:00,392.59,393,392.45,392.82,308
2026-05-06T19:15:00+00:00,392.82,392.82,392.24,392.27,313
2026-05-06T19:18:00+00:00,392.27,392.29,391.49,391.77,404
2026-05-06T19:21:00+00:00,391.77,392.25,391.56,392.14,341
2026-05-06T19:24:00+00:00,392.14,392.53,392.14,392.33,333
2026-05-06T19:27:00+00:00,392.33,392.47,392.02,392.12,343
2026-05-06T19:30:00+00:00,392.12,392.69,391.93,392.48,314
2026-05-06T19:33:00+00:00,392.48,392.9,392.44,392.9,324
2026-05-06T19:36:00+00:00,392.9,393.15,392.73,392.97,345
2026-05-06T19:39:00+00:00,392.97,393.29,392.87,393.1,387
2026-05-06T19:42:00+00:00,393.1,393.37,392.9,393.27,420
2026-05-06T19:45:00+00:00,393.27,393.78,393.08,393.78,479
2026-05-06T19:48:00+00:00,393.78,394.11,393.08,393.94,687
2026-05-06T19:51:00+00:00,393.94,394.74,393.8,394.49,857
2026-05-06T19:54:00+00:00,394.49,395.58,394.17,395.43,1124
2026-05-06T19:57:00+00:00,395.43,395.59,394.63,395.15,1580
2026-05-07T13:30:00+00:00,395.15,396.96,393.89,394.39,763
2026-05-07T13:33:00+00:00,394.39,394.92,393.52,394.49,613
2026-05-07T13:36:00+00:00,394.49,395.52,393.99,395.21,545
2026-05-07T13:39:00+00:00,395.21,395.87,394.7,394.79,542
2026-05-07T13:42:00+00:00,394.79,395.31,394.2,394.25,406
2026-05-07T13:45:00+00:00,394.25,394.98,393.77,394.01,476
2026-05-07T13:48:00+00:00,394.01,394.26,392.95,393.24,701
2026-05-07T13:51:00+00:00,393.24,393.86,392.73,393.67,571
2026-05-07T13:54:00+00:00,393.67,394.39,393.67,394.18,540
2026-05-07T13:57:00+00:00,394.18,394.42,393.88,394.31,572
2026-05-07T14:00:00+00:00,394.31,394.62,394.08,394.26,686
2026-05-07T14:03:00+00:00,394.26,394.47,394.04,394.15,589
2026-05-07T14:06:00+00:00,394.15,394.68,394.03,394.18,579
2026-05-07T14:09:00+00:00,394.18,394.42,393.48,393.65,688
2026-05-07T14:12:00+00:00,393.65,394.15,393.58,393.61,519
2026-05-07T14:15:00+00:00,393.61,393.74,392.69,392.9,629
2026-05-07T14:18:00+00:00,392.9,393.36,392.9,393.29,444
2026-05-07T14:21:00+00:00,393.29,394.33,393.29,394.25,569
2026-05-07T14:24:00+00:00,394.25,394.55,394.03,394.15,608
2026-05-07T14:27:00+00:00,394.15,394.58,393.92,394.16,576
2026-05-07T14:30:00+00:00,394.16,394.17,393.09,393.1,505
2026-05-07T14:33:00+00:00,393.1,393.54,393.07,393.23,488
2026-05-07T14:36:00+00:00,393.23,393.42,392.59,392.63,520
2026-05-07T14:39:00+00:00,392.63,393.22,392.62,392.73,558
2026-05-07T14:42:00+00:00,392.73,393.26,392.72,393.04,452
2026-05-07T14:45:00+00:00,393.04,393.63,393.03,393.51,336
2026-05-07T14:48:00+00:00,393.51,393.66,393.14,393.59,462
2026-05-07T14:51:00+00:00,393.59,393.94,393.24,393.67,399
2026-05-07T14:54:00+00:00,393.67,394.03,393.66,393.98,456
2026-05-07T14:57:00+00:00,393.98,394.01,393.6,393.89,441
2026-05-07T15:00:00+00:00,393.89,394.13,393.72,394.04,520
2026-05-07T15:03:00+00:00,394.04,394.33,393.14,393.17,462
2026-05-07T15:06:00+00:00,393.17,393.43,392.69,393.3,583
2026-05-07T15:09:00+00:00,393.3,393.81,393.18,393.2,475
2026-05-07T15:12:00+00:00,393.2,393.25,392.75,393.14,487
2026-05-07T15:15:00+00:00,393.14,393.35,392.99,393.24,302
2026-05-07T15:18:00+00:00,393.24,393.38,393.08,393.16,391
2026-05-07T15:21:00+00:00,393.16,393.44,393.04,393.37,436
2026-05-07T15:24:00+00:00,393.37,393.88,393.12,393.38,568
2026-05-07T15:27:00+00:00,393.38,393.8,393.38,393.74,471
2026-05-07T15:30:00+00:00,393.74,394.06,393.53,393.54,377
2026-05-07T15:33:00+00:00,393.54,393.7,393.05,393.19,444
2026-05-07T15:36:00+00:00,393.19,393.51,393.05,393.21,333
2026-05-07T15:39:00+00:00,393.21,393.32,392.59,392.9,470
2026-05-07T15:42:00+00:00,392.9,393.31,392.71,393,476
2026-05-07T15:45:00+00:00,393,393.38,392.94,393.33,409
2026-05-07T15:48:00+00:00,393.33,393.53,393.15,393.41,441
2026-05-07T15:51:00+00:00,393.41,393.55,393.16,393.24,492
2026-05-07T15:54:00+00:00,393.24,393.48,392.92,393.04,380
2026-05-07T15:57:00+00:00,393.04,393.05,392.24,392.34,541
2026-05-07T16:00:00+00:00,392.34,392.38,391.9,392.09,615
2026-05-07T16:03:00+00:00,392.09,392.46,391.96,392.14,561
2026-05-07T16:06:00+00:00,392.14,392.2,391.74,391.89,557
2026-05-07T16:09:00+00:00,391.89,392.23,391.4,391.46,478
2026-05-07T16:12:00+00:00,391.46,391.82,391.2,391.72,544
2026-05-07T16:15:00+00:00,391.72,391.73,390.88,391.51,732
2026-05-07T16:18:00+00:00,391.51,391.57,390.4,390.49,844
2026-05-07T16:21:00+00:00,390.49,390.76,390.18,390.68,693
2026-05-07T16:24:00+00:00,390.68,391.39,390.66,391.29,572
2026-05-07T16:27:00+00:00,391.29,391.91,391.13,391.87,400
2026-05-07T16:30:00+00:00,391.87,392.45,391.67,392.36,425
2026-05-07T16:33:00+00:00,392.36,392.5,392.07,392.29,498
2026-05-07T16:36:00+00:00,392.29,392.57,391.9,392.05,428
2026-05-07T16:39:00+00:00,392.05,392.26,391.74,392.18,419
2026-05-07T16:42:00+00:00,392.18,392.37,391.69,392.05,415
2026-05-07T16:45:00+00:00,392.05,392.36,391.88,391.88,304
2026-05-07T16:48:00+00:00,391.88,392.16,391.82,391.86,336
2026-05-07T16:51:00+00:00,391.86,391.86,391.44,391.75,455
2026-05-07T16:54:00+00:00,391.75,392.02,391.54,391.85,397
2026-05-07T16:57:00+00:00,391.85,392.29,391.55,392.24,430
2026-05-07T17:00:00+00:00,392.24,392.48,391.9,392.2,450
2026-05-07T17:03:00+00:00,392.2,392.3,391.89,392.06,379
2026-05-07T17:06:00+00:00,392.06,392.54,392.06,392.44,364
2026-05-07T17:09:00+00:00,392.44,392.47,391.6,391.75,386
2026-05-07T17:12:00+00:00,391.75,392.25,391.72,392.15,399
2026-05-07T17:15:00+00:00,392.15,392.3,391.88,392.16,436
2026-05-07T17:18:00+00:00,392.16,393.36,391.69,393.02,963
2026-05-07T17:21:00+00:00,393.02,393.67,392.95,393.56,567
2026-05-07T17:24:00+00:00,393.56,393.87,392.38,392.54,748
2026-05-07T17:27:00+00:00,392.54,393.46,392.16,393,733
2026-05-07T17:30:00+00:00,393,393.28,392.6,392.93,556
2026-05-07T17:33:00+00:00,392.93,392.99,392.38,392.96,475
2026-05-07T17:36:00+00:00,392.96,393.4,392.94,393.16,377
2026-05-07T17:39:00+00:00,393.16,394.14,393.14,394.02,449
2026-05-07T17:42:00+00:00,394.02,394.06,393.27,393.7,413
2026-05-07T17:45:00+00:00,393.7,393.89,393.13,393.24,368
2026-05-07T17:48:00+00:00,393.24,393.3,393.08,393.24,318
2026-05-07T17:51:00+00:00,393.24,393.27,392.79,393.01,459
2026-05-07T17:54:00+00:00,393.01,393.74,392.93,393.5,487
2026-05-07T17:57:00+00:00,393.5,393.94,393.5,393.88,609
2026-05-07T18:00:00+00:00,393.88,393.93,393.48,393.65,456
2026-05-07T18:03:00+00:00,393.65,393.74,393.16,393.45,399
2026-05-07T18:06:00+00:00,393.45,393.93,393.4,393.7,434
2026-05-07T18:09:00+00:00,393.7,393.91,393.38,393.88,604
2026-05-07T18:12:00+00:00,393.88,394.01,393.73,393.84,376
2026-05-07T18:15:00+00:00,393.84,394.39,393.75,394.37,364
2026-05-07T18:18:00+00:00,394.37,394.74,394.29,394.31,404
2026-05-07T18:21:00+00:00,394.31,394.44,394.08,394.08,441
2026-05-07T18:24:00+00:00,394.08,394.1,393.44,393.69,346
2026-05-07T18:27:00+00:00,393.69,394.1,393.53,393.81,380
2026-05-07T18:30:00+00:00,393.81,394.22,393.81,394.2,300
2026-05-07T18:33:00+00:00,394.2,394.51,394.14,394.4,297
2026-05-07T18:36:00+00:00,394.4,394.4,394.08,394.25,396
2026-05-07T18:39:00+00:00,394.25,394.34,393.92,393.96,426
2026-05-07T18:42:00+00:00,393.96,394.48,393.39,393.73,464
2026-05-07T18:45:00+00:00,393.73,394.02,393.41,393.65,610
2026-05-07T18:48:00+00:00,393.65,393.98,393.65,393.93,465
2026-05-07T18:51:00+00:00,393.93,394.49,393.88,394.1,496
2026-05-07T18:54:00+00:00,394.1,394.61,393.88,394.3,590
2026-05-07T18:57:00+00:00,394.3,394.38,393.74,394.01,365
2026-05-07T19:00:00+00:00,394.01,394.01,392.15,392.53,612
2026-05-07T19:03:00+00:00,392.53,392.8,391.8,392.05,623
2026-05-07T19:06:00+00:00,392.05,392.14,391.58,392.04,602
2026-05-07T19:09:00+00:00,392.04,393.04,391.75,393,454
2026-05-07T19:12:00+00:00,393,393.36,392.93,393.15,308
2026-05-07T19:15:00+00:00,393.15,393.36,392.89,392.91,330
2026-05-07T19:18:00+00:00,392.91,393.18,392.71,392.99,362
2026-05-07T19:21:00+00:00,392.99,393.14,392.83,392.97,310
2026-05-07T19:24:00+00:00,392.97,393.1,392.58,393.06,412
2026-05-07T19:27:00+00:00,393.06,393.35,392.69,393.14,342
2026-05-07T19:30:00+00:00,393.14,393.87,393.12,393.65,335
2026-05-07T19:33:00+00:00,393.65,394.08,393.64,393.85,286
2026-05-07T19:36:00+00:00,393.85,394.35,393.74,394,300
2026-05-07T19:39:00+00:00,394,394.12,393.88,394.09,308
2026-05-07T19:42:00+00:00,394.09,394.14,393.88,393.95,355
2026-05-07T19:45:00+00:00,393.95,394.26,393.9,394.2,267
2026-05-07T19:48:00+00:00,394.2,394.3,393.92,394.15,406
2026-05-07T19:51:00+00:00,394.15,394.25,393.38,393.48,709
2026-05-07T19:54:00+00:00,393.48,395.1,392.35,394.31,932
2026-05-07T19:57:00+00:00,394.31,395.42,394.11,395.14,1231
2026-05-08T13:30:00+00:00,395.14,395.38,393.51,394.6,738
2026-05-08T13:33:00+00:00,394.6,395.01,394.08,394.13,380
2026-05-08T13:36:00+00:00,394.13,394.84,393.49,393.62,610
2026-05-08T13:39:00+00:00,393.62,395.18,393.56,394.9,661
2026-05-08T13:42:00+00:00,394.9,396.24,394.68,395.83,743
2026-05-08T13:45:00+00:00,395.83,396.83,395.7,396.57,774
2026-05-08T13:48:00+00:00,396.57,397.49,396.39,396.76,716
2026-05-08T13:51:00+00:00,396.76,397.07,396.11,396.39,593
2026-05-08T13:54:00+00:00,396.39,396.41,395.7,395.72,593
2026-05-08T13:57:00+00:00,395.72,396.26,395.54,396.25,562
2026-05-08T14:00:00+00:00,396.25,396.88,396.11,396.73,717
2026-05-08T14:03:00+00:00,396.73,396.87,396.33,396.82,490
2026-05-08T14:06:00+00:00,396.82,396.97,396.49,396.93,673
2026-05-08T14:09:00+00:00,396.93,397.83,396.82,397.77,649
2026-05-08T14:12:00+00:00,397.77,397.87,396.88,397.06,622
2026-05-08T14:15:00+00:00,397.06,397.07,396.35,396.36,682
2026-05-08T14:18:00+00:00,396.36,396.45,395.7,395.74,495
2026-05-08T14:21:00+00:00,395.74,396.49,395.7,396.21,567
2026-05-08T14:24:00+00:00,396.21,397.28,396.21,397.08,599
2026-05-08T14:27:00+00:00,397.08,397.13,396.2,396.21,478
2026-05-08T14:30:00+00:00,396.21,396.43,395.78,396.19,484
2026-05-08T14:33:00+00:00,396.19,396.35,395.78,395.79,474
2026-05-08T14:36:00+00:00,395.79,396.17,395.39,396.02,450
2026-05-08T14:39:00+00:00,396.02,396.65,395.99,396.22,398
2026-05-08T14:42:00+00:00,396.22,397.13,396.22,397.05,392
2026-05-08T14:45:00+00:00,397.05,397.42,396.88,397.33,394
2026-05-08T14:48:00+00:00,397.33,397.34,396.68,397,393
2026-05-08T14:51:00+00:00,397,397.19,396.33,396.37,483
2026-05-08T14:54:00+00:00,396.37,396.62,396.16,396.35,341
2026-05-08T14:57:00+00:00,396.35,396.76,-1387.54,-1387.54,346.2529649783731
2026-05-08T15:00:00+00:00,396.32,396.37,396,396.06,456
2026-05-08T15:03:00+00:00,396.06,396.11,395.38,395.38,448
2026-05-08T15:06:00+00:00,395.38,395.75,395.38,395.59,463
2026-05-08T15:09:00+00:00,395.59,395.78,395.38,395.71,404
2026-05-08T15:12:00+00:00,395.71,395.79,395.08,395.27,544
2026-05-08T15:15:00+00:00,395.27,395.66,395.18,395.35,461
2026-05-08T15:18:00+00:00,395.35,395.6,395.12,395.57,481
2026-05-08T15:21:00+00:00,395.57,395.82,395.38,395.58,434
2026-05-08T15:24:00+00:00,395.58,396.08,395.55,395.89,344
2026-05-08T15:27:00+00:00,395.89,396,395.76,395.88,336
2026-05-08T15:30:00+00:00,395.88,395.97,395.24,395.52,564
2026-05-08T15:33:00+00:00,395.52,395.6,394.9,394.99,441
2026-05-08T15:36:00+00:00,394.99,395.67,394.93,395.66,414
2026-05-08T15:39:00+00:00,395.66,395.96,395.56,395.84,404
2026-05-08T15:42:00+00:00,395.84,396.07,395.54,395.93,341
2026-05-08T15:45:00+00:00,395.93,395.94,395.54,395.74,293
2026-05-08T15:48:00+00:00,395.74,395.78,395.38,395.39,349
2026-05-08T15:51:00+00:00,395.39,395.93,395.38,395.65,384
2026-05-08T15:54:00+00:00,395.65,395.92,395.44,395.56,359
2026-05-08T15:57:00+00:00,395.56,395.66,395.01,395.38,288
2026-05-08T16:00:00+00:00,395.38,395.41,395.16,395.17,328
2026-05-08T16:03:00+00:00,395.17,395.59,395.12,395.41,290
2026-05-08T16:06:00+00:00,395.41,395.53,394.9,394.91,327
2026-05-08T16:09:00+00:00,394.91,395.72,394.91,395.59,349
2026-05-08T16:12:00+00:00,395.59,396.03,395.59,395.89,254
2026-05-08T16:15:00+00:00,395.89,396.02,395.73,395.85,294
2026-05-08T16:18:00+00:00,395.85,395.86,395.46,395.49,239
2026-05-08T16:21:00+00:00,395.49,395.6,395.3,395.55,273
2026-05-08T16:24:00+00:00,395.55,395.7,395.3,395.58,328
2026-05-08T16:27:00+00:00,395.58,395.76,395.15,395.16,202
2026-05-08T16:30:00+00:00,395.16,395.19,394.97,395.01,282
2026-05-08T16:33:00+00:00,395.01,395.47,394.79,395.24,339
2026-05-08T16:36:00+00:00,395.24,395.39,394.92,394.95,281
2026-05-08T16:39:00+00:00,394.95,395.28,394.88,394.89,309
2026-05-08T16:42:00+00:00,394.89,394.97,394.18,394.28,317
2026-05-08T16:45:00+00:00,394.28,394.82,394.25,394.46,367
2026-05-08T16:48:00+00:00,394.46,394.79,394.44,394.58,434
2026-05-08T16:51:00+00:00,394.58,394.69,394.18,394.21,284
2026-05-08T16:54:00+00:00,394.21,394.37,393.94,393.94,351
2026-05-08T16:57:00+00:00,393.94,394.1,393.89,393.96,344
2026-05-08T17:00:00+00:00,393.96,394.1,393.64,394.07,536
2026-05-08T17:03:00+00:00,394.07,394.37,394.06,394.35,310
2026-05-08T17:06:00+00:00,394.35,394.37,394.14,394.18,330
2026-05-08T17:09:00+00:00,394.18,394.49,393.99,394.01,401
2026-05-08T17:12:00+00:00,394.01,394.23,393.88,394.17,282
2026-05-08T17:15:00+00:00,394.17,394.43,394.17,394.29,363
2026-05-08T17:18:00+00:00,394.29,394.65,394.18,394.4,248
2026-05-08T17:21:00+00:00,394.4,394.62,394.4,394.41,331
2026-05-08T17:24:00+00:00,394.41,394.43,394.06,394.1,388
2026-05-08T17:27:00+00:00,394.1,394.35,394.09,394.35,260
2026-05-08T17:30:00+00:00,394.35,394.69,394.27,394.32,327
2026-05-08T17:33:00+00:00,394.32,394.8,394.18,394.72,297
2026-05-08T17:36:00+00:00,394.72,394.89,394.51,394.63,333
2026-05-08T17:39:00+00:00,394.63,394.77,394.53,394.65,241
2026-05-08T17:42:00+00:00,394.65,394.71,394.38,394.42,296
2026-05-08T17:45:00+00:00,394.42,394.71,394.32,394.42,253
2026-05-08T17:48:00+00:00,394.42,394.72,394.41,394.52,286
2026-05-08T17:51:00+00:00,394.52,395.04,394.42,395.01,288
2026-05-08T17:54:00+00:00,395.01,395.39,395.01,395.33,244
2026-05-08T17:57:00+00:00,395.33,395.38,395.13,395.15,255
2026-05-08T18:00:00+00:00,395.15,395.75,395.13,395.65,364
2026-05-08T18:03:00+00:00,395.65,395.75,395.53,395.57,297
2026-05-08T18:06:00+00:00,395.57,395.67,395.39,395.5,279
2026-05-08T18:09:00+00:00,395.5,395.61,395.28,395.43,264
2026-05-08T18:12:00+00:00,395.43,395.74,395.4,395.59,202
2026-05-08T18:15:00+00:00,395.59,395.85,395.5,395.7,237
2026-05-08T18:18:00+00:00,395.7,395.84,395.57,395.81,207
2026-05-08T18:21:00+00:00,395.81,395.84,395.63,395.73,215
2026-05-08T18:24:00+00:00,395.73,395.86,395.73,395.82,140
2026-05-08T18:27:00+00:00,395.82,395.96,395.73,395.83,252
2026-05-08T18:30:00+00:00,395.83,396.15,395.74,396.13,213
2026-05-08T18:33:00+00:00,396.13,396.15,395.89,396.02,265
2026-05-08T18:36:00+00:00,396.02,396.12,395.79,395.84,229
2026-05-08T18:39:00+00:00,395.84,395.92,395.46,395.47,343
2026-05-08T18:42:00+00:00,395.47,395.75,395.46,395.7,255
2026-05-08T18:45:00+00:00,395.7,395.7,395.29,395.31,330
2026-05-08T18:48:00+00:00,395.31,395.5,395.2,395.28,290
2026-05-08T18:51:00+00:00,395.28,395.62,395.21,395.53,292
2026-05-08T18:54:00+00:00,395.53,395.65,395.03,395.38,376
2026-05-08T18:57:00+00:00,395.38,395.96,395.35,395.65,316
2026-05-08T19:00:00+00:00,395.65,395.83,395.38,395.72,446
2026-05-08T19:03:00+00:00,395.72,395.76,395.38,395.71,325
2026-05-08T19:06:00+00:00,395.71,395.91,395.58,395.88,313
2026-05-08T19:09:00+00:00,395.88,395.9,395.49,395.87,306
2026-05-08T19:12:00+00:00,395.87,395.88,395.51,395.8,281
2026-05-08T19:15:00+00:00,395.8,395.89,395.56,395.76,305
2026-05-08T19:18:00+00:00,395.76,396.01,395.72,395.81,418
2026-05-08T19:21:00+00:00,395.81,396.02,395.51,395.83,478
2026-05-08T19:24:00+00:00,395.83,395.93,395.59,395.84,303
2026-05-08T19:27:00+00:00,395.84,395.99,395.67,395.74,393
2026-05-08T19:30:00+00:00,395.74,396.78,395.66,396.78,553
2026-05-08T19:33:00+00:00,396.78,396.86,396.42,396.59,412
2026-05-08T19:36:00+00:00,396.59,396.75,396.38,396.45,326
2026-05-08T19:39:00+00:00,396.45,396.98,396.4,396.94,389
2026-05-08T19:42:00+00:00,396.94,397.05,396.71,396.98,328
2026-05-08T19:45:00+00:00,396.98,397.47,396.91,397.37,350
2026-05-08T19:48:00+00:00,397.37,397.86,397.35,397.68,525
2026-05-08T19:51:00+00:00,397.68,397.86,397.51,397.82,623
2026-05-08T19:54:00+00:00,397.82,398.15,396.94,397.05,966
2026-05-08T19:57:00+00:00,397.05,397.11,396.31,396.97,1079
2026-05-11T13:30:00+00:00,396.97,396.97,388.61,390.46,941
2026-05-11T13:33:00+00:00,390.46,391.46,389.68,391.36,606
2026-05-11T13:36:00+00:00,391.36,392.29,390.9,391.91,703
2026-05-11T13:39:00+00:00,391.91,393.81,391.9,393.7,707
2026-05-11T13:42:00+00:00,393.7,394.15,393.15,393.33,655
2026-05-11T13:45:00+00:00,393.33,393.36,392.18,392.75,683
2026-05-11T13:48:00+00:00,392.75,393.51,392.65,392.9,776
2026-05-11T13:51:00+00:00,392.9,393.12,392.28,393.06,707
2026-05-11T13:54:00+00:00,393.06,393.25,391.88,392.04,532
2026-05-11T13:57:00+00:00,392.04,392.85,392,392.74,575
2026-05-11T14:00:00+00:00,392.74,392.97,391.88,392.07,541
2026-05-11T14:03:00+00:00,392.07,392.56,391.89,392.39,477
2026-05-11T14:06:00+00:00,392.39,392.62,392.08,392.12,584
2026-05-11T14:09:00+00:00,392.12,392.19,391.25,391.38,598
2026-05-11T14:12:00+00:00,391.38,391.6,391.08,391.18,542
2026-05-11T14:15:00+00:00,391.18,391.52,391.1,391.38,390
2026-05-11T14:18:00+00:00,391.38,391.48,390.94,391.14,491
2026-05-11T14:21:00+00:00,391.14,391.72,391.09,391.63,469
2026-05-11T14:24:00+00:00,391.63,391.65,390.58,390.59,421
2026-05-11T14:27:00+00:00,390.59,390.72,389.69,389.71,532
2026-05-11T14:30:00+00:00,389.71,389.92,388.9,389.16,864
2026-05-11T14:33:00+00:00,389.16,390.25,389.12,390.18,666
2026-05-11T14:36:00+00:00,390.18,390.78,390.18,390.32,540
2026-05-11T14:39:00+00:00,390.32,390.73,390.21,390.39,588
2026-05-11T14:42:00+00:00,390.39,390.72,390.22,390.54,468
2026-05-11T14:45:00+00:00,390.54,390.83,390.4,390.68,472
2026-05-11T14:48:00+00:00,390.68,390.97,390.39,390.92,531
2026-05-11T14:51:00+00:00,390.92,391.26,390.61,391.22,481
2026-05-11T14:54:00+00:00,391.22,391.62,390.88,391.02,537
2026-05-11T14:57:00+00:00,391.02,391.05,390.4,390.59,403
2026-05-11T15:00:00+00:00,390.59,390.65,390.25,390.33,457
2026-05-11T15:03:00+00:00,390.33,390.84,390.33,390.78,382
2026-05-11T15:06:00+00:00,390.78,390.89,390.61,390.83,410
2026-05-11T15:09:00+00:00,390.83,390.94,390.62,390.71,393
2026-05-11T15:12:00+00:00,390.71,390.76,390.16,390.21,465
2026-05-11T15:15:00+00:00,390.21,390.39,390.08,390.3,419
2026-05-11T15:18:00+00:00,390.3,390.45,389.78,390.04,552
2026-05-11T15:21:00+00:00,390.04,390.1,389.75,390.01,337
2026-05-11T15:24:00+00:00,390.01,390.13,389.74,389.84,386
2026-05-11T15:27:00+00:00,389.84,390.39,389.84,390.27,412
2026-05-11T15:30:00+00:00,390.27,390.7,390.24,390.55,439
2026-05-11T15:33:00+00:00,390.55,390.75,390.42,390.61,396
2026-05-11T15:36:00+00:00,390.61,390.62,390.19,390.2,336
2026-05-11T15:39:00+00:00,390.2,391.02,390.09,390.95,480
2026-05-11T15:42:00+00:00,390.95,391,390.31,390.36,486
2026-05-11T15:45:00+00:00,390.36,390.47,390.29,390.31,360
2026-05-11T15:48:00+00:00,390.31,390.52,390.11,390.35,362
2026-05-11T15:51:00+00:00,390.35,390.96,390.35,390.89,310
2026-05-11T15:54:00+00:00,390.89,391.51,390.86,391.5,271
2026-05-11T15:57:00+00:00,391.5,391.51,390.83,391.2,330
2026-05-11T16:00:00+00:00,391.2,391.36,390.96,391.16,474
2026-05-11T16:03:00+00:00,391.16,391.37,390.57,390.59,420
2026-05-11T16:06:00+00:00,390.59,390.67,390.34,390.5,301
2026-05-11T16:09:00+00:00,390.5,390.67,390.38,390.46,272
2026-05-11T16:12:00+00:00,390.46,390.78,390.36,390.75,387
2026-05-11T16:15:00+00:00,390.75,390.8,390.35,390.6,362
2026-05-11T16:18:00+00:00,390.6,390.8,390.47,390.58,322
2026-05-11T16:21:00+00:00,390.58,390.58,390.38,390.45,293
2026-05-11T16:24:00+00:00,390.45,390.82,390.38,390.64,309
2026-05-11T16:27:00+00:00,390.64,390.79,390.46,390.75,302
2026-05-11T16:30:00+00:00,390.75,390.94,390.58,390.93,394
2026-05-11T16:33:00+00:00,390.93,391.16,390.68,391.09,305
2026-05-11T16:36:00+00:00,391.09,391.22,390.62,390.78,358
2026-05-11T16:39:00+00:00,390.78,390.83,390.39,390.43,377
2026-05-11T16:42:00+00:00,390.43,390.69,390.25,390.69,621
2026-05-11T16:45:00+00:00,390.69,390.79,390.47,390.53,352
2026-05-11T16:48:00+00:00,390.53,390.59,390.33,390.49,268
2026-05-11T16:51:00+00:00,390.49,390.64,390.33,390.5,310
2026-05-11T16:54:00+00:00,390.5,390.59,390.18,390.26,335
2026-05-11T16:57:00+00:00,390.26,390.45,390.06,390.11,315
2026-05-11T17:00:00+00:00,390.11,390.44,390.08,390.23,305
2026-05-11T17:03:00+00:00,390.23,390.43,390.15,390.15,278
2026-05-11T17:06:00+00:00,390.15,390.44,390.03,390.34,323
2026-05-11T17:09:00+00:00,390.34,390.42,389.89,389.91,265
2026-05-11T17:12:00+00:00,389.91,389.92,389.48,389.48,400
2026-05-11T17:15:00+00:00,389.48,389.62,389.1,389.18,411
2026-05-11T17:18:00+00:00,389.18,389.18,388.92,389.09,363
2026-05-11T17:21:00+00:00,389.09,389.37,389.03,389.24,301
2026-05-11T17:24:00+00:00,389.24,389.56,389.05,389.46,293
2026-05-11T17:27:00+00:00,389.46,389.77,389.27,389.76,283
2026-05-11T17:30:00+00:00,389.76,389.9,389.51,389.65,294
2026-05-11T17:33:00+00:00,389.65,390.03,389.6,389.9,264
2026-05-11T17:36:00+00:00,389.9,390.36,389.89,390.23,263
2026-05-11T17:39:00+00:00,390.23,390.26,390.05,390.21,176
2026-05-11T17:42:00+00:00,390.21,390.43,390.13,390.26,233
2026-05-11T17:45:00+00:00,390.26,390.49,390.11,390.24,378
2026-05-11T17:48:00+00:00,390.24,390.28,389.88,389.9,297
2026-05-11T17:51:00+00:00,389.9,389.97,389.58,389.58,303
2026-05-11T17:54:00+00:00,389.58,389.63,389.07,389.07,297
2026-05-11T17:57:00+00:00,389.07,389.51,389.07,389.47,304
2026-05-11T18:00:00+00:00,389.47,389.69,389.36,389.4,338
2026-05-11T18:03:00+00:00,389.4,389.62,389.29,389.47,206
2026-05-11T18:06:00+00:00,389.47,389.56,389.35,389.43,218
2026-05-11T18:09:00+00:00,389.43,389.67,389.38,389.67,226
2026-05-11T18:12:00+00:00,389.67,389.82,389.58,389.61,230
2026-05-11T18:15:00+00:00,389.61,389.67,389.4,389.53,248
2026-05-11T18:18:00+00:00,389.53,389.58,389.06,389.12,254
2026-05-11T18:21:00+00:00,389.12,389.36,389.06,389.14,233
2026-05-11T18:24:00+00:00,389.14,389.23,389.02,389.1,247
2026-05-11T18:27:00+00:00,389.1,389.32,388.99,389.06,300
2026-05-11T18:30:00+00:00,389.06,389.06,388.64,388.75,386
2026-05-11T18:33:00+00:00,388.75,388.82,388.34,388.54,366
2026-05-11T18:36:00+00:00,388.54,388.57,388.28,388.47,279
2026-05-11T18:39:00+00:00,388.47,388.53,387.84,387.99,340
2026-05-11T18:42:00+00:00,387.99,388.26,387.96,388.2,260
2026-05-11T18:45:00+00:00,388.2,388.36,388.12,388.24,258
2026-05-11T18:48:00+00:00,388.24,388.31,388.08,388.16,226
2026-05-11T18:51:00+00:00,388.16,388.27,387.92,388,303
2026-05-11T18:54:00+00:00,388,388,387.81,387.87,304
2026-05-11T18:57:00+00:00,387.87,387.9,387.28,387.28,474
2026-05-11T19:00:00+00:00,387.28,387.53,387.2,387.23,484
2026-05-11T19:03:00+00:00,387.23,387.46,387.09,387.46,428
2026-05-11T19:06:00+00:00,387.46,387.66,387.24,387.25,409
2026-05-11T19:09:00+00:00,387.25,387.74,387.18,387.66,467
2026-05-11T19:12:00+00:00,387.66,387.84,387.33,387.55,470
2026-05-11T19:15:00+00:00,387.55,387.63,387.26,387.39,381
2026-05-11T19:18:00+00:00,387.39,387.51,387.16,387.17,403
2026-05-11T19:21:00+00:00,387.17,387.21,386.78,386.87,479
2026-05-11T19:24:00+00:00,386.87,387.09,386.77,387.02,406
2026-05-11T19:27:00+00:00,387.02,387.6,386.97,387.57,541
2026-05-11T19:30:00+00:00,387.57,387.83,387.33,387.57,542
2026-05-11T19:33:00+00:00,387.57,387.85,387.53,387.84,359
2026-05-11T19:36:00+00:00,387.84,387.9,387.64,387.8,384
2026-05-11T19:39:00+00:00,387.8,387.95,387.29,387.33,389
2026-05-11T19:42:00+00:00,387.33,387.35,386.89,386.94,444
2026-05-11T19:45:00+00:00,386.94,387.11,386.68,386.84,627
2026-05-11T19:48:00+00:00,386.84,387.11,386.78,386.88,713
2026-05-11T19:51:00+00:00,386.88,387.04,386.6,386.63,767
2026-05-11T19:54:00+00:00,386.63,386.77,386.15,386.43,1011
2026-05-11T19:57:00+00:00,386.43,386.68,386.29,386.59,1352
2026-05-12T13:30:00+00:00,386.59,386.59,383.89,384.55,791
2026-05-12T13:33:00+00:00,384.55,384.8,382.78,382.9,874
2026-05-12T13:36:00+00:00,382.9,383.57,382.68,383,882
2026-05-12T13:39:00+00:00,383,384.63,382.88,384.23,851
2026-05-12T13:42:00+00:00,384.23,385.56,384.22,385.25,856
2026-05-12T13:45:00+00:00,385.25,385.54,384.43,384.68,1013
2026-05-12T13:48:00+00:00,384.68,385.01,384.33,384.38,723
2026-05-12T13:51:00+00:00,384.38,385.36,383.91,385.36,869
2026-05-12T13:54:00+00:00,385.36,385.41,383.89,383.92,821
2026-05-12T13:57:00+00:00,383.92,384.07,383.46,383.87,823
2026-05-12T14:00:00+00:00,383.87,383.92,382.79,383.09,1022
2026-05-12T14:03:00+00:00,383.09,383.31,382.58,382.83,835
2026-05-12T14:06:00+00:00,382.83,383.25,382.3,382.36,964
2026-05-12T14:09:00+00:00,382.36,382.81,381.94,382.29,948
2026-05-12T14:12:00+00:00,382.29,383.68,382.2,383.45,844
2026-05-12T14:15:00+00:00,383.45,383.99,383.28,383.4,750
2026-05-12T14:18:00+00:00,383.4,384.7,383.37,384.21,746
2026-05-12T14:21:00+00:00,384.21,384.53,383.85,383.91,596
2026-05-12T14:24:00+00:00,383.91,384.48,383.68,384.12,621
2026-05-12T14:27:00+00:00,384.12,384.35,383.63,383.66,599
2026-05-12T14:30:00+00:00,383.66,383.77,383.39,383.57,712
2026-05-12T14:33:00+00:00,383.57,384.14,383.28,383.88,802
2026-05-12T14:36:00+00:00,383.88,384.55,383.79,384.42,623
2026-05-12T14:39:00+00:00,384.42,384.75,383.78,383.83,517
2026-05-12T14:42:00+00:00,383.83,384.14,383.5,383.53,568
2026-05-12T14:45:00+00:00,383.53,383.79,383.18,383.64,453
2026-05-12T14:48:00+00:00,383.64,384.26,383.28,383.84,583
2026-05-12T14:51:00+00:00,383.84,384.1,383.52,383.9,542
2026-05-12T14:54:00+00:00,383.9,384.25,383.47,383.75,525
2026-05-12T14:57:00+00:00,383.75,384.41,383.45,384.41,606
2026-05-12T15:00:00+00:00,384.41,384.62,383.78,383.81,679
2026-05-12T15:03:00+00:00,383.81,384.63,383.79,384.32,610
2026-05-12T15:06:00+00:00,384.32,384.76,384.19,384.56,633
2026-05-12T15:09:00+00:00,384.56,385.22,384.48,384.91,564
2026-05-12T15:12:00+00:00,384.91,385.16,384.7,384.79,571
2026-05-12T15:15:00+00:00,384.79,385.28,384.51,385.13,739
2026-05-12T15:18:00+00:00,385.13,385.23,384.47,384.83,719
2026-05-12T15:21:00+00:00,384.83,385.09,384.15,384.15,808
2026-05-12T15:24:00+00:00,384.15,384.6,383.89,384.45,857
2026-05-12T15:27:00+00:00,384.45,384.96,384.32,384.9,711
2026-05-12T15:30:00+00:00,384.9,385.19,384.58,384.81,631
2026-05-12T15:33:00+00:00,384.81,385.13,384.3,384.74,595
2026-05-12T15:36:00+00:00,384.74,384.76,384.13,384.3,465
2026-05-12T15:39:00+00:00,384.3,384.63,384.16,384.4,424
2026-05-12T15:42:00+00:00,384.4,385.28,384.4,385.15,469
2026-05-12T15:45:00+00:00,385.15,385.6,385.14,385.5,531
2026-05-12T15:48:00+00:00,385.5,385.55,384.89,385.13,476
2026-05-12T15:51:00+00:00,385.13,385.13,384.58,384.59,449
2026-05-12T15:54:00+00:00,384.59,384.77,384.22,384.25,529
2026-05-12T15:57:00+00:00,384.25,384.32,383.63,383.64,551
2026-05-12T16:00:00+00:00,383.64,384.51,383.28,384.26,615
2026-05-12T16:03:00+00:00,384.26,384.51,383.28,383.3,446
2026-05-12T16:06:00+00:00,383.3,383.75,383.28,383.41,345
2026-05-12T16:09:00+00:00,383.41,383.54,382.71,382.73,338
2026-05-12T16:12:00+00:00,382.73,383.83,382.7,383.59,362
2026-05-12T16:15:00+00:00,383.59,383.62,382.97,383.08,400
2026-05-12T16:18:00+00:00,383.08,383.24,382.74,382.98,391
2026-05-12T16:21:00+00:00,382.98,383.12,382.42,382.45,395
2026-05-12T16:24:00+00:00,382.45,383.13,382.44,382.98,325
2026-05-12T16:27:00+00:00,382.98,383.22,382.89,382.98,308
2026-05-12T16:30:00+00:00,382.98,383.06,382.23,382.31,354
2026-05-12T16:33:00+00:00,382.31,382.32,381.58,381.72,456
2026-05-12T16:36:00+00:00,381.72,381.88,381.31,381.31,503
2026-05-12T16:39:00+00:00,381.31,381.61,381.18,381.21,393
2026-05-12T16:42:00+00:00,381.21,381.36,380.9,381.18,411
2026-05-12T16:45:00+00:00,381.18,381.45,380.89,380.92,501
2026-05-12T16:48:00+00:00,380.92,381.07,380.73,380.75,465
2026-05-12T16:51:00+00:00,380.75,381.21,380.73,380.9,505
2026-05-12T16:54:00+00:00,380.9,381,380.43,380.44,447
2026-05-12T16:57:00+00:00,380.44,380.72,380.38,380.42,355
2026-05-12T17:00:00+00:00,380.42,380.65,380.13,380.32,557
2026-05-12T17:03:00+00:00,380.32,380.39,380.13,380.16,462
2026-05-12T17:06:00+00:00,380.16,380.47,380.01,380.15,734
2026-05-12T17:09:00+00:00,380.15,380.56,379.9,379.97,557
2026-05-12T17:12:00+00:00,379.97,380.08,379.57,379.97,511
2026-05-12T17:15:00+00:00,379.97,380.09,379.73,379.83,548
2026-05-12T17:18:00+00:00,379.83,380.59,379.79,380.39,637
2026-05-12T17:21:00+00:00,380.39,381.71,380.39,381.54,482
2026-05-12T17:24:00+00:00,381.54,381.77,380.92,381.02,545
2026-05-12T17:27:00+00:00,381.02,381.15,380.83,381,419
2026-05-12T17:30:00+00:00,381,381.2,380.69,380.9,425
2026-05-12T17:33:00+00:00,380.9,381.38,380.88,380.95,323
2026-05-12T17:36:00+00:00,380.95,381.36,380.89,381.21,363
2026-05-12T17:39:00+00:00,381.21,381.72,381.21,381.58,336
2026-05-12T17:42:00+00:00,381.58,381.63,381.31,381.44,274
2026-05-12T17:45:00+00:00,381.44,381.54,381.33,381.41,244
2026-05-12T17:48:00+00:00,381.41,381.56,381.1,381.14,343
2026-05-12T17:51:00+00:00,381.14,381.49,381.04,381.48,359
2026-05-12T17:54:00+00:00,381.48,381.54,381.02,381.11,390
2026-05-12T17:57:00+00:00,381.11,381.38,381.01,381.37,320
2026-05-12T18:00:00+00:00,381.37,381.71,381.2,381.49,444
2026-05-12T18:03:00+00:00,381.49,381.79,381.28,381.71,370
2026-05-12T18:06:00+00:00,381.71,381.74,381.33,381.57,451
2026-05-12T18:09:00+00:00,381.57,381.99,381.42,381.53,341
2026-05-12T18:12:00+00:00,381.53,381.74,381.5,381.72,251
2026-05-12T18:15:00+00:00,381.72,382,381.59,381.81,356
2026-05-12T18:18:00+00:00,381.81,381.88,381.29,381.63,314
2026-05-12T18:21:00+00:00,381.63,382.15,381.63,381.96,241
2026-05-12T18:24:00+00:00,381.96,382.52,381.94,382.49,378
2026-05-12T18:27:00+00:00,382.49,382.83,382.45,382.47,439
2026-05-12T18:30:00+00:00,382.47,382.6,382.2,382.2,301
2026-05-12T18:33:00+00:00,382.2,382.28,381.82,382.02,335
2026-05-12T18:36:00+00:00,382.02,382.25,381.88,381.9,325
2026-05-12T18:39:00+00:00,381.9,382,381.59,381.8,367
2026-05-12T18:42:00+00:00,381.8,381.96,381.65,381.66,337
2026-05-12T18:45:00+00:00,381.66,381.71,381.18,381.22,380
2026-05-12T18:48:00+00:00,381.22,381.37,381.13,381.25,331
2026-05-12T18:51:00+00:00,381.25,381.43,380.99,381.26,354
2026-05-12T18:54:00+00:00,381.26,381.56,381.22,381.43,316
2026-05-12T18:57:00+00:00,381.43,381.72,381.26,381.51,426
2026-05-12T19:00:00+00:00,381.51,381.59,381.17,381.26,411
2026-05-12T19:03:00+00:00,381.26,381.51,381.17,381.35,300
2026-05-12T19:06:00+00:00,381.35,381.61,381.08,381.56,355
2026-05-12T19:09:00+00:00,381.56,381.88,381.47,381.82,342
2026-05-12T19:12:00+00:00,381.82,382.1,381.8,381.92,287
2026-05-12T19:15:00+00:00,381.92,382.2,381.78,382.01,404
2026-05-12T19:18:00+00:00,382.01,382.32,381.89,382.2,357
2026-05-12T19:21:00+00:00,382.2,382.58,382.18,382.4,397
2026-05-12T19:24:00+00:00,382.4,382.84,382.22,382.81,331
2026-05-12T19:27:00+00:00,382.81,382.97,382.64,382.87,316
2026-05-12T19:30:00+00:00,382.87,382.91,382.49,382.84,400
2026-05-12T19:33:00+00:00,382.84,382.89,382.57,382.61,325
2026-05-12T19:36:00+00:00,382.61,383.08,382.51,382.97,524
2026-05-12T19:39:00+00:00,382.97,383.47,382.78,383.42,567
2026-05-12T19:42:00+00:00,383.42,383.92,383.39,383.81,537
2026-05-12T19:45:00+00:00,383.81,383.95,383.58,383.59,465
2026-05-12T19:48:00+00:00,383.59,383.99,383.4,383.91,606
2026-05-12T19:51:00+00:00,383.91,384.24,383.82,384.22,594
2026-05-12T19:54:00+00:00,384.22,384.22,382.89,383.39,1084
2026-05-12T19:57:00+00:00,383.39,383.96,383.16,383.96,1212
2026-05-13T13:30:00+00:00,383.96,383.96,381.09,382.88,686
2026-05-13T13:33:00+00:00,382.88,383.54,382.7,383.26,522
2026-05-13T13:36:00+00:00,383.26,384.6,383.21,383.37,645
2026-05-13T13:39:00+00:00,383.37,385,383.11,384.95,755
2026-05-13T13:42:00+00:00,384.95,385.3,384.27,384.91,726
2026-05-13T13:45:00+00:00,384.91,385.05,383.92,384.04,729
2026-05-13T13:48:00+00:00,384.04,385.19,383.6,384.79,792
2026-05-13T13:51:00+00:00,384.79,386.86,384.78,386.32,827
2026-05-13T13:54:00+00:00,386.32,387.5,386.29,386.83,838
2026-05-13T13:57:00+00:00,386.83,387.62,386.67,387.38,776
2026-05-13T14:00:00+00:00,387.38,388.7,387.35,388.16,1073
2026-05-13T14:03:00+00:00,388.16,388.72,387.38,388.5,1019
2026-05-13T14:06:00+00:00,388.5,388.96,387.57,387.73,1066
2026-05-13T14:09:00+00:00,387.73,388.57,387.54,388.25,864
2026-05-13T14:12:00+00:00,388.25,388.86,388.22,388.82,769
2026-05-13T14:15:00+00:00,388.82,389.72,388.41,389.37,931
2026-05-13T14:18:00+00:00,389.37,390.32,388.97,390.1,867
2026-05-13T14:21:00+00:00,390.1,390.54,389.89,390.33,895
2026-05-13T14:24:00+00:00,390.33,391.09,390.02,391.08,750
2026-05-13T14:27:00+00:00,391.08,391.47,390.58,390.86,729
2026-05-13T14:30:00+00:00,390.86,391.13,390.2,390.39,667
2026-05-13T14:33:00+00:00,390.39,391.03,390.23,390.94,567
2026-05-13T14:36:00+00:00,390.94,390.98,389.69,389.8,670
2026-05-13T14:39:00+00:00,389.8,390.29,389.53,390.02,731
2026-05-13T14:42:00+00:00,390.02,390.69,389.88,390.61,560
2026-05-13T14:45:00+00:00,390.61,390.74,390.05,390.51,582
2026-05-13T14:48:00+00:00,390.51,391.78,390.35,391.78,613
2026-05-13T14:51:00+00:00,391.78,392.33,391.57,392.33,464
2026-05-13T14:54:00+00:00,392.33,392.95,392.24,392.68,559
2026-05-13T14:57:00+00:00,392.68,392.86,-1391.29,-1391.1799999999998,593.9734145666021
2026-05-13T15:00:00+00:00,392.61,393.64,392.49,393.63,643
2026-05-13T15:03:00+00:00,393.63,393.82,392.94,393.12,604
2026-05-13T15:06:00+00:00,393.12,393.32,392.91,393.09,480
2026-05-13T15:09:00+00:00,393.09,393.47,392.88,392.89,413
2026-05-13T15:12:00+00:00,392.89,393.15,392.57,393.05,467
2026-05-13T15:15:00+00:00,393.05,393.45,393.02,393.09,465
2026-05-13T15:18:00+00:00,393.09,393.49,392.83,393.49,407
2026-05-13T15:21:00+00:00,393.49,393.53,392.64,392.71,420
2026-05-13T15:24:00+00:00,392.71,393.3,392.71,393.26,393
2026-05-13T15:27:00+00:00,393.26,393.94,392.88,393.75,475
2026-05-13T15:30:00+00:00,393.75,394.46,393.15,394.3,570
2026-05-13T15:33:00+00:00,394.3,394.32,393.24,393.61,554
2026-05-13T15:36:00+00:00,393.61,393.84,393.38,393.49,408
2026-05-13T15:39:00+00:00,393.49,393.84,393.44,393.71,379
2026-05-13T15:42:00+00:00,393.71,393.92,393.61,393.9,412
2026-05-13T15:45:00+00:00,393.9,394.43,393.71,394.31,407
2026-05-13T15:48:00+00:00,394.31,394.37,393.61,393.61,514
2026-05-13T15:51:00+00:00,393.61,393.91,393.28,393.74,436
2026-05-13T15:54:00+00:00,393.74,393.98,393.5,393.92,346
2026-05-13T15:57:00+00:00,393.92,394.01,393.66,393.69,359
2026-05-13T16:00:00+00:00,393.69,394.25,393.66,394.23,346
2026-05-13T16:03:00+00:00,394.23,394.46,394.06,394.26,356
2026-05-13T16:06:00+00:00,394.26,394.46,394.05,394.31,361
2026-05-13T16:09:00+00:00,394.31,394.69,394.2,394.48,331
2026-05-13T16:12:00+00:00,394.48,395.06,394.42,395.02,320
2026-05-13T16:15:00+00:00,395.02,395.29,394.75,395.19,415
2026-05-13T16:18:00+00:00,395.19,395.22,394.6,394.79,413
2026-05-13T16:21:00+00:00,394.79,395.32,394.75,395.2,317
2026-05-13T16:24:00+00:00,395.2,395.83,395.2,395.55,417
2026-05-13T16:27:00+00:00,395.55,396.36,395.44,395.98,428
2026-05-13T16:30:00+00:00,395.98,396.3,395.7,396.25,491
2026-05-13T16:33:00+00:00,396.25,396.36,395.73,395.8,418
2026-05-13T16:36:00+00:00,395.8,395.95,395.46,395.47,459
2026-05-13T16:39:00+00:00,395.47,396.17,395.47,395.87,334
2026-05-13T16:42:00+00:00,395.87,396.3,395.81,396.06,338
2026-05-13T16:45:00+00:00,396.06,396.42,396.05,396.29,444
2026-05-13T16:48:00+00:00,396.29,396.36,395.88,395.89,362
2026-05-13T16:51:00+00:00,395.89,396.54,395.88,396.4,345
2026-05-13T16:54:00+00:00,396.4,396.85,396.38,396.59,336
2026-05-13T16:57:00+00:00,396.59,396.82,396.55,396.82,326
2026-05-13T17:00:00+00:00,396.82,397.47,396.75,397.21,390
2026-05-13T17:03:00+00:00,397.21,397.67,397.21,397.59,414
2026-05-13T17:06:00+00:00,397.59,397.71,397.48,397.58,323
2026-05-13T17:09:00+00:00,397.58,397.99,397.45,397.91,353
2026-05-13T17:12:00+00:00,397.91,397.95,397.4,397.6,397
2026-05-13T17:15:00+00:00,397.6,398.06,397.5,397.63,454
2026-05-13T17:18:00+00:00,397.63,397.72,397.19,397.39,316
2026-05-13T17:21:00+00:00,397.39,397.47,396.99,397,356
2026-05-13T17:24:00+00:00,397,397.27,396.84,397.16,322
2026-05-13T17:27:00+00:00,397.16,397.5,397.08,397.44,354
2026-05-13T17:30:00+00:00,397.44,397.85,397.27,397.4,364
2026-05-13T17:33:00+00:00,397.4,397.5,397.11,397.24,383
2026-05-13T17:36:00+00:00,397.24,397.61,397.21,397.41,328
2026-05-13T17:39:00+00:00,397.41,397.63,397.22,397.34,309
2026-05-13T17:42:00+00:00,397.34,397.64,397.2,397.64,340
2026-05-13T17:45:00+00:00,397.64,397.94,397.46,397.89,330
2026-05-13T17:48:00+00:00,397.89,398.08,397.65,398.04,308
2026-05-13T17:51:00+00:00,398.04,398.27,397.82,398.02,339
2026-05-13T17:54:00+00:00,398.02,398.09,397.64,398.01,335
2026-05-13T17:57:00+00:00,398.01,398.25,397.68,397.69,478
2026-05-13T18:00:00+00:00,397.69,398.21,397.65,397.98,416
2026-05-13T18:03:00+00:00,397.98,398.95,397.98,398.94,374
2026-05-13T18:06:00+00:00,398.94,398.94,398.45,398.5,340
2026-05-13T18:09:00+00:00,398.5,398.67,398.35,398.6,399
2026-05-13T18:12:00+00:00,398.6,399,398.54,398.9,313
2026-05-13T18:15:00+00:00,398.9,399.24,398.62,398.9,418
2026-05-13T18:18:00+00:00,398.9,398.9,398.39,398.7,375
2026-05-13T18:21:00+00:00,398.7,399.04,398.68,399,323
2026-05-13T18:24:00+00:00,399,399.53,398.99,399.41,318
2026-05-13T18:27:00+00:00,399.41,399.66,399.29,399.53,312
2026-05-13T18:30:00+00:00,399.53,399.56,399.22,399.49,353
2026-05-13T18:33:00+00:00,399.49,399.8,399.39,399.44,298
2026-05-13T18:36:00+00:00,399.44,399.52,398.71,398.95,377
2026-05-13T18:39:00+00:00,398.95,399.04,398.63,398.74,384
2026-05-13T18:42:00+00:00,398.74,398.77,398.3,398.39,349
2026-05-13T18:45:00+00:00,398.39,398.58,398.28,398.34,393
2026-05-13T18:48:00+00:00,398.34,398.62,398.3,398.36,364
2026-05-13T18:51:00+00:00,398.36,398.45,398.07,398.39,372
2026-05-13T18:54:00+00:00,398.39,398.4,397.73,398.02,456
2026-05-13T18:57:00+00:00,398.02,398.05,397.54,397.58,341
2026-05-13T19:00:00+00:00,397.58,398.07,397.57,397.78,391
2026-05-13T19:03:00+00:00,397.78,398.26,397.78,398.16,317
2026-05-13T19:06:00+00:00,398.16,398.85,398.08,398.75,263
2026-05-13T19:09:00+00:00,398.75,398.93,398.66,398.78,273
2026-05-13T19:12:00+00:00,398.78,398.85,398.53,398.81,264
2026-05-13T19:15:00+00:00,398.81,398.89,398.42,398.54,282
2026-05-13T19:18:00+00:00,398.54,398.84,398.4,398.4,355
2026-05-13T19:21:00+00:00,398.4,398.67,398.24,398.26,278
2026-05-13T19:24:00+00:00,398.26,398.63,398.18,398.6,245
2026-05-13T19:27:00+00:00,398.6,399.09,398.6,399.05,273
2026-05-13T19:30:00+00:00,399.05,399.41,398.92,398.92,345
2026-05-13T19:33:00+00:00,398.92,399.07,398.79,398.88,398
2026-05-13T19:36:00+00:00,398.88,399,398.78,399,262
2026-05-13T19:39:00+00:00,399,399.08,398.64,398.7,254
2026-05-13T19:42:00+00:00,398.7,399.06,398.53,399.05,313
2026-05-13T19:45:00+00:00,399.05,399.34,399,399.21,419
2026-05-13T19:48:00+00:00,399.21,399.44,397.93,398.35,580
2026-05-13T19:51:00+00:00,398.35,398.67,397.9,398.62,814
2026-05-13T19:54:00+00:00,398.62,399.01,398.38,398.88,1093
2026-05-13T19:57:00+00:00,398.88,399.18,398.79,399.18,1009
2026-05-14T13:30:00+00:00,399.18,399.18,392.94,395.27,1068
2026-05-14T13:33:00+00:00,395.27,396.58,394.58,396.41,998
2026-05-14T13:36:00+00:00,396.41,396.77,395.92,396.48,888
2026-05-14T13:39:00+00:00,396.48,396.68,394.78,395.45,586
2026-05-14T13:42:00+00:00,395.45,396.16,394.84,395.78,925
2026-05-14T13:45:00+00:00,395.78,397.37,395.78,396.57,799
2026-05-14T13:48:00+00:00,396.57,396.87,395.88,396.13,741
2026-05-14T13:51:00+00:00,396.13,396.41,394.78,395.41,798
2026-05-14T13:54:00+00:00,395.41,395.97,394.82,394.84,759
2026-05-14T13:57:00+00:00,394.84,395.22,394.08,394.51,732
2026-05-14T14:00:00+00:00,394.51,394.68,393.67,393.92,693
2026-05-14T14:03:00+00:00,393.92,394.64,393.79,394.42,649
2026-05-14T14:06:00+00:00,394.42,395.19,394.37,394.5,760
2026-05-14T14:09:00+00:00,394.5,394.88,394.48,394.77,697
2026-05-14T14:12:00+00:00,394.77,395.15,394.38,394.39,730
2026-05-14T14:15:00+00:00,394.39,395,394.18,394.54,605
2026-05-14T14:18:00+00:00,394.54,395.22,394.39,394.85,641
2026-05-14T14:21:00+00:00,394.85,394.94,394.33,394.75,703
2026-05-14T14:24:00+00:00,394.75,394.83,393.08,393.12,922
2026-05-14T14:27:00+00:00,393.12,393.36,392.59,392.83,796
2026-05-14T14:30:00+00:00,392.83,393.64,392.63,393.34,707
2026-05-14T14:33:00+00:00,393.34,394.1,393.24,393.65,477
2026-05-14T14:36:00+00:00,393.65,393.98,393.44,393.69,640
2026-05-14T14:39:00+00:00,393.69,394.13,393.59,393.89,684
2026-05-14T14:42:00+00:00,393.89,394.01,393.41,393.67,569
2026-05-14T14:45:00+00:00,393.67,394.12,393.48,393.75,653
2026-05-14T14:48:00+00:00,393.75,394.05,393.28,394.03,577
2026-05-14T14:51:00+00:00,394.03,394.69,393.86,394.15,724
2026-05-14T14:54:00+00:00,394.15,394.5,393.89,394.34,630
2026-05-14T14:57:00+00:00,394.34,394.45,393.9,394.23,517
2026-05-14T15:00:00+00:00,394.23,394.41,393.89,394.3,489
2026-05-14T15:03:00+00:00,394.3,394.5,393.99,394.38,488
2026-05-14T15:06:00+00:00,394.38,394.64,394.09,394.11,352
2026-05-14T15:09:00+00:00,394.11,394.79,394.09,394.3,373
2026-05-14T15:12:00+00:00,394.3,394.35,394,394.26,512
2026-05-14T15:15:00+00:00,394.26,394.63,394.22,394.47,390
2026-05-14T15:18:00+00:00,394.47,394.92,394.38,394.7,357
2026-05-14T15:21:00+00:00,394.7,394.75,394,394,352
2026-05-14T15:24:00+00:00,394,394.68,394,394.55,372
2026-05-14T15:27:00+00:00,394.55,395.31,394.52,394.71,404
2026-05-14T15:30:00+00:00,394.71,395.07,394.69,394.96,260
2026-05-14T15:33:00+00:00,394.96,395.27,394.62,394.94,422
2026-05-14T15:36:00+00:00,394.94,395.71,394.89,395.48,427
2026-05-14T15:39:00+00:00,395.48,395.86,395.38,395.86,350
2026-05-14T15:42:00+00:00,395.86,396.31,395.73,396.15,558
2026-05-14T15:45:00+00:00,396.15,396.34,395.99,396.28,339
2026-05-14T15:48:00+00:00,396.28,396.34,395.95,396.28,364
2026-05-14T15:51:00+00:00,396.28,396.48,396.06,396.29,384
2026-05-14T15:54:00+00:00,396.29,397.85,396.28,397.79,528
2026-05-14T15:57:00+00:00,397.79,398.2,397.64,398.13,640
2026-05-14T16:00:00+00:00,398.13,398.56,397.93,398.23,527
2026-05-14T16:03:00+00:00,398.23,398.7,398.1,398.29,505
2026-05-14T16:06:00+00:00,398.29,398.49,397.24,397.61,394
2026-05-14T16:09:00+00:00,397.61,397.71,397.41,397.58,328
2026-05-14T16:12:00+00:00,397.58,397.98,396.94,396.96,421
2026-05-14T16:15:00+00:00,396.96,397.49,396.76,397.4,300
2026-05-14T16:18:00+00:00,397.4,397.45,396.57,396.87,307
2026-05-14T16:21:00+00:00,396.87,397.19,396.68,396.69,404
2026-05-14T16:24:00+00:00,396.69,396.88,396.4,396.42,410
2026-05-14T16:27:00+00:00,396.42,396.64,396.06,396.17,333
2026-05-14T16:30:00+00:00,396.17,396.22,395.73,395.73,362
2026-05-14T16:33:00+00:00,395.73,395.76,395.38,395.65,374
2026-05-14T16:36:00+00:00,395.65,395.95,395.64,395.95,346
2026-05-14T16:39:00+00:00,395.95,396.24,395.78,395.87,296
2026-05-14T16:42:00+00:00,395.87,396.02,395.64,395.84,364
2026-05-14T16:45:00+00:00,395.84,396.99,395.24,396.71,801
2026-05-14T16:48:00+00:00,396.71,396.81,395.97,396.06,330
2026-05-14T16:51:00+00:00,396.06,396.38,395.9,396.27,298
2026-05-14T16:54:00+00:00,396.27,396.96,396.05,396.15,337
2026-05-14T16:57:00+00:00,396.15,396.65,396.12,396.65,293
2026-05-14T17:00:00+00:00,396.65,397.46,396.46,397.2,496
2026-05-14T17:03:00+00:00,397.2,397.36,396.97,397,435
2026-05-14T17:06:00+00:00,397,397,396.3,396.32,524
2026-05-14T17:09:00+00:00,396.32,396.44,395.8,396.25,610
2026-05-14T17:12:00+00:00,396.25,396.4,395.41,395.45,622
2026-05-14T17:15:00+00:00,395.45,395.85,395.23,395.74,802
2026-05-14T17:18:00+00:00,395.74,396.44,395.55,396.35,862
2026-05-14T17:21:00+00:00,396.35,396.91,396.25,396.69,783
2026-05-14T17:24:00+00:00,396.69,396.84,396.21,396.45,719
2026-05-14T17:27:00+00:00,396.45,397.35,396.36,397.23,652
2026-05-14T17:30:00+00:00,397.23,397.35,396.8,397.05,780
2026-05-14T17:33:00+00:00,397.05,397.43,396.99,397.29,564
2026-05-14T17:36:00+00:00,397.29,397.86,396.98,397.77,655
2026-05-14T17:39:00+00:00,397.77,398.12,397.76,398.02,660
2026-05-14T17:42:00+00:00,398.02,398.61,397.93,398.53,523
2026-05-14T17:45:00+00:00,398.53,398.87,398.33,398.49,590
2026-05-14T17:48:00+00:00,398.49,398.71,398.29,398.41,541
2026-05-14T17:51:00+00:00,398.41,398.88,398.31,398.72,664
2026-05-14T17:54:00+00:00,398.72,398.97,398.29,398.31,467
2026-05-14T17:57:00+00:00,398.31,398.62,398.2,398.28,409
2026-05-14T18:00:00+00:00,398.28,398.31,397.26,397.34,536
2026-05-14T18:03:00+00:00,397.34,397.35,396.49,396.55,602
2026-05-14T18:06:00+00:00,396.55,396.77,396.38,396.43,353
2026-05-14T18:09:00+00:00,396.43,396.88,396.39,396.72,380
2026-05-14T18:12:00+00:00,396.72,396.89,396.48,396.7,291
2026-05-14T18:15:00+00:00,396.7,397.18,396.61,396.66,328
2026-05-14T18:18:00+00:00,396.66,396.97,396.39,396.5,263
2026-05-14T18:21:00+00:00,396.5,396.7,396.24,396.25,278
2026-05-14T18:24:00+00:00,396.25,396.31,395.63,395.65,272
2026-05-14T18:27:00+00:00,395.65,395.98,395.52,395.9,350
2026-05-14T18:30:00+00:00,395.9,396.17,395.8,396.03,401
2026-05-14T18:33:00+00:00,396.03,396.39,395.89,396.23,260
2026-05-14T18:36:00+00:00,396.23,396.24,395.81,396.18,262
2026-05-14T18:39:00+00:00,396.18,396.23,395.68,395.91,242
2026-05-14T18:42:00+00:00,395.91,396.06,395.86,395.98,190
2026-05-14T18:45:00+00:00,395.98,396,395.71,395.84,280
2026-05-14T18:48:00+00:00,395.84,396.1,395.81,395.96,343
2026-05-14T18:51:00+00:00,395.96,396.41,395.94,396.32,385
2026-05-14T18:54:00+00:00,396.32,396.56,396.05,396.48,316
2026-05-14T18:57:00+00:00,396.48,396.67,396.4,396.42,308
2026-05-14T19:00:00+00:00,396.42,396.84,396.38,396.82,373
2026-05-14T19:03:00+00:00,396.82,396.92,396.43,396.86,475
2026-05-14T19:06:00+00:00,396.86,396.86,396.5,396.62,436
2026-05-14T19:09:00+00:00,396.62,396.92,396.58,396.71,545
2026-05-14T19:12:00+00:00,396.71,396.9,396.43,396.53,474
2026-05-14T19:15:00+00:00,396.53,396.93,396.49,396.78,452
2026-05-14T19:18:00+00:00,396.78,397.05,396.53,396.97,530
2026-05-14T19:21:00+00:00,396.97,397.21,396.88,396.89,454
2026-05-14T19:24:00+00:00,396.89,397.05,396.8,396.96,417
2026-05-14T19:27:00+00:00,396.96,397.11,396.83,396.91,366
2026-05-14T19:30:00+00:00,396.91,397.18,396.88,396.97,362
2026-05-14T19:33:00+00:00,396.97,397.13,396.48,396.51,482
2026-05-14T19:36:00+00:00,396.51,396.71,396.49,396.58,460
2026-05-14T19:39:00+00:00,396.58,397.05,396.56,396.9,413
2026-05-14T19:42:00+00:00,396.9,397.1,396.71,396.82,344
2026-05-14T19:45:00+00:00,396.82,396.85,396.49,396.77,355
2026-05-14T19:48:00+00:00,396.77,396.89,395.91,396.18,497
2026-05-14T19:51:00+00:00,396.18,396.22,395.89,396.08,435
2026-05-14T19:54:00+00:00,396.08,396.8,395.89,396.72,647
2026-05-14T19:57:00+00:00,396.72,397.28,396.48,397.28,1294
2026-05-15T13:30:00+00:00,397.28,397.28,390.25,391.62,846
2026-05-15T13:33:00+00:00,391.62,391.69,389.49,390.05,650
2026-05-15T13:36:00+00:00,390.05,391.51,389.95,390.52,655
2026-05-15T13:39:00+00:00,390.52,391.9,390.38,391.88,513
2026-05-15T13:42:00+00:00,391.88,392.69,391.58,391.68,843
2026-05-15T13:45:00+00:00,391.68,391.95,390.87,391.91,877
2026-05-15T13:48:00+00:00,391.91,394.36,391.9,394.01,1308
2026-05-15T13:51:00+00:00,394.01,394.23,393.45,394,1151
2026-05-15T13:54:00+00:00,394,395.37,394,394.85,1351
2026-05-15T13:57:00+00:00,394.85,395.56,393.8,393.94,1362
2026-05-15T14:00:00+00:00,393.94,394.71,393.31,394.64,1473
2026-05-15T14:03:00+00:00,394.64,394.75,393.55,393.97,1228
2026-05-15T14:06:00+00:00,393.97,394.93,393.96,394.93,1051
2026-05-15T14:09:00+00:00,394.93,395.28,394.39,394.62,1065
2026-05-15T14:12:00+00:00,394.62,395.45,394.61,395.01,850
2026-05-15T14:15:00+00:00,395.01,395.67,394.9,395.11,811
2026-05-15T14:18:00+00:00,395.11,395.53,394.88,395.19,613
2026-05-15T14:21:00+00:00,395.19,395.61,394.98,395.14,675
2026-05-15T14:24:00+00:00,395.14,395.29,394.13,394.21,830
2026-05-15T14:27:00+00:00,394.21,394.96,394.01,394.39,710
2026-05-15T14:30:00+00:00,394.39,394.97,394.28,394.71,766
2026-05-15T14:33:00+00:00,394.71,395,394.02,394.09,747
2026-05-15T14:36:00+00:00,394.09,394.37,393.73,394.03,776
2026-05-15T14:39:00+00:00,394.03,394.23,393.68,393.78,620
2026-05-15T14:42:00+00:00,393.78,394.21,393.68,393.83,555
2026-05-15T14:45:00+00:00,393.83,393.99,393.39,393.39,700
2026-05-15T14:48:00+00:00,393.39,393.47,392.77,393,579
2026-05-15T14:51:00+00:00,393,393.21,392.83,393.02,570
2026-05-15T14:54:00+00:00,393.02,394.25,393.02,394.24,607
2026-05-15T14:57:00+00:00,394.24,394.54,-1389.7399999999998,-1389.4499999999998,629.1087237898007
2026-05-15T15:00:00+00:00,394.38,394.69,394.01,394.13,692
2026-05-15T15:03:00+00:00,394.13,394.13,393.64,393.68,604
2026-05-15T15:06:00+00:00,393.68,394.1,393.36,394.02,594
2026-05-15T15:09:00+00:00,394.02,394.9,393.7,394.39,683
2026-05-15T15:12:00+00:00,394.39,394.4,393.88,394,551
2026-05-15T15:15:00+00:00,394,394.03,393.38,393.61,763
2026-05-15T15:18:00+00:00,393.61,394.02,393.57,393.97,555
2026-05-15T15:21:00+00:00,393.97,394.02,393.56,393.56,494
2026-05-15T15:24:00+00:00,393.56,393.7,392.96,393.11,622
2026-05-15T15:27:00+00:00,393.11,393.45,392.92,393.33,556
2026-05-15T15:30:00+00:00,393.33,393.96,393.1,393.84,624
2026-05-15T15:33:00+00:00,393.84,393.84,392.94,393.32,740
2026-05-15T15:36:00+00:00,393.32,393.71,393.22,393.39,631
2026-05-15T15:39:00+00:00,393.39,393.46,392.48,392.86,663
2026-05-15T15:42:00+00:00,392.86,392.99,391.99,392.35,698
2026-05-15T15:45:00+00:00,392.35,392.36,391.93,391.93,588
2026-05-15T15:48:00+00:00,391.93,392.1,390.98,391.07,632
2026-05-15T15:51:00+00:00,391.07,391.94,390.98,391.52,592
2026-05-15T15:54:00+00:00,391.52,392.17,391.4,392.03,521
2026-05-15T15:57:00+00:00,392.03,392.48,391.73,392.36,473
2026-05-15T16:00:00+00:00,392.36,392.75,392.35,392.64,442
2026-05-15T16:03:00+00:00,392.64,392.64,392.08,392.28,385
2026-05-15T16:06:00+00:00,392.28,392.4,391.88,392.28,424
2026-05-15T16:09:00+00:00,392.28,392.52,392.12,392.15,451
2026-05-15T16:12:00+00:00,392.15,392.35,392.04,392.31,354
2026-05-15T16:15:00+00:00,392.31,392.33,391.89,392.08,412
2026-05-15T16:18:00+00:00,392.08,392.35,391.96,392.32,360
2026-05-15T16:21:00+00:00,392.32,392.73,392.31,392.64,328
2026-05-15T16:24:00+00:00,392.64,393.08,392.46,392.89,364
2026-05-15T16:27:00+00:00,392.89,393.35,392.82,393.12,479
2026-05-15T16:30:00+00:00,393.12,393.3,392.91,393.2,468
2026-05-15T16:33:00+00:00,393.2,393.34,392.99,393.1,382
2026-05-15T16:36:00+00:00,393.1,393.44,392.78,392.78,442
2026-05-15T16:39:00+00:00,392.78,393.12,392.78,392.85,459
2026-05-15T16:42:00+00:00,392.85,393.04,392.63,392.8,552
2026-05-15T16:45:00+00:00,392.8,393,392.67,392.71,460
2026-05-15T16:48:00+00:00,392.71,392.87,392.53,392.82,412
2026-05-15T16:51:00+00:00,392.82,392.91,392.28,392.34,479
2026-05-15T16:54:00+00:00,392.34,392.55,392.14,392.38,540
2026-05-15T16:57:00+00:00,392.38,392.47,391.93,392.1,519
2026-05-15T17:00:00+00:00,392.1,392.6,391.94,392.59,436
2026-05-15T17:03:00+00:00,392.59,392.69,392.29,392.63,356
2026-05-15T17:06:00+00:00,392.63,393.22,392.63,393.15,315
2026-05-15T17:09:00+00:00,393.15,393.35,392.99,393.31,281
2026-05-15T17:12:00+00:00,393.31,393.55,393.2,393.43,325
2026-05-15T17:15:00+00:00,393.43,393.44,393.1,393.19,346
2026-05-15T17:18:00+00:00,393.19,393.53,393.17,393.44,217
2026-05-15T17:21:00+00:00,393.44,393.63,393.1,393.1,301
2026-05-15T17:24:00+00:00,393.1,393.6,393.1,393.47,454
2026-05-15T17:27:00+00:00,393.47,393.73,393.37,393.57,500
2026-05-15T17:30:00+00:00,393.57,393.71,393.37,393.6,578
2026-05-15T17:33:00+00:00,393.6,394.2,393.43,394.02,602
2026-05-15T17:36:00+00:00,394.02,394.19,393.3,393.42,589
2026-05-15T17:39:00+00:00,393.42,393.57,393.09,393.15,494
2026-05-15T17:42:00+00:00,393.15,393.39,393.06,393.07,462
2026-05-15T17:45:00+00:00,393.07,393.28,392.73,392.92,512
2026-05-15T17:48:00+00:00,392.92,392.98,392.62,392.66,351
2026-05-15T17:51:00+00:00,392.66,393.12,392.64,393.01,417
2026-05-15T17:54:00+00:00,393.01,393.09,392.75,392.89,443
2026-05-15T17:57:00+00:00,392.89,393.11,392.76,392.92,428
2026-05-15T18:00:00+00:00,392.92,393.25,392.87,393.06,648
2026-05-15T18:03:00+00:00,393.06,393.35,392.96,393.31,617
2026-05-15T18:06:00+00:00,393.31,393.59,393.15,393.35,496
2026-05-15T18:09:00+00:00,393.35,393.51,393.15,393.15,471
2026-05-15T18:12:00+00:00,393.15,393.32,392.91,392.94,442
2026-05-15T18:15:00+00:00,392.94,393.02,392.68,392.75,400
2026-05-15T18:18:00+00:00,392.75,392.75,391.89,392.22,608
2026-05-15T18:21:00+00:00,392.22,392.61,392.08,392.54,394
2026-05-15T18:24:00+00:00,392.54,392.63,392.07,392.15,362
2026-05-15T18:27:00+00:00,392.15,392.21,391.72,391.92,390
2026-05-15T18:30:00+00:00,391.92,391.98,391.24,391.54,581
2026-05-15T18:33:00+00:00,391.54,391.78,391.23,391.65,396
2026-05-15T18:36:00+00:00,391.65,391.97,391.59,391.9,392
2026-05-15T18:39:00+00:00,391.9,392.01,391.7,391.71,333
2026-05-15T18:42:00+00:00,391.71,391.97,391.55,391.93,322
2026-05-15T18:45:00+00:00,391.93,392.02,391.69,391.91,349
2026-05-15T18:48:00+00:00,391.91,392.29,391.84,391.95,436
2026-05-15T18:51:00+00:00,391.95,392.35,391.82,392.3,313
2026-05-15T18:54:00+00:00,392.3,392.64,392.28,392.51,294
2026-05-15T18:57:00+00:00,392.51,392.76,392.31,392.65,219
2026-05-15T19:00:00+00:00,392.65,392.73,392.39,392.44,267
2026-05-15T19:03:00+00:00,392.44,392.48,391.98,392.16,283
2026-05-15T19:06:00+00:00,392.16,392.36,391.96,392.29,295
2026-05-15T19:09:00+00:00,392.29,392.39,392.06,392.12,266
2026-05-15T19:12:00+00:00,392.12,392.43,392.03,392.29,298
2026-05-15T19:15:00+00:00,392.29,392.44,392.02,392.04,262
2026-05-15T19:18:00+00:00,392.04,392.19,391.88,392.1,319
2026-05-15T19:21:00+00:00,392.1,392.56,392.05,392.16,310
2026-05-15T19:24:00+00:00,392.16,392.28,392.01,392.09,297
2026-05-15T19:27:00+00:00,392.09,392.26,391.97,392.17,321
2026-05-15T19:30:00+00:00,392.17,392.64,392.13,392.47,257
2026-05-15T19:33:00+00:00,392.47,392.55,392.31,392.55,189
2026-05-15T19:36:00+00:00,392.55,392.7,392.39,392.54,226
2026-05-15T19:39:00+00:00,392.54,393.01,392.48,392.88,326
2026-05-15T19:42:00+00:00,392.88,392.96,392.62,392.66,373
2026-05-15T19:45:00+00:00,392.66,393.32,392.46,392.94,537
2026-05-15T19:48:00+00:00,392.94,393.19,392.39,392.85,632
2026-05-15T19:51:00+00:00,392.85,393.11,392.39,392.75,838
2026-05-15T19:54:00+00:00,392.75,392.99,391.71,392.94,1059
2026-05-15T19:57:00+00:00,392.94,393.36,392.42,393.36,1011
2026-05-18T13:30:00+00:00,393.36,393.36,390.49,392.14,627
2026-05-18T13:33:00+00:00,392.14,396.43,391.9,396.23,636
2026-05-18T13:36:00+00:00,396.23,400.2,395.86,399.89,938
2026-05-18T13:39:00+00:00,399.89,400.2,398.23,398.9,940
2026-05-18T13:42:00+00:00,398.9,398.9,396.38,396.72,933
2026-05-18T13:45:00+00:00,396.72,397.9,395.6,397.7,924
2026-05-18T13:48:00+00:00,397.7,399.65,397.32,399.5,810
2026-05-18T13:51:00+00:00,399.5,401.21,399.29,400.69,845
2026-05-18T13:54:00+00:00,400.69,401.82,400.65,401.67,732
2026-05-18T13:57:00+00:00,401.67,402.19,400.99,401.62,692
2026-05-18T14:00:00+00:00,401.62,402.06,399.95,400.16,1014
2026-05-18T14:03:00+00:00,400.16,401.67,399.92,400.57,1109
2026-05-18T14:06:00+00:00,400.57,402.53,400.48,401.91,1014
2026-05-18T14:09:00+00:00,401.91,403.04,401.65,402.41,779
2026-05-18T14:12:00+00:00,402.41,402.91,401.65,402.7,766
2026-05-18T14:15:00+00:00,402.7,404.11,402.53,402.65,665
2026-05-18T14:18:00+00:00,402.65,404.05,402.38,403.67,683
2026-05-18T14:21:00+00:00,403.67,404.28,402.95,403.42,897
2026-05-18T14:24:00+00:00,403.42,404.05,402.69,402.85,747
2026-05-18T14:27:00+00:00,402.85,402.86,401.62,401.71,656
2026-05-18T14:30:00+00:00,401.71,402.34,400.55,400.55,563
2026-05-18T14:33:00+00:00,400.55,400.68,397.9,397.95,720
2026-05-18T14:36:00+00:00,397.95,399.93,397.66,399.77,744
2026-05-18T14:39:00+00:00,399.77,400.47,398.91,400.28,644
2026-05-18T14:42:00+00:00,400.28,401.14,399.93,400.31,591
2026-05-18T14:45:00+00:00,400.31,400.47,399.19,399.84,580
2026-05-18T14:48:00+00:00,399.84,400.66,399.79,400.5,640
2026-05-18T14:51:00+00:00,400.5,401.43,400.04,400.12,818
2026-05-18T14:54:00+00:00,400.12,400.76,399.57,399.76,722
2026-05-18T14:57:00+00:00,399.76,400.7,399.69,400.19,481
2026-05-18T15:00:00+00:00,400.19,400.34,398.38,398.7,718
2026-05-18T15:03:00+00:00,398.7,399.15,398.33,398.66,634
2026-05-18T15:06:00+00:00,398.66,399.4,398.58,398.91,567
2026-05-18T15:09:00+00:00,398.91,400.74,398.77,400.26,649
2026-05-18T15:12:00+00:00,400.26,400.69,399.95,400.16,584
2026-05-18T15:15:00+00:00,400.16,400.28,399.42,399.84,572
2026-05-18T15:18:00+00:00,399.84,400.14,399.37,399.41,615
2026-05-18T15:21:00+00:00,399.41,399.74,398.95,399.55,536
2026-05-18T15:24:00+00:00,399.55,399.8,399.14,399.51,460
2026-05-18T15:27:00+00:00,399.51,399.8,398.08,398.09,415
2026-05-18T15:30:00+00:00,398.09,399.61,398.07,399.52,430
2026-05-18T15:33:00+00:00,399.52,399.94,399,399.53,418
2026-05-18T15:36:00+00:00,399.53,399.67,399.03,399.17,421
2026-05-18T15:39:00+00:00,399.17,399.52,398.59,399.42,478
2026-05-18T15:42:00+00:00,399.42,399.6,398.51,398.56,406
2026-05-18T15:45:00+00:00,398.56,398.76,398.38,398.42,365
2026-05-18T15:48:00+00:00,398.42,398.66,397.89,397.93,428
2026-05-18T15:51:00+00:00,397.93,398.16,397.39,397.96,430
2026-05-18T15:54:00+00:00,397.96,398.41,397.78,397.84,357
2026-05-18T15:57:00+00:00,397.84,397.95,397.48,397.52,337
2026-05-18T16:00:00+00:00,397.52,397.74,396.98,397.24,403
2026-05-18T16:03:00+00:00,397.24,397.32,396.66,396.74,335
2026-05-18T16:06:00+00:00,396.74,397.24,396.68,396.89,523
2026-05-18T16:09:00+00:00,396.89,397.37,396.78,397.32,454
2026-05-18T16:12:00+00:00,397.32,397.86,397.31,397.8,366
2026-05-18T16:15:00+00:00,397.8,397.93,397.58,397.79,429
2026-05-18T16:18:00+00:00,397.79,398.47,397.75,398.44,405
2026-05-18T16:21:00+00:00,398.44,398.64,397.78,397.9,420
2026-05-18T16:24:00+00:00,397.9,397.9,396.88,396.88,499
2026-05-18T16:27:00+00:00,396.88,397.14,396.32,396.55,704
2026-05-18T16:30:00+00:00,396.55,397.37,396,397.27,618
2026-05-18T16:33:00+00:00,397.27,397.69,397,397.1,466
2026-05-18T16:36:00+00:00,397.1,398.03,396.99,397.79,444
2026-05-18T16:39:00+00:00,397.79,397.86,397.38,397.4,385
2026-05-18T16:42:00+00:00,397.4,397.49,397.02,397.09,340
2026-05-18T16:45:00+00:00,397.09,397.4,397,397.29,397
2026-05-18T16:48:00+00:00,397.29,397.45,396.95,397.15,274
2026-05-18T16:51:00+00:00,397.15,397.88,397.14,397.86,350
2026-05-18T16:54:00+00:00,397.86,398.07,397.54,397.93,361
2026-05-18T16:57:00+00:00,397.93,398.3,397.74,397.94,380
2026-05-18T17:00:00+00:00,397.94,398.13,397.39,397.64,386
2026-05-18T17:03:00+00:00,397.64,397.92,397.61,397.81,303
2026-05-18T17:06:00+00:00,397.81,398.45,397.75,398.3,357
2026-05-18T17:09:00+00:00,398.3,399.17,398.07,399.07,340
2026-05-18T17:12:00+00:00,399.07,399.07,397.89,397.99,451
2026-05-18T17:15:00+00:00,397.99,398.55,397.98,398.29,404
2026-05-18T17:18:00+00:00,398.29,398.78,398.24,398.45,337
2026-05-18T17:21:00+00:00,398.45,398.66,397.89,398.16,390
2026-05-18T17:24:00+00:00,398.16,398.25,397.88,398.17,341
2026-05-18T17:27:00+00:00,398.17,398.35,397.89,398.26,330
2026-05-18T17:30:00+00:00,398.26,398.33,397.75,397.76,293
2026-05-18T17:33:00+00:00,397.76,397.93,397.19,397.29,342
2026-05-18T17:36:00+00:00,397.29,397.46,397.01,397.09,270
2026-05-18T17:39:00+00:00,397.09,397.67,397.04,397.47,260
2026-05-18T17:42:00+00:00,397.47,398.04,397.33,397.67,318
2026-05-18T17:45:00+00:00,397.67,397.7,397.12,397.41,409
2026-05-18T17:48:00+00:00,397.41,397.73,397.28,397.66,318
2026-05-18T17:51:00+00:00,397.66,397.95,397.52,397.56,283
2026-05-18T17:54:00+00:00,397.56,397.77,397.39,397.45,362
2026-05-18T17:57:00+00:00,397.45,397.65,397.21,397.64,338
2026-05-18T18:00:00+00:00,397.64,397.64,396.47,396.7,343
2026-05-18T18:03:00+00:00,396.7,396.97,396.53,396.9,384
2026-05-18T18:06:00+00:00,396.9,396.93,396.38,396.58,380
2026-05-18T18:09:00+00:00,396.58,396.77,396.22,396.5,375
2026-05-18T18:12:00+00:00,396.5,396.68,396.13,396.13,398
2026-05-18T18:15:00+00:00,396.13,396.15,395.08,395.25,511
2026-05-18T18:18:00+00:00,395.25,395.29,394.68,394.68,476
2026-05-18T18:21:00+00:00,394.68,395.09,394.51,394.63,503
2026-05-18T18:24:00+00:00,394.63,395.1,394.53,394.81,547
2026-05-18T18:27:00+00:00,394.81,395.28,394.52,394.83,694
2026-05-18T18:30:00+00:00,394.83,395.08,394.76,394.78,405
2026-05-18T18:33:00+00:00,394.78,394.81,394.31,394.45,309
2026-05-18T18:36:00+00:00,394.45,394.64,393.92,394.05,391
2026-05-18T18:39:00+00:00,394.05,394.24,393.79,393.83,444
2026-05-18T18:42:00+00:00,393.83,394.31,393.81,393.97,441
2026-05-18T18:45:00+00:00,393.97,394.26,393.82,393.82,458
2026-05-18T18:48:00+00:00,393.82,393.97,393.56,393.8,487
2026-05-18T18:51:00+00:00,393.8,394.01,393.65,393.67,405
2026-05-18T18:54:00+00:00,393.67,393.71,393.38,393.43,433
2026-05-18T18:57:00+00:00,393.43,393.78,393,393,411
2026-05-18T19:00:00+00:00,393,395.6,392.88,395.22,713
2026-05-18T19:03:00+00:00,395.22,395.4,394.13,395.19,588
2026-05-18T19:06:00+00:00,395.19,395.4,393.91,394.44,581
2026-05-18T19:09:00+00:00,394.44,394.92,394.42,394.76,555
2026-05-18T19:12:00+00:00,394.76,394.91,394.26,394.42,488
2026-05-18T19:15:00+00:00,394.42,394.59,393.75,393.96,501
2026-05-18T19:18:00+00:00,393.96,394.37,393.86,394.2,464
2026-05-18T19:21:00+00:00,394.2,394.28,393.78,393.92,432
2026-05-18T19:24:00+00:00,393.92,393.94,392.92,392.92,389
2026-05-18T19:27:00+00:00,392.92,393.49,392.88,393.29,352
2026-05-18T19:30:00+00:00,393.29,393.84,393.09,393.54,386
2026-05-18T19:33:00+00:00,393.54,393.88,393.36,393.71,381
2026-05-18T19:36:00+00:00,393.71,393.87,393.25,393.48,331
2026-05-18T19:39:00+00:00,393.48,394.25,393.42,393.94,539
2026-05-18T19:42:00+00:00,393.94,394.14,393.88,394.03,451
2026-05-18T19:45:00+00:00,394.03,394.26,393.47,393.64,400
2026-05-18T19:48:00+00:00,393.64,394.08,393.38,393.45,618
2026-05-18T19:51:00+00:00,393.45,393.59,393.08,393.42,564
2026-05-18T19:54:00+00:00,393.42,393.67,392.07,392.17,900
2026-05-18T19:57:00+00:00,392.17,393.27,391.98,393.27,1043
2026-05-19T13:30:00+00:00,393.27,393.27,388.77,389.02,901
2026-05-19T13:33:00+00:00,389.02,390.03,387.53,387.8,673
2026-05-19T13:36:00+00:00,387.8,389.2,387.77,388.43,845
2026-05-19T13:39:00+00:00,388.43,388.81,387.53,388.03,832
2026-05-19T13:42:00+00:00,388.03,388.1,385.88,385.89,745
2026-05-19T13:45:00+00:00,385.89,386.69,384.5,386.25,867
2026-05-19T13:48:00+00:00,386.25,386.71,384.53,384.73,782
2026-05-19T13:51:00+00:00,384.73,384.99,383.91,384.78,800
2026-05-19T13:54:00+00:00,384.78,386.18,384.78,385.18,844
2026-05-19T13:57:00+00:00,385.18,387.31,385.11,387.08,833
2026-05-19T14:00:00+00:00,387.08,388.09,386.88,386.96,747
2026-05-19T14:03:00+00:00,386.96,388.01,386.8,387.11,661
2026-05-19T14:06:00+00:00,387.11,388.25,386.68,387.55,885
2026-05-19T14:09:00+00:00,387.55,389.6,387.51,389.03,814
2026-05-19T14:12:00+00:00,389.03,389.72,387.76,387.79,685
2026-05-19T14:15:00+00:00,387.79,387.79,386.24,386.25,723
2026-05-19T14:18:00+00:00,386.25,387.08,385.79,385.91,733
2026-05-19T14:21:00+00:00,385.91,385.91,384.39,385.27,996
2026-05-19T14:24:00+00:00,385.27,385.82,384.96,385.57,735
2026-05-19T14:27:00+00:00,385.57,386.72,385.54,386.41,856
2026-05-19T14:30:00+00:00,386.41,387.26,385.89,386.9,957
2026-05-19T14:33:00+00:00,386.9,387.22,386.54,387.22,635
2026-05-19T14:36:00+00:00,387.22,387.48,386.71,387.03,596
2026-05-19T14:39:00+00:00,387.03,387.58,386.7,387.44,621
2026-05-19T14:42:00+00:00,387.44,387.9,385.74,385.9,614
2026-05-19T14:45:00+00:00,385.9,386.04,384.76,384.77,521
2026-05-19T14:48:00+00:00,384.77,385.29,384.52,384.96,640
2026-05-19T14:51:00+00:00,384.96,386.03,384.83,385.68,571
2026-05-19T14:54:00+00:00,385.68,385.92,385.09,385.35,497
2026-05-19T14:57:00+00:00,385.35,385.97,385.33,385.88,480
2026-05-19T15:00:00+00:00,385.88,386.34,385.48,385.86,556
2026-05-19T15:03:00+00:00,385.86,386.1,384.88,384.92,552
2026-05-19T15:06:00+00:00,384.92,385.82,384.92,385.44,534
2026-05-19T15:09:00+00:00,385.44,386.19,385.43,385.93,529
2026-05-19T15:12:00+00:00,385.93,385.99,385.13,385.41,414
2026-05-19T15:15:00+00:00,385.41,385.66,385.22,385.4,407
2026-05-19T15:18:00+00:00,385.4,385.63,384.48,384.53,474
2026-05-19T15:21:00+00:00,384.53,385.04,384.36,384.42,553
2026-05-19T15:24:00+00:00,384.42,384.47,383.57,383.68,616
2026-05-19T15:27:00+00:00,383.68,383.84,383.28,383.66,452
2026-05-19T15:30:00+00:00,383.66,384.56,383.59,384.49,469
2026-05-19T15:33:00+00:00,384.49,385.14,384.28,384.5,474
2026-05-19T15:36:00+00:00,384.5,384.96,384.4,384.79,466
2026-05-19T15:39:00+00:00,384.79,384.85,383.78,384.1,463
2026-05-19T15:42:00+00:00,384.1,384.61,383.78,384.59,573
2026-05-19T15:45:00+00:00,384.59,384.59,383.78,383.84,506
2026-05-19T15:48:00+00:00,383.84,384.33,383.61,383.93,479
2026-05-19T15:51:00+00:00,383.93,384.15,383.59,383.79,383
2026-05-19T15:54:00+00:00,383.79,383.97,383.4,383.75,396
2026-05-19T15:57:00+00:00,383.75,383.8,383.28,383.6,462
2026-05-19T16:00:00+00:00,383.6,384.08,383.54,383.98,458
2026-05-19T16:03:00+00:00,383.98,384.88,383.9,384.71,489
2026-05-19T16:06:00+00:00,384.71,384.92,384.18,384.24,398
2026-05-19T16:09:00+00:00,384.24,384.42,383.3,383.31,499
2026-05-19T16:12:00+00:00,383.31,383.36,382.88,382.96,356
2026-05-19T16:15:00+00:00,382.96,383.79,382.96,383.64,449
2026-05-19T16:18:00+00:00,383.64,384.51,383.64,384.49,549
2026-05-19T16:21:00+00:00,384.49,384.65,384.26,384.51,367
2026-05-19T16:24:00+00:00,384.51,384.91,384.45,384.63,417
2026-05-19T16:27:00+00:00,384.63,384.95,384.57,384.7,397
2026-05-19T16:30:00+00:00,384.7,385.28,384.48,384.9,476
2026-05-19T16:33:00+00:00,384.9,384.98,384.51,384.76,351
2026-05-19T16:36:00+00:00,384.76,384.83,384.21,384.72,360
2026-05-19T16:39:00+00:00,384.72,384.94,384.38,384.47,295
2026-05-19T16:42:00+00:00,384.47,384.57,384.21,384.4,301
2026-05-19T16:45:00+00:00,384.4,384.82,384.21,384.8,434
2026-05-19T16:48:00+00:00,384.8,384.8,383.99,384.42,419
2026-05-19T16:51:00+00:00,384.42,386.27,384.42,386.2,344
2026-05-19T16:54:00+00:00,386.2,386.64,386.12,386.6,456
2026-05-19T16:57:00+00:00,386.6,386.8,386.28,386.55,493
2026-05-19T17:00:00+00:00,386.55,387,386.28,386.88,488
2026-05-19T17:03:00+00:00,386.88,388.32,386.78,388.05,508
2026-05-19T17:06:00+00:00,388.05,388.68,387.9,388.07,642
2026-05-19T17:09:00+00:00,388.07,388.23,387.89,387.99,432
2026-05-19T17:12:00+00:00,387.99,388.32,387.69,387.94,451
2026-05-19T17:15:00+00:00,387.94,389.26,387.81,388.64,522
2026-05-19T17:18:00+00:00,388.64,389.54,388.38,389.5,472
2026-05-19T17:21:00+00:00,389.5,390.02,388.59,389.2,495
2026-05-19T17:24:00+00:00,389.2,390.13,387.65,387.66,597
2026-05-19T17:27:00+00:00,387.66,388.23,387.2,387.97,502
2026-05-19T17:30:00+00:00,387.97,388.49,387.16,387.37,435
2026-05-19T17:33:00+00:00,387.37,387.47,386.56,386.76,386
2026-05-19T17:36:00+00:00,386.76,387.34,386.48,386.55,363
2026-05-19T17:39:00+00:00,386.55,386.87,386.32,386.64,397
2026-05-19T17:42:00+00:00,386.64,386.73,386.14,386.45,373
2026-05-19T17:45:00+00:00,386.45,386.67,386.13,386.18,452
2026-05-19T17:48:00+00:00,386.18,386.44,386.13,386.29,384
2026-05-19T17:51:00+00:00,386.29,386.61,386.2,386.4,410
2026-05-19T17:54:00+00:00,386.4,387.8,386.21,387.2,576
2026-05-19T17:57:00+00:00,387.2,388.12,387.18,387.93,496
2026-05-19T18:00:00+00:00,387.93,388.09,387.43,388.01,462
2026-05-19T18:03:00+00:00,388.01,388.18,387.71,387.8,539
2026-05-19T18:06:00+00:00,387.8,388.03,387.39,387.47,589
2026-05-19T18:09:00+00:00,387.47,387.74,387.22,387.62,590
2026-05-19T18:12:00+00:00,387.62,387.79,387.23,387.38,461
2026-05-19T18:15:00+00:00,387.38,387.64,386.6,386.64,383
2026-05-19T18:18:00+00:00,386.64,386.68,386.38,386.59,296
2026-05-19T18:21:00+00:00,386.59,387.06,386.45,386.93,348
2026-05-19T18:24:00+00:00,386.93,387.21,386.52,386.92,403
2026-05-19T18:27:00+00:00,386.92,386.97,386.29,386.49,334
2026-05-19T18:30:00+00:00,386.49,386.49,386.23,386.33,420
2026-05-19T18:33:00+00:00,386.33,386.65,386.28,386.63,392
2026-05-19T18:36:00+00:00,386.63,386.67,386.23,386.38,358
2026-05-19T18:39:00+00:00,386.38,386.42,386.12,386.37,334
2026-05-19T18:42:00+00:00,386.37,386.43,385.99,386.05,338
2026-05-19T18:45:00+00:00,386.05,386.23,385.88,386.17,362
2026-05-19T18:48:00+00:00,386.17,386.19,385.51,385.9,384
2026-05-19T18:51:00+00:00,385.9,385.98,385.08,385.25,531
2026-05-19T18:54:00+00:00,385.25,385.29,384.89,385.07,436
2026-05-19T18:57:00+00:00,385.07,385.54,384.95,385.4,411
2026-05-19T19:00:00+00:00,385.4,385.69,384.98,385.03,482
2026-05-19T19:03:00+00:00,385.03,385.61,385.01,385.33,438
2026-05-19T19:06:00+00:00,385.33,385.54,385.03,385.46,356
2026-05-19T19:09:00+00:00,385.46,385.87,385.38,385.42,476
2026-05-19T19:12:00+00:00,385.42,386.06,385.27,385.99,511
2026-05-19T19:15:00+00:00,385.99,386.27,385.88,386.07,404
2026-05-19T19:18:00+00:00,386.07,386.63,386.07,386.33,398
2026-05-19T19:21:00+00:00,386.33,386.49,385.49,385.49,495
2026-05-19T19:24:00+00:00,385.49,385.83,385.17,385.71,589
2026-05-19T19:27:00+00:00,385.71,386.19,385.63,386.05,471
2026-05-19T19:30:00+00:00,386.05,386.14,385.66,386.03,449
2026-05-19T19:33:00+00:00,386.03,386.05,385.58,385.6,280
2026-05-19T19:36:00+00:00,385.6,385.69,385.38,385.6,277
2026-05-19T19:39:00+00:00,385.6,385.74,385.38,385.57,284
2026-05-19T19:42:00+00:00,385.57,385.59,385.05,385.09,295
2026-05-19T19:45:00+00:00,385.09,385.24,384.88,385.01,399
2026-05-19T19:48:00+00:00,385.01,385.12,384.59,385.03,631
2026-05-19T19:51:00+00:00,385.03,385.06,384.56,384.73,766
2026-05-19T19:54:00+00:00,384.73,384.78,383.71,384.09,1022
2026-05-19T19:57:00+00:00,384.09,385.03,383.87,384.98,1588
2026-05-20T13:30:00+00:00,384.98,389.36,383.89,387.89,1225
2026-05-20T13:33:00+00:00,387.89,390.46,387.26,388.05,1468
2026-05-20T13:36:00+00:00,388.05,388.29,384.99,385.01,1768
2026-05-20T13:39:00+00:00,385.01,386.95,384.97,386.16,1549
2026-05-20T13:42:00+00:00,386.16,386.3,384.81,385.74,1601
2026-05-20T13:45:00+00:00,385.74,386.14,384.61,385.58,1542
2026-05-20T13:48:00+00:00,385.58,386.05,384.89,384.89,1189
2026-05-20T13:51:00+00:00,384.89,385.36,383.94,384.78,1237
2026-05-20T13:54:00+00:00,384.78,385.01,382.42,382.53,1466
2026-05-20T13:57:00+00:00,382.53,384.12,382.25,383.74,1285
2026-05-20T14:00:00+00:00,383.74,383.85,382.59,382.64,1163
2026-05-20T14:03:00+00:00,382.64,382.84,380.77,380.81,1174
2026-05-20T14:06:00+00:00,380.81,382.11,380.65,381.6,1176
2026-05-20T14:09:00+00:00,381.6,381.82,380.19,380.2,1198
2026-05-20T14:12:00+00:00,380.2,381.98,379.88,380.97,1545
2026-05-20T14:15:00+00:00,380.97,382.94,380.97,382.22,1353
2026-05-20T14:18:00+00:00,382.22,383.88,381.38,383.61,1561
2026-05-20T14:21:00+00:00,383.61,383.84,382.72,383.37,1292
2026-05-20T14:24:00+00:00,383.37,383.38,382.46,382.59,1481
2026-05-20T14:27:00+00:00,382.59,382.73,381.76,381.9,1025
2026-05-20T14:30:00+00:00,381.9,382.56,381.76,381.84,961
2026-05-20T14:33:00+00:00,381.84,382.39,381.48,381.57,1090
2026-05-20T14:36:00+00:00,381.57,382.21,381.53,381.71,1180
2026-05-20T14:39:00+00:00,381.71,381.91,381.38,381.55,791
2026-05-20T14:42:00+00:00,381.55,382.09,381.19,382.09,757
2026-05-20T14:45:00+00:00,382.09,382.19,381.48,381.49,722
2026-05-20T14:48:00+00:00,381.49,381.89,381.12,381.13,668
2026-05-20T14:51:00+00:00,381.13,381.76,381,381.76,678
2026-05-20T14:54:00+00:00,381.76,382.64,381.74,382.36,665
2026-05-20T14:57:00+00:00,382.36,382.6,-1402.1399999999999,-1401.56,690.9037232042122
2026-05-20T15:00:00+00:00,382.19,382.83,382.13,382.55,764
2026-05-20T15:03:00+00:00,382.55,382.71,381.88,382.12,826
2026-05-20T15:06:00+00:00,382.12,382.26,381.12,381.24,894
2026-05-20T15:09:00+00:00,381.24,381.57,381.22,381.35,504
2026-05-20T15:12:00+00:00,381.35,381.52,381.13,381.38,455
2026-05-20T15:15:00+00:00,381.38,383.46,381.38,382.15,1637
2026-05-20T15:18:00+00:00,382.15,382.66,381.89,382.65,1194
2026-05-20T15:21:00+00:00,382.65,382.75,381.79,381.8,1048
2026-05-20T15:24:00+00:00,381.8,382.08,381.26,381.55,923
2026-05-20T15:27:00+00:00,381.55,381.74,380.98,381.03,819
2026-05-20T15:30:00+00:00,381.03,381.68,380.98,381.3,680
2026-05-20T15:33:00+00:00,381.3,381.43,380.93,381.4,485
2026-05-20T15:36:00+00:00,381.4,381.69,381.13,381.54,792
2026-05-20T15:39:00+00:00,381.54,381.72,381.46,381.64,648
2026-05-20T15:42:00+00:00,381.64,382.27,381.58,382.23,566
2026-05-20T15:45:00+00:00,382.23,383.17,382.2,382.91,598
2026-05-20T15:48:00+00:00,382.91,383.93,382.79,383.51,555
2026-05-20T15:51:00+00:00,383.51,383.84,383.28,383.54,613
2026-05-20T15:54:00+00:00,383.54,383.73,383.26,383.52,554
2026-05-20T15:57:00+00:00,383.52,383.52,382.65,383.1,851
2026-05-20T16:00:00+00:00,383.1,383.52,382.88,383.48,451
2026-05-20T16:03:00+00:00,383.48,383.59,382.98,383.03,495
2026-05-20T16:06:00+00:00,383.03,383.3,382.73,382.73,572
2026-05-20T16:09:00+00:00,382.73,382.97,382.66,382.66,556
2026-05-20T16:12:00+00:00,382.66,382.88,382.4,382.68,530
2026-05-20T16:15:00+00:00,382.68,382.75,382.21,382.42,816
2026-05-20T16:18:00+00:00,382.42,382.46,381.98,382.01,824
2026-05-20T16:21:00+00:00,382.01,382.01,381.58,381.91,755
2026-05-20T16:24:00+00:00,381.91,382.09,381.6,381.75,883
2026-05-20T16:27:00+00:00,381.75,382.05,381.69,382.05,811
2026-05-20T16:30:00+00:00,382.05,382.17,381.78,381.86,713
2026-05-20T16:33:00+00:00,381.86,381.88,381.31,381.43,546
2026-05-20T16:36:00+00:00,381.43,381.8,381.26,381.75,609
2026-05-20T16:39:00+00:00,381.75,382,381.29,381.82,634
2026-05-20T16:42:00+00:00,381.82,382.29,381.66,382.22,694
2026-05-20T16:45:00+00:00,382.22,382.33,381.65,381.84,576
2026-05-20T16:48:00+00:00,381.84,381.95,381.41,381.78,634
2026-05-20T16:51:00+00:00,381.78,382.09,381.78,381.98,392
2026-05-20T16:54:00+00:00,381.98,382.18,381.59,381.84,498
2026-05-20T16:57:00+00:00,381.84,382.18,381.38,381.83,421
2026-05-20T17:00:00+00:00,381.83,382.23,381.67,382,519
2026-05-20T17:03:00+00:00,382,382.11,381.31,381.38,473
2026-05-20T17:06:00+00:00,381.38,381.49,381.08,381.08,373
2026-05-20T17:09:00+00:00,381.08,381.45,380.88,381.3,490
2026-05-20T17:12:00+00:00,381.3,382.18,381.23,381.96,609
2026-05-20T17:15:00+00:00,381.96,382.09,381.6,381.81,519
2026-05-20T17:18:00+00:00,381.81,382.23,381.75,381.85,431
2026-05-20T17:21:00+00:00,381.85,381.89,381.28,381.38,433
2026-05-20T17:24:00+00:00,381.38,381.62,381.38,381.6,396
2026-05-20T17:27:00+00:00,381.6,381.97,381.5,381.97,419
2026-05-20T17:30:00+00:00,381.97,382.12,381.38,381.54,514
2026-05-20T17:33:00+00:00,381.54,381.6,381.11,381.55,566
2026-05-20T17:36:00+00:00,381.55,382.06,381.44,381.72,459
2026-05-20T17:39:00+00:00,381.72,382.01,381.55,381.72,282
2026-05-20T17:42:00+00:00,381.72,381.83,381.48,381.48,264
2026-05-20T17:45:00+00:00,381.48,381.61,381.36,381.38,339
2026-05-20T17:48:00+00:00,381.38,381.47,381.13,381.39,285
2026-05-20T17:51:00+00:00,381.39,381.54,381.22,381.24,387
2026-05-20T17:54:00+00:00,381.24,382.47,381.24,382.25,862
2026-05-20T17:57:00+00:00,382.25,382.35,381.95,382.22,437
2026-05-20T18:00:00+00:00,382.22,382.6,381.79,382.5,711
2026-05-20T18:03:00+00:00,382.5,382.91,382.39,382.8,656
2026-05-20T18:06:00+00:00,382.8,383.55,382.72,383.12,661
2026-05-20T18:09:00+00:00,383.12,383.28,382.9,383.07,566
2026-05-20T18:12:00+00:00,383.07,383.08,382.79,382.8,424
2026-05-20T18:15:00+00:00,382.8,383.27,382.78,383.2,448
2026-05-20T18:18:00+00:00,383.2,383.47,382.99,383.2,289
2026-05-20T18:21:00+00:00,383.2,383.29,382.83,383.1,366
2026-05-20T18:24:00+00:00,383.1,383.1,382.39,382.58,473
2026-05-20T18:27:00+00:00,382.58,383.02,382.53,383.02,331
2026-05-20T18:30:00+00:00,383.02,383.07,382.67,382.71,300
2026-05-20T18:33:00+00:00,382.71,383.04,382.59,382.94,377
2026-05-20T18:36:00+00:00,382.94,383.63,382.76,383.47,439
2026-05-20T18:39:00+00:00,383.47,383.76,383.38,383.4,341
2026-05-20T18:42:00+00:00,383.4,383.72,383.33,383.35,333
2026-05-20T18:45:00+00:00,383.35,383.74,383.23,383.61,401
2026-05-20T18:48:00+00:00,383.61,383.62,383.25,383.31,307
2026-05-20T18:51:00+00:00,383.31,383.69,383.28,383.67,245
2026-05-20T18:54:00+00:00,383.67,383.95,383.65,383.69,327
2026-05-20T18:57:00+00:00,383.69,384.11,383.68,383.81,285
2026-05-20T19:00:00+00:00,383.81,384.1,383.74,383.9,266
2026-05-20T19:03:00+00:00,383.9,383.9,383.03,383.03,293
2026-05-20T19:06:00+00:00,383.03,383.16,382.81,382.99,336
2026-05-20T19:09:00+00:00,382.99,383.3,382.88,382.99,464
2026-05-20T19:12:00+00:00,382.99,383.46,382.97,383.35,317
2026-05-20T19:15:00+00:00,383.35,383.44,382.96,383.09,370
2026-05-20T19:18:00+00:00,383.09,383.99,383.08,383.88,383
2026-05-20T19:21:00+00:00,383.88,384.06,383.58,383.97,519
2026-05-20T19:24:00+00:00,383.97,384.23,383.63,384.02,471
2026-05-20T19:27:00+00:00,384.02,384.24,383.82,383.91,461
2026-05-20T19:30:00+00:00,383.91,384.27,383.58,384.04,433
2026-05-20T19:33:00+00:00,384.04,384.22,383.88,384.15,347
2026-05-20T19:36:00+00:00,384.15,384.37,384.02,384.04,346
2026-05-20T19:39:00+00:00,384.04,384.56,383.93,384.34,554
2026-05-20T19:42:00+00:00,384.34,384.56,384.22,384.23,268
2026-05-20T19:45:00+00:00,384.23,384.5,383.88,383.88,388
2026-05-20T19:48:00+00:00,383.88,384.54,383.8,384.01,574
2026-05-20T19:51:00+00:00,384.01,384.93,383.89,384.78,675
2026-05-20T19:54:00+00:00,384.78,385.08,383.89,384.78,1187
2026-05-20T19:57:00+00:00,384.78,385.19,384.55,384.72,1081
2026-05-21T13:30:00+00:00,384.72,384.72,379.33,380.6,737
2026-05-21T13:33:00+00:00,380.6,381.44,380.24,380.83,783
2026-05-21T13:36:00+00:00,380.83,382.46,380.7,381.33,916
2026-05-21T13:39:00+00:00,381.33,382.35,381.02,382,818
2026-05-21T13:42:00+00:00,382,382.87,381.88,382.54,487
2026-05-21T13:45:00+00:00,382.54,382.89,381.51,381.76,1019
2026-05-21T13:48:00+00:00,381.76,382.22,381.55,381.99,914
2026-05-21T13:51:00+00:00,381.99,382.48,381.38,381.81,1141
2026-05-21T13:54:00+00:00,381.81,382.36,380.9,381.21,1266
2026-05-21T13:57:00+00:00,381.21,381.97,380.89,381.8,1052
2026-05-21T14:00:00+00:00,381.8,382.13,381.09,381.12,789
2026-05-21T14:03:00+00:00,381.12,381.2,379.48,379.78,827
2026-05-21T14:06:00+00:00,379.78,380.33,379.38,380.25,863
2026-05-21T14:09:00+00:00,380.25,381.49,380.25,380.74,937
2026-05-21T14:12:00+00:00,380.74,380.77,379.88,380.21,915
2026-05-21T14:15:00+00:00,380.21,381.97,380.16,381.75,1020
2026-05-21T14:18:00+00:00,381.75,382.18,381.39,381.39,993
2026-05-21T14:21:00+00:00,381.39,381.76,380.65,381.51,1002
2026-05-21T14:24:00+00:00,381.51,381.92,381.1,381.52,659
2026-05-21T14:27:00+00:00,381.52,382.58,381.41,382.53,780
2026-05-21T14:30:00+00:00,382.53,383.75,382.44,383.59,758
2026-05-21T14:33:00+00:00,383.59,384.4,383.47,384.13,776
2026-05-21T14:36:00+00:00,384.13,384.28,383.88,384.19,579
2026-05-21T14:39:00+00:00,384.19,384.26,383.39,383.73,747
2026-05-21T14:42:00+00:00,383.73,384.06,383.46,383.96,709
2026-05-21T14:45:00+00:00,383.96,384.14,383.59,383.64,834
2026-05-21T14:48:00+00:00,383.64,384.24,383.52,383.57,1112
2026-05-21T14:51:00+00:00,383.57,384.4,383.53,384.12,789
2026-05-21T14:54:00+00:00,384.12,385.07,383.92,385.02,689
2026-05-21T14:57:00+00:00,385.02,385.27,384.63,384.63,596
2026-05-21T15:00:00+00:00,384.63,385.21,384.18,385.17,523
2026-05-21T15:03:00+00:00,385.17,385.18,384.34,384.42,412
2026-05-21T15:06:00+00:00,384.42,384.76,383.91,384.09,653
2026-05-21T15:09:00+00:00,384.09,384.56,383.79,384.46,574
2026-05-21T15:12:00+00:00,384.46,385.34,384.15,385.27,613
2026-05-21T15:15:00+00:00,385.27,385.31,384.74,384.99,436
2026-05-21T15:18:00+00:00,384.99,385.43,384.79,385.34,383
2026-05-21T15:21:00+00:00,385.34,385.35,384.88,384.91,463
2026-05-21T15:24:00+00:00,384.91,384.99,384.44,384.66,633
2026-05-21T15:27:00+00:00,384.66,385.38,384.61,385.17,523
2026-05-21T15:30:00+00:00,385.17,385.61,384.98,385.05,542
2026-05-21T15:33:00+00:00,385.05,385.59,384.88,385.45,514
2026-05-21T15:36:00+00:00,385.45,386.1,385.07,386.02,555
2026-05-21T15:39:00+00:00,386.02,386.52,385.6,385.62,481
2026-05-21T15:42:00+00:00,385.62,386.44,385.6,386.04,470
2026-05-21T15:45:00+00:00,386.04,386.28,385.7,385.91,440
2026-05-21T15:48:00+00:00,385.91,386.01,385.28,385.33,504
2026-05-21T15:51:00+00:00,385.33,385.59,385.22,385.58,363
2026-05-21T15:54:00+00:00,385.58,385.67,385.22,385.49,477
2026-05-21T15:57:00+00:00,385.49,385.8,385.24,385.48,476
2026-05-21T16:00:00+00:00,385.48,386.19,385.46,385.6,516
2026-05-21T16:03:00+00:00,385.6,385.98,385.58,385.6,304
2026-05-21T16:06:00+00:00,385.6,385.87,385.22,385.66,329
2026-05-21T16:09:00+00:00,385.66,385.84,385.24,385.73,348
2026-05-21T16:12:00+00:00,385.73,385.79,385.11,385.34,401
2026-05-21T16:15:00+00:00,385.34,385.63,385.04,385.46,440
2026-05-21T16:18:00+00:00,385.46,385.84,385.21,385.31,330
2026-05-21T16:21:00+00:00,385.31,385.4,384.78,384.97,361
2026-05-21T16:24:00+00:00,384.97,385.29,384.8,384.82,278
2026-05-21T16:27:00+00:00,384.82,385.19,384.8,384.98,361
2026-05-21T16:30:00+00:00,384.98,385.19,384.76,384.98,426
2026-05-21T16:33:00+00:00,384.98,385.2,384.67,384.82,360
2026-05-21T16:36:00+00:00,384.82,384.88,383.9,383.96,355
2026-05-21T16:39:00+00:00,383.96,384.16,383.89,384.03,271
2026-05-21T16:42:00+00:00,384.03,384.45,384.03,384.14,307
2026-05-21T16:45:00+00:00,384.14,384.43,383.68,383.92,315
2026-05-21T16:48:00+00:00,383.92,383.92,383.44,383.5,324
2026-05-21T16:51:00+00:00,383.5,384.09,383.43,383.83,348
2026-05-21T16:54:00+00:00,383.83,384.31,383.66,384.08,330
2026-05-21T16:57:00+00:00,384.08,384.27,383.95,384.1,331
2026-05-21T17:00:00+00:00,384.1,384.4,384.03,384.27,345
2026-05-21T17:03:00+00:00,384.27,384.6,384.23,384.4,305
2026-05-21T17:06:00+00:00,384.4,384.44,384.04,384.2,314
2026-05-21T17:09:00+00:00,384.2,385.16,384.07,384.78,573
2026-05-21T17:12:00+00:00,384.78,385.02,384.09,384.97,599
2026-05-21T17:15:00+00:00,384.97,386.39,384.92,385.79,900
2026-05-21T17:18:00+00:00,385.79,386.56,385.04,386.52,849
2026-05-21T17:21:00+00:00,386.52,386.98,385.06,385.57,1044
2026-05-21T17:24:00+00:00,385.57,386.19,385.55,385.9,742
2026-05-21T17:27:00+00:00,385.9,386.54,385.7,386.31,581
2026-05-21T17:30:00+00:00,386.31,386.69,386.27,386.35,550
2026-05-21T17:33:00+00:00,386.35,386.63,385.88,386.4,689
2026-05-21T17:36:00+00:00,386.4,386.46,386.17,386.2,539
2026-05-21T17:39:00+00:00,386.2,387.22,386.17,387.06,456
2026-05-21T17:42:00+00:00,387.06,387.17,386.73,386.93,497
2026-05-21T17:45:00+00:00,386.93,387.06,386.23,386.8,385
2026-05-21T17:48:00+00:00,386.8,387.48,386.76,387.26,352
2026-05-21T17:51:00+00:00,387.26,387.94,387.26,387.88,487
2026-05-21T17:54:00+00:00,387.88,388.4,387.86,387.96,610
2026-05-21T17:57:00+00:00,387.96,388.51,387.83,387.85,524
2026-05-21T18:00:00+00:00,387.85,387.99,386.94,387.12,708
2026-05-21T18:03:00+00:00,387.12,387.26,386.17,386.23,769
2026-05-21T18:06:00+00:00,386.23,386.75,386.21,386.69,470
2026-05-21T18:09:00+00:00,386.69,386.71,386.17,386.25,524
2026-05-21T18:12:00+00:00,386.25,386.3,385.8,385.89,355
2026-05-21T18:15:00+00:00,385.89,386.26,385.86,386.16,325
2026-05-21T18:18:00+00:00,386.16,386.68,386.16,386.64,307
2026-05-21T18:21:00+00:00,386.64,387.01,386.47,386.54,292
2026-05-21T18:24:00+00:00,386.54,386.7,386.47,386.49,289
2026-05-21T18:27:00+00:00,386.49,386.73,386.38,386.4,271
2026-05-21T18:30:00+00:00,386.4,386.63,386.02,386.04,480
2026-05-21T18:33:00+00:00,386.04,386.45,386.02,386.3,369
2026-05-21T18:36:00+00:00,386.3,386.61,386.01,386.2,432
2026-05-21T18:39:00+00:00,386.2,386.56,386,386.37,383
2026-05-21T18:42:00+00:00,386.37,386.76,386.34,386.66,471
2026-05-21T18:45:00+00:00,386.66,386.83,386.24,386.55,442
2026-05-21T18:48:00+00:00,386.55,386.61,385.89,386.5,870
2026-05-21T18:51:00+00:00,386.5,386.5,384.89,385.28,1026
2026-05-21T18:54:00+00:00,385.28,385.43,384.12,384.52,1191
2026-05-21T18:57:00+00:00,384.52,384.64,384.09,384.62,670
2026-05-21T19:00:00+00:00,384.62,384.87,384.09,384.16,638
2026-05-21T19:03:00+00:00,384.16,384.75,384.13,384.4,446
2026-05-21T19:06:00+00:00,384.4,384.78,383.91,384.67,484
2026-05-21T19:09:00+00:00,384.67,384.91,384.08,384.39,448
2026-05-21T19:12:00+00:00,384.39,384.66,384.26,384.5,306
2026-05-21T19:15:00+00:00,384.5,384.64,384.14,384.41,380
2026-05-21T19:18:00+00:00,384.41,384.69,384.28,384.54,234
2026-05-21T19:21:00+00:00,384.54,384.6,384.24,384.28,253
2026-05-21T19:24:00+00:00,384.28,384.77,384.28,384.68,292
2026-05-21T19:27:00+00:00,384.68,384.99,384.49,384.91,264
2026-05-21T19:30:00+00:00,384.91,385.26,384.58,384.63,297
2026-05-21T19:33:00+00:00,384.63,384.72,384.36,384.55,216
2026-05-21T19:36:00+00:00,384.55,384.64,384.16,384.23,280
2026-05-21T19:39:00+00:00,384.23,384.61,384.19,384.2,276
2026-05-21T19:42:00+00:00,384.2,384.43,384.07,384.26,310
2026-05-21T19:45:00+00:00,384.26,384.42,384.11,384.39,351
2026-05-21T19:48:00+00:00,384.39,384.67,383.88,384.31,504
2026-05-21T19:51:00+00:00,384.31,384.34,383.16,383.2,731
2026-05-21T19:54:00+00:00,383.2,383.25,381.62,382.9,1190
2026-05-21T19:57:00+00:00,382.9,383.47,382.36,383.23,1305
2026-05-22T13:30:00+00:00,383.23,383.23,381.06,382.64,505
2026-05-22T13:33:00+00:00,382.64,382.98,381.88,382.83,675
2026-05-22T13:36:00+00:00,382.83,383.16,382.39,382.85,920
2026-05-22T13:39:00+00:00,382.85,383.13,381.4,381.44,1239
2026-05-22T13:42:00+00:00,381.44,381.94,380.48,381.54,880
2026-05-22T13:45:00+00:00,381.54,382.21,381.32,381.75,640
2026-05-22T13:48:00+00:00,381.75,381.99,381.16,381.33,575
2026-05-22T13:51:00+00:00,381.33,381.56,381.03,381.39,825
2026-05-22T13:54:00+00:00,381.39,382.1,381.37,381.83,568
2026-05-22T13:57:00+00:00,381.83,382.29,381.48,382.15,474
2026-05-22T14:00:00+00:00,382.15,382.15,380.19,380.25,755
2026-05-22T14:03:00+00:00,380.25,381.18,380.18,381.02,599
2026-05-22T14:06:00+00:00,381.02,381.39,380.38,380.82,567
2026-05-22T14:09:00+00:00,380.82,381.3,380.39,381.11,611
2026-05-22T14:12:00+00:00,381.11,381.42,380.94,381.23,487
2026-05-22T14:15:00+00:00,381.23,382.1,381.21,382.1,396
2026-05-22T14:18:00+00:00,382.1,382.36,381.39,381.49,535
2026-05-22T14:21:00+00:00,381.49,382.04,381.28,381.76,553
2026-05-22T14:24:00+00:00,381.76,382.97,381.74,382.45,613
2026-05-22T14:27:00+00:00,382.45,383.12,382.33,382.9,713
2026-05-22T14:30:00+00:00,382.9,383.02,382.49,382.65,628
2026-05-22T14:33:00+00:00,382.65,382.78,382.2,382.42,622
2026-05-22T14:36:00+00:00,382.42,382.57,382.04,382.53,493
2026-05-22T14:39:00+00:00,382.53,383.11,382.22,383.09,486
2026-05-22T14:42:00+00:00,383.09,383.33,382.8,383.1,408
2026-05-22T14:45:00+00:00,383.1,383.31,382.79,382.81,516
2026-05-22T14:48:00+00:00,382.81,383.27,382.8,383.09,374
2026-05-22T14:51:00+00:00,383.09,383.66,382.96,383.55,406
2026-05-22T14:54:00+00:00,383.55,383.88,383.26,383.71,409
2026-05-22T14:57:00+00:00,383.71,383.76,-1400.29,-1400.06,340.3345854574725
2026-05-22T15:00:00+00:00,383.76,383.87,383.2,383.35,364
2026-05-22T15:03:00+00:00,383.35,384.25,383.35,384.08,488
2026-05-22T15:06:00+00:00,384.08,384.24,384,384.22,333
2026-05-22T15:09:00+00:00,384.22,384.74,384.16,384.38,333
2026-05-22T15:12:00+00:00,384.38,384.63,384.17,384.35,327
2026-05-22T15:15:00+00:00,384.35,384.65,384.28,384.42,319
2026-05-22T15:18:00+00:00,384.42,384.42,383.88,384,412
2026-05-22T15:21:00+00:00,384,384,383.15,383.29,366
2026-05-22T15:24:00+00:00,383.29,383.39,382.55,382.65,369
2026-05-22T15:27:00+00:00,382.65,383.11,382.59,383.05,288
2026-05-22T15:30:00+00:00,383.05,383.14,382.78,382.9,339
2026-05-22T15:33:00+00:00,382.9,383.08,382.84,383.05,245
2026-05-22T15:36:00+00:00,383.05,383.38,383.02,383.2,328
2026-05-22T15:39:00+00:00,383.2,383.3,383.11,383.15,278
2026-05-22T15:42:00+00:00,383.15,383.39,383.02,383.37,170
2026-05-22T15:45:00+00:00,383.37,383.51,382.86,382.93,277
2026-05-22T15:48:00+00:00,382.93,383.04,382.78,382.96,319
2026-05-22T15:51:00+00:00,382.96,383.1,382.73,383.06,315
2026-05-22T15:54:00+00:00,383.06,383.11,382.76,382.97,362
2026-05-22T15:57:00+00:00,382.97,383.08,382.84,382.96,269
2026-05-22T16:00:00+00:00,382.96,382.97,382.64,382.9,351
2026-05-22T16:03:00+00:00,382.9,383.13,382.74,383.03,446
2026-05-22T16:06:00+00:00,383.03,383.06,382.78,382.89,560
2026-05-22T16:09:00+00:00,382.89,383.03,382.68,382.81,489
2026-05-22T16:12:00+00:00,382.81,382.84,382.38,382.38,440
2026-05-22T16:15:00+00:00,382.38,382.44,381.78,381.91,667
2026-05-22T16:18:00+00:00,381.91,382.06,381.76,381.95,583
2026-05-22T16:21:00+00:00,381.95,382.22,381.95,381.96,388
2026-05-22T16:24:00+00:00,381.96,382.13,381.88,382.04,349
2026-05-22T16:27:00+00:00,382.04,382.14,381.88,382.01,295
2026-05-22T16:30:00+00:00,382.01,382.24,381.99,382.04,397
2026-05-22T16:33:00+00:00,382.04,382.05,381.47,381.64,583
2026-05-22T16:36:00+00:00,381.64,381.85,381.58,381.62,308
2026-05-22T16:39:00+00:00,381.62,381.77,381.42,381.73,404
2026-05-22T16:42:00+00:00,381.73,381.84,381.58,381.61,293
2026-05-22T16:45:00+00:00,381.61,382.1,381.6,381.99,411
2026-05-22T16:48:00+00:00,381.99,382.09,381.74,381.96,345
2026-05-22T16:51:00+00:00,381.96,382.24,381.94,382.12,451
2026-05-22T16:54:00+00:00,382.12,382.26,382.08,382.2,424
2026-05-22T16:57:00+00:00,382.2,382.2,381.94,382.09,391
2026-05-22T17:00:00+00:00,382.09,382.28,382,382.22,424
2026-05-22T17:03:00+00:00,382.22,382.37,382.12,382.19,271
2026-05-22T17:06:00+00:00,382.19,382.2,381.88,381.89,366
2026-05-22T17:09:00+00:00,381.89,382.02,381.47,381.97,367
2026-05-22T17:12:00+00:00,381.97,382.03,381.75,381.89,258
2026-05-22T17:15:00+00:00,381.89,382.05,381.8,381.95,238
2026-05-22T17:18:00+00:00,381.95,382.02,381.1,381.4,505
2026-05-22T17:21:00+00:00,381.4,381.51,381.13,381.16,217
2026-05-22T17:24:00+00:00,381.16,381.52,381.13,381.47,190
2026-05-22T17:27:00+00:00,381.47,382.19,381.38,382.13,586
2026-05-22T17:30:00+00:00,382.13,382.45,381.61,382.06,492
2026-05-22T17:33:00+00:00,382.06,382.13,381.78,381.78,231
2026-05-22T17:36:00+00:00,381.78,381.89,381.62,381.75,272
2026-05-22T17:39:00+00:00,381.75,381.9,381.59,381.69,248
2026-05-22T17:42:00+00:00,381.69,382.06,381.65,381.66,218
2026-05-22T17:45:00+00:00,381.66,381.81,381.58,381.72,221
2026-05-22T17:48:00+00:00,381.72,381.81,381.5,381.6,289
2026-05-22T17:51:00+00:00,381.6,381.75,381.42,381.42,284
2026-05-22T17:54:00+00:00,381.42,381.5,381.08,381.08,251
2026-05-22T17:57:00+00:00,381.08,381.26,380.89,380.9,216
2026-05-22T18:00:00+00:00,380.9,381.05,380.58,380.98,293
2026-05-22T18:03:00+00:00,380.98,381.06,380.29,380.43,325
2026-05-22T18:06:00+00:00,380.43,380.79,380.33,380.76,210
2026-05-22T18:09:00+00:00,380.76,380.97,380.54,380.57,184
2026-05-22T18:12:00+00:00,380.57,380.68,380.48,380.52,152
2026-05-22T18:15:00+00:00,380.52,380.58,380.28,380.46,239
2026-05-22T18:18:00+00:00,380.46,380.67,380.44,380.54,227
2026-05-22T18:21:00+00:00,380.54,380.75,380.48,380.48,191
2026-05-22T18:24:00+00:00,380.48,380.62,380.44,380.46,164
2026-05-22T18:27:00+00:00,380.46,380.57,380.24,380.42,221
2026-05-22T18:30:00+00:00,380.42,380.94,380.4,380.82,278
2026-05-22T18:33:00+00:00,380.82,380.91,380.7,380.82,230
2026-05-22T18:36:00+00:00,380.82,380.9,380.49,380.62,217
2026-05-22T18:39:00+00:00,380.62,381.18,380.6,380.87,319
2026-05-22T18:42:00+00:00,380.87,381.08,380.78,380.88,232
2026-05-22T18:45:00+00:00,380.88,380.98,380.6,380.6,246
2026-05-22T18:48:00+00:00,380.6,380.8,380.49,380.53,191
2026-05-22T18:51:00+00:00,380.53,380.78,380.32,380.54,234
2026-05-22T18:54:00+00:00,380.54,380.78,380.44,380.73,251
2026-05-22T18:57:00+00:00,380.73,380.81,380.59,380.69,208
2026-05-22T19:00:00+00:00,380.69,381.07,380.43,380.43,336
2026-05-22T19:03:00+00:00,380.43,380.68,380.33,380.34,269
2026-05-22T19:06:00+00:00,380.34,380.39,379.81,379.85,299
2026-05-22T19:09:00+00:00,379.85,380.06,379.77,379.84,239
2026-05-22T19:12:00+00:00,379.84,379.91,379.23,379.31,279
2026-05-22T19:15:00+00:00,379.31,379.59,379.14,379.49,322
2026-05-22T19:18:00+00:00,379.49,379.54,379.26,379.31,282
2026-05-22T19:21:00+00:00,379.31,379.45,379.01,379.29,467
2026-05-22T19:24:00+00:00,379.29,379.53,379.27,379.32,489
2026-05-22T19:27:00+00:00,379.32,379.4,378.82,378.89,652
2026-05-22T19:30:00+00:00,378.89,379.18,378.73,379.13,289
2026-05-22T19:33:00+00:00,379.13,379.35,379.08,379.35,253
2026-05-22T19:36:00+00:00,379.35,379.36,378.88,379.06,232
2026-05-22T19:39:00+00:00,379.06,379.18,378.68,378.7,255
2026-05-22T19:42:00+00:00,378.7,378.7,378.39,378.63,195
2026-05-22T19:45:00+00:00,378.63,378.67,378.23,378.34,285
2026-05-22T19:48:00+00:00,378.34,378.94,378.13,378.91,577
2026-05-22T19:51:00+00:00,378.91,379.06,378.38,379,439
2026-05-22T19:54:00+00:00,379,379.58,378.88,379.34,626
2026-05-22T19:57:00+00:00,379.34,379.49,378.66,379.4,621
2026-05-26T13:30:00+00:00,379.4,382.53,379.4,380.91,769
2026-05-26T13:33:00+00:00,380.91,381.28,379.68,379.71,594
2026-05-26T13:36:00+00:00,379.71,380.66,378.99,380.12,1068
2026-05-26T13:39:00+00:00,380.12,380.8,379.72,380.55,698
2026-05-26T13:42:00+00:00,380.55,381.33,380.48,380.98,704
2026-05-26T13:45:00+00:00,380.98,381.59,380.62,381.07,649
2026-05-26T13:48:00+00:00,381.07,381.4,380.39,380.41,650
2026-05-26T13:51:00+00:00,380.41,381.17,380.18,380.78,684
2026-05-26T13:54:00+00:00,380.78,381.78,380.76,381.67,555
2026-05-26T13:57:00+00:00,381.67,383.24,381.59,383.24,580
2026-05-26T14:00:00+00:00,383.24,383.36,382.55,382.97,648
2026-05-26T14:03:00+00:00,382.97,383.99,382.93,383.79,624
2026-05-26T14:06:00+00:00,383.79,383.98,383.21,383.22,567
2026-05-26T14:09:00+00:00,383.22,383.38,383.02,383.35,485
2026-05-26T14:12:00+00:00,383.35,384.05,383.04,384.04,443
2026-05-26T14:15:00+00:00,384.04,384.16,383.65,383.97,493
2026-05-26T14:18:00+00:00,383.97,384.23,383.39,384.2,633
2026-05-26T14:21:00+00:00,384.2,384.27,383.13,383.16,482
2026-05-26T14:24:00+00:00,383.16,383.26,382.82,382.98,427
2026-05-26T14:27:00+00:00,382.98,383.49,382.98,383.31,573
2026-05-26T14:30:00+00:00,383.31,383.61,382.92,383.59,579
2026-05-26T14:33:00+00:00,383.59,383.73,383.27,383.67,573
2026-05-26T14:36:00+00:00,383.67,383.92,383.28,383.66,562
2026-05-26T14:39:00+00:00,383.66,383.68,382.68,382.86,543
2026-05-26T14:42:00+00:00,382.86,382.9,381.9,382.18,497
2026-05-26T14:45:00+00:00,382.18,382.58,382.14,382.35,515
2026-05-26T14:48:00+00:00,382.35,382.55,381.84,381.87,470
2026-05-26T14:51:00+00:00,381.87,382.48,381.83,382.44,547
2026-05-26T14:54:00+00:00,382.44,382.73,382.21,382.59,699
2026-05-26T14:57:00+00:00,382.59,384.09,382.59,384.09,815
2026-05-26T15:00:00+00:00,384.09,384.26,383.77,384.05,853
2026-05-26T15:03:00+00:00,384.05,384.58,383.68,384.02,924
2026-05-26T15:06:00+00:00,384.02,385.16,383.72,385.11,893
2026-05-26T15:09:00+00:00,385.11,385.25,384.07,384.2,631
2026-05-26T15:12:00+00:00,384.2,384.51,384.03,384.05,594
2026-05-26T15:15:00+00:00,384.05,384.05,383.29,383.35,616
2026-05-26T15:18:00+00:00,383.35,383.4,382.1,382.15,684
2026-05-26T15:21:00+00:00,382.15,382.22,381.95,382.04,804
2026-05-26T15:24:00+00:00,382.04,382.48,381.9,382.35,578
2026-05-26T15:27:00+00:00,382.35,382.45,381.78,382,698
2026-05-26T15:30:00+00:00,382,382.34,381.88,382.04,822
2026-05-26T15:33:00+00:00,382.04,382.13,381.64,381.9,717
2026-05-26T15:36:00+00:00,381.9,382.14,381.65,382.02,621
2026-05-26T15:39:00+00:00,382.02,382.36,381.9,382.25,673
2026-05-26T15:42:00+00:00,382.25,382.66,382.11,382.45,687
2026-05-26T15:45:00+00:00,382.45,382.67,381.88,382.6,675
2026-05-26T15:48:00+00:00,382.6,382.88,382.4,382.56,467
2026-05-26T15:51:00+00:00,382.56,383.01,382.52,382.83,452
2026-05-26T15:54:00+00:00,382.83,383.05,382.54,382.64,595
2026-05-26T15:57:00+00:00,382.64,382.7,382.13,382.44,560
2026-05-26T16:00:00+00:00,382.44,382.56,382.05,382.45,465
2026-05-26T16:03:00+00:00,382.45,382.45,381.88,381.91,475
2026-05-26T16:06:00+00:00,381.91,382.02,381.79,381.99,302
2026-05-26T16:09:00+00:00,381.99,382.25,381.93,382.12,383
2026-05-26T16:12:00+00:00,382.12,382.75,382.09,382.44,467
2026-05-26T16:15:00+00:00,382.44,382.99,382.38,382.89,367
2026-05-26T16:18:00+00:00,382.89,383.15,382.68,382.7,359
2026-05-26T16:21:00+00:00,382.7,382.74,382.2,382.25,323
2026-05-26T16:24:00+00:00,382.25,382.5,382.06,382.5,309
2026-05-26T16:27:00+00:00,382.5,382.84,382.4,382.69,330
2026-05-26T16:30:00+00:00,382.69,383.07,382.66,383.04,277
2026-05-26T16:33:00+00:00,383.04,383.17,382.88,383.03,265
2026-05-26T16:36:00+00:00,383.03,383.04,382.26,382.41,331
2026-05-26T16:39:00+00:00,382.41,382.55,381.99,382.06,302
2026-05-26T16:42:00+00:00,382.06,382.32,382.04,382.12,234
2026-05-26T16:45:00+00:00,382.12,382.35,382,382.2,229
2026-05-26T16:48:00+00:00,382.2,382.37,382,382.25,422
2026-05-26T16:51:00+00:00,382.25,382.34,382.06,382.3,262
2026-05-26T16:54:00+00:00,382.3,382.73,382.24,382.49,361
2026-05-26T16:57:00+00:00,382.49,382.62,382.08,382.39,369
2026-05-26T17:00:00+00:00,382.39,382.52,382.2,382.51,286
2026-05-26T17:03:00+00:00,382.51,382.6,382.19,382.24,288
2026-05-26T17:06:00+00:00,382.24,382.69,382.21,382.38,270
2026-05-26T17:09:00+00:00,382.38,382.39,382,382.1,366
2026-05-26T17:12:00+00:00,382.1,382.23,381.9,381.95,287
2026-05-26T17:15:00+00:00,381.95,381.97,381.18,381.69,403
2026-05-26T17:18:00+00:00,381.69,382.22,381.69,381.92,345
2026-05-26T17:21:00+00:00,381.92,382.32,381.88,382,322
2026-05-26T17:24:00+00:00,382,382.15,381.74,382.1,466
2026-05-26T17:27:00+00:00,382.1,382.2,381.74,381.75,275
2026-05-26T17:30:00+00:00,381.75,382.1,381.58,382.09,396
2026-05-26T17:33:00+00:00,382.09,382.15,381.96,382.07,324
2026-05-26T17:36:00+00:00,382.07,382.27,381.93,381.95,268
2026-05-26T17:39:00+00:00,381.95,382.07,381.64,381.93,291
2026-05-26T17:42:00+00:00,381.93,382.39,381.9,382.33,233
2026-05-26T17:45:00+00:00,382.33,382.34,382.06,382.21,169
2026-05-26T17:48:00+00:00,382.21,382.79,382.21,382.68,245
2026-05-26T17:51:00+00:00,382.68,382.87,382.44,382.73,204
2026-05-26T17:54:00+00:00,382.73,382.84,382.43,382.51,208
2026-05-26T17:57:00+00:00,382.51,382.64,382.31,382.56,290
2026-05-26T18:00:00+00:00,382.56,382.56,382.02,382.29,281
2026-05-26T18:03:00+00:00,382.29,382.51,382.17,382.39,303
2026-05-26T18:06:00+00:00,382.39,382.61,382.38,382.51,201
2026-05-26T18:09:00+00:00,382.51,383.01,382.51,382.91,174
2026-05-26T18:12:00+00:00,382.91,383.06,382.88,382.94,202
2026-05-26T18:15:00+00:00,382.94,383.15,382.76,382.8,290
2026-05-26T18:18:00+00:00,382.8,382.89,382.48,382.5,215
2026-05-26T18:21:00+00:00,382.5,382.62,381.93,382.09,318
2026-05-26T18:24:00+00:00,382.09,382.47,382.08,382.4,282
2026-05-26T18:27:00+00:00,382.4,382.81,382.37,382.47,328
2026-05-26T18:30:00+00:00,382.47,382.79,382.38,382.43,282
2026-05-26T18:33:00+00:00,382.43,382.49,382.27,382.32,297
2026-05-26T18:36:00+00:00,382.32,382.4,382.12,382.18,255
2026-05-26T18:39:00+00:00,382.18,382.34,382.09,382.15,237
2026-05-26T18:42:00+00:00,382.15,382.16,381.67,381.68,279
2026-05-26T18:45:00+00:00,381.68,382.16,381.67,382.03,283
2026-05-26T18:48:00+00:00,382.03,382.13,381.88,381.94,282
2026-05-26T18:51:00+00:00,381.94,382.23,381.92,382.01,387
2026-05-26T18:54:00+00:00,382.01,382.15,381.88,382.03,398
2026-05-26T18:57:00+00:00,382.03,382.24,381.8,381.83,263
2026-05-26T19:00:00+00:00,381.83,382.13,381.79,382.13,269
2026-05-26T19:03:00+00:00,382.13,382.52,382.04,382.4,196
2026-05-26T19:06:00+00:00,382.4,382.48,381.97,382.23,289
2026-05-26T19:09:00+00:00,382.23,382.73,382.18,382.53,271
2026-05-26T19:12:00+00:00,382.53,382.56,382.18,382.28,220
2026-05-26T19:15:00+00:00,382.28,382.91,382.19,382.89,269
2026-05-26T19:18:00+00:00,382.89,383.02,382.7,382.99,287
2026-05-26T19:21:00+00:00,382.99,383.01,382.65,382.82,250
2026-05-26T19:24:00+00:00,382.82,382.98,382.65,382.97,179
2026-05-26T19:27:00+00:00,382.97,383.11,382.9,383.06,303
2026-05-26T19:30:00+00:00,383.06,383.56,382.96,383.52,317
2026-05-26T19:33:00+00:00,383.52,383.83,383.5,383.68,292
2026-05-26T19:36:00+00:00,383.68,383.87,383.66,383.82,155
2026-05-26T19:39:00+00:00,383.82,383.9,383.54,383.9,301
2026-05-26T19:42:00+00:00,383.9,384.41,383.74,384.14,463
2026-05-26T19:45:00+00:00,384.14,384.62,384.1,384.46,396
2026-05-26T19:48:00+00:00,384.46,384.66,384.1,384.14,530
2026-05-26T19:51:00+00:00,384.14,384.63,384.1,384.5,487
2026-05-26T19:54:00+00:00,384.5,384.56,383.82,384.5,684
2026-05-26T19:57:00+00:00,384.5,384.86,384.18,384.6,1172
2026-05-27T13:30:00+00:00,384.6,385.29,381.29,383.38,896
2026-05-27T13:33:00+00:00,383.38,383.95,382.75,383.01,773
2026-05-27T13:36:00+00:00,383.01,386.64,383,386.49,865
2026-05-27T13:39:00+00:00,386.49,386.51,383.54,384.94,805
2026-05-27T13:42:00+00:00,384.94,385.86,384.38,384.49,891
2026-05-27T13:45:00+00:00,384.49,384.94,383.89,384.83,932
2026-05-27T13:48:00+00:00,384.83,385.54,384.43,385.29,968
2026-05-27T13:51:00+00:00,385.29,385.68,384.91,385.06,845
2026-05-27T13:54:00+00:00,385.06,385.7,384.41,385.5,704
2026-05-27T13:57:00+00:00,385.5,386.43,384.63,386.26,747
2026-05-27T14:00:00+00:00,386.26,388.3,386.19,388.18,795
2026-05-27T14:03:00+00:00,388.18,388.58,387.49,387.57,850
2026-05-27T14:06:00+00:00,387.57,388.46,387.07,387.15,893
2026-05-27T14:09:00+00:00,387.15,387.3,385.68,386.13,788
2026-05-27T14:12:00+00:00,386.13,387.21,386.08,387.03,609
2026-05-27T14:15:00+00:00,387.03,387.8,386.96,387.8,509
2026-05-27T14:18:00+00:00,387.8,388.76,387.63,387.96,633
2026-05-27T14:21:00+00:00,387.96,388.24,386.88,387.07,688
2026-05-27T14:24:00+00:00,387.07,387.34,386.59,387.1,718
2026-05-27T14:27:00+00:00,387.1,387.84,386.99,387.49,916
2026-05-27T14:30:00+00:00,387.49,388.2,387.21,387.27,656
2026-05-27T14:33:00+00:00,387.27,388.02,386.88,387.85,664
2026-05-27T14:36:00+00:00,387.85,388.14,387.54,387.87,533
2026-05-27T14:39:00+00:00,387.87,388.16,387.71,387.79,591
2026-05-27T14:42:00+00:00,387.79,387.84,387.14,387.37,639
2026-05-27T14:45:00+00:00,387.37,387.45,386.92,387.08,506
2026-05-27T14:48:00+00:00,387.08,387.15,386.88,386.88,519
2026-05-27T14:51:00+00:00,386.88,387.09,386.56,386.85,576
2026-05-27T14:54:00+00:00,386.85,387.01,386.43,386.46,623
2026-05-27T14:57:00+00:00,386.46,387.12,-1396.9099999999999,-1396.87,579.0284993320469
2026-05-27T15:00:00+00:00,386.92,387.77,386.82,387.53,656
2026-05-27T15:03:00+00:00,387.53,387.74,386.99,387.32,583
2026-05-27T15:06:00+00:00,387.32,387.62,387.07,387.53,592
2026-05-27T15:09:00+00:00,387.53,387.6,387.17,387.21,505
2026-05-27T15:12:00+00:00,387.21,387.31,386.38,386.41,484
2026-05-27T15:15:00+00:00,386.41,387.3,386.39,387.19,520
2026-05-27T15:18:00+00:00,387.19,388.03,387.16,387.27,644
2026-05-27T15:21:00+00:00,387.27,387.39,386.7,387.23,483
2026-05-27T15:24:00+00:00,387.23,387.52,386.92,387.1,502
2026-05-27T15:27:00+00:00,387.1,387.89,387.03,387.79,457
2026-05-27T15:30:00+00:00,387.79,387.79,387.37,387.48,446
2026-05-27T15:33:00+00:00,387.48,387.91,387.09,387.4,483
2026-05-27T15:36:00+00:00,387.4,387.74,387.19,387.25,464
2026-05-27T15:39:00+00:00,387.25,387.56,387.09,387.33,403
2026-05-27T15:42:00+00:00,387.33,387.84,386.92,387.09,520
2026-05-27T15:45:00+00:00,387.09,387.65,386.9,386.96,504
2026-05-27T15:48:00+00:00,386.96,387.26,386.81,387.13,467
2026-05-27T15:51:00+00:00,387.13,387.87,386.9,387.66,365
2026-05-27T15:54:00+00:00,387.66,387.76,387.1,387.39,392
2026-05-27T15:57:00+00:00,387.39,387.54,386.93,387.07,401
2026-05-27T16:00:00+00:00,387.07,387.12,386.59,386.59,379
2026-05-27T16:03:00+00:00,386.59,386.66,385.89,386.29,492
2026-05-27T16:06:00+00:00,386.29,386.94,386.2,386.59,423
2026-05-27T16:09:00+00:00,386.59,386.83,386.38,386.66,397
2026-05-27T16:12:00+00:00,386.66,387.04,386.56,386.66,353
2026-05-27T16:15:00+00:00,386.66,386.79,386.38,386.4,347
2026-05-27T16:18:00+00:00,386.4,386.52,386.09,386.35,297
2026-05-27T16:21:00+00:00,386.35,386.97,386.33,386.95,352
2026-05-27T16:24:00+00:00,386.95,387.21,386.73,386.84,351
2026-05-27T16:27:00+00:00,386.84,387.29,386.76,387.15,296
2026-05-27T16:30:00+00:00,387.15,387.87,387.07,387.79,350
2026-05-27T16:33:00+00:00,387.79,388.67,387.74,388.6,435
2026-05-27T16:36:00+00:00,388.6,389.5,388.59,389.4,477
2026-05-27T16:39:00+00:00,389.4,389.52,389.03,389.05,355
2026-05-27T16:42:00+00:00,389.05,389.5,388.97,389.08,482
2026-05-27T16:45:00+00:00,389.08,389.11,388.43,388.6,443
2026-05-27T16:48:00+00:00,388.6,388.81,388.43,388.58,336
2026-05-27T16:51:00+00:00,388.58,388.74,387.82,388.07,356
2026-05-27T16:54:00+00:00,388.07,388.08,387.38,387.38,396
2026-05-27T16:57:00+00:00,387.38,387.62,387.2,387.62,273
2026-05-27T17:00:00+00:00,387.62,387.74,387.16,387.59,402
2026-05-27T17:03:00+00:00,387.59,387.73,387.38,387.38,325
2026-05-27T17:06:00+00:00,387.38,387.42,386.88,386.89,434
2026-05-27T17:09:00+00:00,386.89,387.21,386.48,386.48,366
2026-05-27T17:12:00+00:00,386.48,386.8,386.48,386.68,305
2026-05-27T17:15:00+00:00,386.68,386.95,386.59,386.92,226
2026-05-27T17:18:00+00:00,386.92,387.07,386.79,386.82,267
2026-05-27T17:21:00+00:00,386.82,386.9,386.63,386.72,215
2026-05-27T17:24:00+00:00,386.72,386.83,386.39,386.72,248
2026-05-27T17:27:00+00:00,386.72,386.77,386.26,386.3,225
2026-05-27T17:30:00+00:00,386.3,386.63,386.26,386.37,257
2026-05-27T17:33:00+00:00,386.37,386.68,386.29,386.58,364
2026-05-27T17:36:00+00:00,386.58,387.36,386.54,387.29,321
2026-05-27T17:39:00+00:00,387.29,387.46,386.89,387.19,309
2026-05-27T17:42:00+00:00,387.19,387.52,387,387.4,292
2026-05-27T17:45:00+00:00,387.4,387.45,386.88,386.9,304
2026-05-27T17:48:00+00:00,386.9,387.04,386.65,386.76,277
2026-05-27T17:51:00+00:00,386.76,387.49,386.68,387.49,324
2026-05-27T17:54:00+00:00,387.49,387.99,387.32,387.86,401
2026-05-27T17:57:00+00:00,387.86,388.12,387.63,387.82,373
2026-05-27T18:00:00+00:00,387.82,388.05,387.42,387.67,445
2026-05-27T18:03:00+00:00,387.67,387.71,387.06,387.26,367
2026-05-27T18:06:00+00:00,387.26,387.84,387.26,387.5,407
2026-05-27T18:09:00+00:00,387.5,387.88,387.36,387.73,346
2026-05-27T18:12:00+00:00,387.73,387.89,387.68,387.8,293
2026-05-27T18:15:00+00:00,387.8,388.08,387.68,387.92,350
2026-05-27T18:18:00+00:00,387.92,388.16,387.86,387.96,300
2026-05-27T18:21:00+00:00,387.96,388.31,387.95,388.17,508
2026-05-27T18:24:00+00:00,388.17,388.42,388,388.38,364
2026-05-27T18:27:00+00:00,388.38,388.61,388.14,388.29,463
2026-05-27T18:30:00+00:00,388.29,388.38,387.93,387.97,472
2026-05-27T18:33:00+00:00,387.97,388.18,387.72,387.88,525
2026-05-27T18:36:00+00:00,387.88,388.08,387.13,387.32,484
2026-05-27T18:39:00+00:00,387.32,387.58,386.88,386.92,294
2026-05-27T18:42:00+00:00,386.92,387.01,386.51,386.69,277
2026-05-27T18:45:00+00:00,386.69,386.8,386.45,386.6,286
2026-05-27T18:48:00+00:00,386.6,386.66,386.33,386.4,261
2026-05-27T18:51:00+00:00,386.4,386.49,386.08,386.11,267
2026-05-27T18:54:00+00:00,386.11,386.97,386.07,386.79,311
2026-05-27T18:57:00+00:00,386.79,386.85,386.59,386.59,225
2026-05-27T19:00:00+00:00,386.59,387.21,386.59,387.14,293
2026-05-27T19:03:00+00:00,387.14,387.38,387.09,387.15,245
2026-05-27T19:06:00+00:00,387.15,387.18,386.96,387,258
2026-05-27T19:09:00+00:00,387,387.1,386.78,386.82,236
2026-05-27T19:12:00+00:00,386.82,387.07,386.78,387,197
2026-05-27T19:15:00+00:00,387,387.03,386.64,386.69,234
2026-05-27T19:18:00+00:00,386.69,386.97,386.53,386.66,325
2026-05-27T19:21:00+00:00,386.66,386.81,386.38,386.4,311
2026-05-27T19:24:00+00:00,386.4,386.4,386.08,386.19,263
2026-05-27T19:27:00+00:00,386.19,386.35,386.03,386.32,239
2026-05-27T19:30:00+00:00,386.32,386.52,386.12,386.12,344
2026-05-27T19:33:00+00:00,386.12,386.37,385.89,386.16,248
2026-05-27T19:36:00+00:00,386.16,386.31,385.89,386.12,178
2026-05-27T19:39:00+00:00,386.12,386.26,385.89,385.91,245
2026-05-27T19:42:00+00:00,385.91,386,385.78,385.96,188
2026-05-27T19:45:00+00:00,385.96,386.11,385.7,385.86,349
2026-05-27T19:48:00+00:00,385.86,385.89,385.03,385.06,680
2026-05-27T19:51:00+00:00,385.06,385.18,384.73,384.93,699
2026-05-27T19:54:00+00:00,384.93,385.14,384.18,384.8,1137
2026-05-27T19:57:00+00:00,384.8,384.86,384.31,384.74,1257
2026-05-28T13:30:00+00:00,384.74,384.74,382.43,383.21,761
2026-05-28T13:33:00+00:00,383.21,384.19,382.01,383.66,751
2026-05-28T13:36:00+00:00,383.66,384.59,383.34,384.39,611
2026-05-28T13:39:00+00:00,384.39,384.54,383.39,383.61,575
2026-05-28T13:42:00+00:00,383.61,383.9,381.38,381.49,607
2026-05-28T13:45:00+00:00,381.49,382.2,381.13,382.07,692
2026-05-28T13:48:00+00:00,382.07,383.63,381.89,383.63,642
2026-05-28T13:51:00+00:00,383.63,383.76,383.14,383.14,592
2026-05-28T13:54:00+00:00,383.14,383.46,382.89,383.13,571
2026-05-28T13:57:00+00:00,383.13,383.46,382.61,383.16,590
2026-05-28T14:00:00+00:00,383.16,383.24,382.38,382.43,704
2026-05-28T14:03:00+00:00,382.43,384.54,381.89,384.06,791
2026-05-28T14:06:00+00:00,384.06,384.09,383.14,384,544
2026-05-28T14:09:00+00:00,384,384.55,383.82,384.26,615
2026-05-28T14:12:00+00:00,384.26,386.16,383.73,386.03,854
2026-05-28T14:15:00+00:00,386.03,386.24,385.33,385.46,591
2026-05-28T14:18:00+00:00,385.46,385.92,385.08,385.31,616
2026-05-28T14:21:00+00:00,385.31,385.39,384.69,384.73,557
2026-05-28T14:24:00+00:00,384.73,385.49,384.73,385.45,452
2026-05-28T14:27:00+00:00,385.45,385.62,384.97,385.54,437
2026-05-28T14:30:00+00:00,385.54,385.67,384.97,384.99,532
2026-05-28T14:33:00+00:00,384.99,385.28,384.73,384.92,466
2026-05-28T14:36:00+00:00,384.92,385.21,384.68,384.83,384
2026-05-28T14:39:00+00:00,384.83,385.3,384.82,385.09,353
2026-05-28T14:42:00+00:00,385.09,385.71,385.02,385.59,339
2026-05-28T14:45:00+00:00,385.59,385.79,384.78,384.8,399
2026-05-28T14:48:00+00:00,384.8,385.04,384.45,384.68,355
2026-05-28T14:51:00+00:00,384.68,384.86,384.52,384.74,341
2026-05-28T14:54:00+00:00,384.74,385.27,384.71,384.92,447
2026-05-28T14:57:00+00:00,384.92,385.15,384.6,385.06,441
2026-05-28T15:00:00+00:00,385.06,386.39,384.91,386.28,656
2026-05-28T15:03:00+00:00,386.28,386.84,386.21,386.55,692
2026-05-28T15:06:00+00:00,386.55,387.23,386.23,386.25,688
2026-05-28T15:09:00+00:00,386.25,386.36,385.49,385.49,537
2026-05-28T15:12:00+00:00,385.49,385.86,385.12,385.83,435
2026-05-28T15:15:00+00:00,385.83,385.9,385.43,385.43,455
2026-05-28T15:18:00+00:00,385.43,385.68,385.32,385.58,292
2026-05-28T15:21:00+00:00,385.58,385.66,385.19,385.19,306
2026-05-28T15:24:00+00:00,385.19,385.61,385.19,385.51,321
2026-05-28T15:27:00+00:00,385.51,385.74,385.41,385.52,415
2026-05-28T15:30:00+00:00,385.52,386.15,385.44,385.8,386
2026-05-28T15:33:00+00:00,385.8,386.25,385.7,385.77,379
2026-05-28T15:36:00+00:00,385.77,386.54,385.76,386.46,301
2026-05-28T15:39:00+00:00,386.46,386.62,385.89,386,227
2026-05-28T15:42:00+00:00,386,386.12,385.83,385.99,222
2026-05-28T15:45:00+00:00,385.99,386.13,385.89,386.04,207
2026-05-28T15:48:00+00:00,386.04,386.13,385.69,385.93,226
2026-05-28T15:51:00+00:00,385.93,386.02,385.78,385.84,248
2026-05-28T15:54:00+00:00,385.84,386.04,385.68,385.98,216
2026-05-28T15:57:00+00:00,385.98,386.29,385.88,386.06,189
2026-05-28T16:00:00+00:00,386.06,386.26,385.82,385.82,321
2026-05-28T16:03:00+00:00,385.82,386.25,385.81,386.21,245
2026-05-28T16:06:00+00:00,386.21,386.37,385.88,386.11,188
2026-05-28T16:09:00+00:00,386.11,386.2,385.73,385.73,171
2026-05-28T16:12:00+00:00,385.73,385.87,385.58,385.72,291
2026-05-28T16:15:00+00:00,385.72,385.82,385.47,385.68,208
2026-05-28T16:18:00+00:00,385.68,386.31,385.68,385.72,276
2026-05-28T16:21:00+00:00,385.72,385.84,385.33,385.72,281
2026-05-28T16:24:00+00:00,385.72,386.17,385.59,385.6,315
2026-05-28T16:27:00+00:00,385.6,385.93,385.49,385.51,208
2026-05-28T16:30:00+00:00,385.51,385.57,385.06,385.06,202
2026-05-28T16:33:00+00:00,385.06,385.24,384.74,384.79,280
2026-05-28T16:36:00+00:00,384.79,384.94,384.7,384.8,198
2026-05-28T16:39:00+00:00,384.8,384.95,384.71,384.71,176
2026-05-28T16:42:00+00:00,384.71,384.94,384.5,384.59,240
2026-05-28T16:45:00+00:00,384.59,384.86,384.49,384.83,239
2026-05-28T16:48:00+00:00,384.83,384.86,384.33,384.34,294
2026-05-28T16:51:00+00:00,384.34,384.53,384,384.43,287
2026-05-28T16:54:00+00:00,384.43,384.54,384.26,384.46,224
2026-05-28T16:57:00+00:00,384.46,384.96,384.44,384.75,264
2026-05-28T17:00:00+00:00,384.75,384.93,384.69,384.85,231
2026-05-28T17:03:00+00:00,384.85,384.96,384.78,384.79,255
2026-05-28T17:06:00+00:00,384.79,384.8,384.49,384.71,224
2026-05-28T17:09:00+00:00,384.71,384.97,384.59,384.66,234
2026-05-28T17:12:00+00:00,384.66,384.81,384.59,384.68,177
2026-05-28T17:15:00+00:00,384.68,385.02,384.68,385.02,272
2026-05-28T17:18:00+00:00,385.02,385.25,384.73,385.17,278
2026-05-28T17:21:00+00:00,385.17,385.4,385.13,385.34,294
2026-05-28T17:24:00+00:00,385.34,386.13,385.32,386.06,343
2026-05-28T17:27:00+00:00,386.06,386.09,385.74,385.78,331
2026-05-28T17:30:00+00:00,385.78,386.27,385.78,386.16,370
2026-05-28T17:33:00+00:00,386.16,386.63,386.11,386.3,450
2026-05-28T17:36:00+00:00,386.3,386.35,385.99,386.12,465
2026-05-28T17:39:00+00:00,386.12,386.84,386.12,386.69,417
2026-05-28T17:42:00+00:00,386.69,386.82,386.41,386.48,397
2026-05-28T17:45:00+00:00,386.48,386.85,386.45,386.7,400
2026-05-28T17:48:00+00:00,386.7,386.92,386.57,386.77,291
2026-05-28T17:51:00+00:00,386.77,386.84,385.88,385.9,575
2026-05-28T17:54:00+00:00,385.9,386.18,385.74,385.74,449
2026-05-28T17:57:00+00:00,385.74,385.96,385.37,385.57,447
2026-05-28T18:00:00+00:00,385.57,385.66,385.07,385.24,409
2026-05-28T18:03:00+00:00,385.24,385.79,385.16,385.67,384
2026-05-28T18:06:00+00:00,385.67,385.89,385.25,385.59,335
2026-05-28T18:09:00+00:00,385.59,385.86,385.5,385.64,257
2026-05-28T18:12:00+00:00,385.64,386.05,385.52,385.83,245
2026-05-28T18:15:00+00:00,385.83,386.47,385.82,386.26,288
2026-05-28T18:18:00+00:00,386.26,386.31,385.99,386.09,243
2026-05-28T18:21:00+00:00,386.09,386.19,385.92,386.18,193
2026-05-28T18:24:00+00:00,386.18,386.57,386.1,386.51,237
2026-05-28T18:27:00+00:00,386.51,386.8,386.24,386.24,339
2026-05-28T18:30:00+00:00,386.24,386.56,386.17,386.22,291
2026-05-28T18:33:00+00:00,386.22,386.73,386.18,386.22,397
2026-05-28T18:36:00+00:00,386.22,386.7,386.05,386.49,265
2026-05-28T18:39:00+00:00,386.49,386.81,386.39,386.75,216
2026-05-28T18:42:00+00:00,386.75,387.15,386.7,386.82,360
2026-05-28T18:45:00+00:00,386.82,387.16,386.79,386.88,321
2026-05-28T18:48:00+00:00,386.88,387.04,386.7,386.83,342
2026-05-28T18:51:00+00:00,386.83,387.12,386.81,386.91,328
2026-05-28T18:54:00+00:00,386.91,387.03,386.72,386.85,362
2026-05-28T18:57:00+00:00,386.85,386.85,386.21,386.21,360
2026-05-28T19:00:00+00:00,386.21,386.45,386.12,386.38,233
2026-05-28T19:03:00+00:00,386.38,386.58,386.32,386.49,188
2026-05-28T19:06:00+00:00,386.49,386.72,386.41,386.41,167
2026-05-28T19:09:00+00:00,386.41,386.54,386.23,386.54,211
2026-05-28T19:12:00+00:00,386.54,386.81,386.29,386.32,256
2026-05-28T19:15:00+00:00,386.32,386.68,386.24,386.47,325
2026-05-28T19:18:00+00:00,386.47,386.6,386.38,386.48,209
2026-05-28T19:21:00+00:00,386.48,386.51,386.35,386.48,175
2026-05-28T19:24:00+00:00,386.48,386.78,386.48,386.6,210
2026-05-28T19:27:00+00:00,386.6,386.94,386.49,386.83,198
2026-05-28T19:30:00+00:00,386.83,387.32,386.78,387.26,202
2026-05-28T19:33:00+00:00,387.26,387.28,386.95,387.22,266
2026-05-28T19:36:00+00:00,387.22,387.68,387.18,387.5,333
2026-05-28T19:39:00+00:00,387.5,387.62,387.2,387.28,426
2026-05-28T19:42:00+00:00,387.28,387.38,386.98,387.02,280
2026-05-28T19:45:00+00:00,387.02,387.18,386.89,386.92,272
2026-05-28T19:48:00+00:00,386.92,386.98,386.24,386.83,487
2026-05-28T19:51:00+00:00,386.83,386.84,386.39,386.46,748
2026-05-28T19:54:00+00:00,386.46,386.54,385.02,385.77,764
2026-05-28T19:57:00+00:00,385.77,386.26,385.68,386.02,871
2026-05-29T13:30:00+00:00,386.02,386.02,378.48,378.5,974
2026-05-29T13:33:00+00:00,378.5,378.94,376.4,378.03,895
2026-05-29T13:36:00+00:00,378.03,379.63,378.03,378.82,985
2026-05-29T13:39:00+00:00,378.82,380.02,378.56,379.78,736
2026-05-29T13:42:00+00:00,379.78,379.84,378.79,379.44,763
2026-05-29T13:45:00+00:00,379.44,380.58,378.88,380.33,756
2026-05-29T13:48:00+00:00,380.33,380.68,379.78,380.55,658
2026-05-29T13:51:00+00:00,380.55,380.91,380.04,380.85,681
2026-05-29T13:54:00+00:00,380.85,381,380.38,380.89,595
2026-05-29T13:57:00+00:00,380.89,381.47,380.89,381.29,635
2026-05-29T14:00:00+00:00,381.29,381.48,380.57,380.93,639
2026-05-29T14:03:00+00:00,380.93,380.99,380.49,380.6,566
2026-05-29T14:06:00+00:00,380.6,381.07,380.39,380.39,465
2026-05-29T14:09:00+00:00,380.39,380.66,380.08,380.09,559
2026-05-29T14:12:00+00:00,380.09,380.78,379.39,379.44,880
2026-05-29T14:15:00+00:00,379.44,380.22,379.33,379.93,672
2026-05-29T14:18:00+00:00,379.93,380.19,379.46,379.68,510
2026-05-29T14:21:00+00:00,379.68,379.69,378.98,379.07,378
2026-05-29T14:24:00+00:00,379.07,379.26,378.63,378.89,655
2026-05-29T14:27:00+00:00,378.89,379.95,378.88,379.79,533
2026-05-29T14:30:00+00:00,379.79,379.88,379.12,379.16,482
2026-05-29T14:33:00+00:00,379.16,379.42,379.09,379.11,436
2026-05-29T14:36:00+00:00,379.11,379.19,378.38,378.6,618
2026-05-29T14:39:00+00:00,378.6,378.79,378.38,378.47,651
2026-05-29T14:42:00+00:00,378.47,378.48,377.17,377.27,787
2026-05-29T14:45:00+00:00,377.27,377.64,377.08,377.54,638
2026-05-29T14:48:00+00:00,377.54,378.66,377.51,378.6,490
2026-05-29T14:51:00+00:00,378.6,379.43,378.47,378.99,748
2026-05-29T14:54:00+00:00,378.99,379.47,378.83,379.08,589
2026-05-29T14:57:00+00:00,379.08,379.19,-1405.11,-1404.9199999999998,558.6478539576365
2026-05-29T15:00:00+00:00,378.87,379.25,378.48,378.68,612
2026-05-29T15:03:00+00:00,378.68,379.4,378.63,379.31,376
2026-05-29T15:06:00+00:00,379.31,379.84,379.29,379.75,400
2026-05-29T15:09:00+00:00,379.75,379.92,379.68,379.82,417
2026-05-29T15:12:00+00:00,379.82,380.02,379.53,379.65,347
2026-05-29T15:15:00+00:00,379.65,379.96,379.41,379.61,453
2026-05-29T15:18:00+00:00,379.61,379.62,379.03,379.49,399
2026-05-29T15:21:00+00:00,379.49,380.08,379.46,380.06,386
2026-05-29T15:24:00+00:00,380.06,380.24,379.83,379.85,391
2026-05-29T15:27:00+00:00,379.85,380.14,379.68,379.7,316
2026-05-29T15:30:00+00:00,379.7,380.06,379.68,380,261
2026-05-29T15:33:00+00:00,380,380.11,379.88,379.94,313
2026-05-29T15:36:00+00:00,379.94,380.09,379.3,379.45,378
2026-05-29T15:39:00+00:00,379.45,379.81,379.39,379.51,332
2026-05-29T15:42:00+00:00,379.51,379.59,379.28,379.34,384
2026-05-29T15:45:00+00:00,379.34,379.4,378.98,379.12,341
2026-05-29T15:48:00+00:00,379.12,379.31,378.88,378.98,421
2026-05-29T15:51:00+00:00,378.98,379.22,378.89,379.16,335
2026-05-29T15:54:00+00:00,379.16,379.2,378.91,379.12,243
2026-05-29T15:57:00+00:00,379.12,379.15,378.88,379.04,297
2026-05-29T16:00:00+00:00,379.04,379.44,378.8,379.14,294
2026-05-29T16:03:00+00:00,379.14,379.35,379.1,379.19,230
2026-05-29T16:06:00+00:00,379.19,379.58,379.19,379.39,252
2026-05-29T16:09:00+00:00,379.39,379.66,379.37,379.46,317
2026-05-29T16:12:00+00:00,379.46,379.6,379.18,379.58,310
2026-05-29T16:15:00+00:00,379.58,380.17,379.45,379.97,308
2026-05-29T16:18:00+00:00,379.97,380.01,379.42,379.53,251
2026-05-29T16:21:00+00:00,379.53,380.08,379.49,379.93,360
2026-05-29T16:24:00+00:00,379.93,379.97,379.53,379.65,241
2026-05-29T16:27:00+00:00,379.65,379.91,379.53,379.53,293
2026-05-29T16:30:00+00:00,379.53,379.62,379,379.25,601
2026-05-29T16:33:00+00:00,379.25,379.52,379.15,379.32,300
2026-05-29T16:36:00+00:00,379.32,379.57,379.26,379.43,340
2026-05-29T16:39:00+00:00,379.43,379.76,379.38,379.67,315
2026-05-29T16:42:00+00:00,379.67,379.96,379.52,379.58,325
2026-05-29T16:45:00+00:00,379.58,379.58,379.13,379.18,292
2026-05-29T16:48:00+00:00,379.18,379.29,379.11,379.15,345
2026-05-29T16:51:00+00:00,379.15,379.36,378.94,379.17,247
2026-05-29T16:54:00+00:00,379.17,379.29,378.88,378.93,349
2026-05-29T16:57:00+00:00,378.93,379.13,378.65,379.08,256
2026-05-29T17:00:00+00:00,379.08,379.31,378.99,379,199
2026-05-29T17:03:00+00:00,379,379.09,378.68,378.72,255
2026-05-29T17:06:00+00:00,378.72,378.92,378.72,378.88,206
2026-05-29T17:09:00+00:00,378.88,379.05,378.68,378.77,219
2026-05-29T17:12:00+00:00,378.77,378.96,378.67,378.71,193
2026-05-29T17:15:00+00:00,378.71,378.89,378.59,378.73,182
2026-05-29T17:18:00+00:00,378.73,378.84,378.53,378.54,261
2026-05-29T17:21:00+00:00,378.54,378.69,378.26,378.33,372
2026-05-29T17:24:00+00:00,378.33,378.81,378.29,378.61,389
2026-05-29T17:27:00+00:00,378.61,379.08,378.59,378.94,201
2026-05-29T17:30:00+00:00,378.94,379.13,378.75,379.03,261
2026-05-29T17:33:00+00:00,379.03,379.22,378.89,379.14,230
2026-05-29T17:36:00+00:00,379.14,379.56,379.14,379.39,241
2026-05-29T17:39:00+00:00,379.39,379.39,379.03,379.07,239
2026-05-29T17:42:00+00:00,379.07,379.18,378.97,379.17,257
2026-05-29T17:45:00+00:00,379.17,379.74,379.16,379.63,275
2026-05-29T17:48:00+00:00,379.63,379.7,379.28,379.38,235
2026-05-29T17:51:00+00:00,379.38,379.48,378.98,378.98,348
2026-05-29T17:54:00+00:00,378.98,379.1,378.89,378.94,310
2026-05-29T17:57:00+00:00,378.94,379,378.76,378.76,297
2026-05-29T18:00:00+00:00,378.76,379.21,378.48,379.15,374
2026-05-29T18:03:00+00:00,379.15,379.63,379.1,379.56,234
2026-05-29T18:06:00+00:00,379.56,379.86,379.44,379.45,287
2026-05-29T18:09:00+00:00,379.45,379.51,379.28,379.36,177
2026-05-29T18:12:00+00:00,379.36,379.38,379.05,379.05,154
2026-05-29T18:15:00+00:00,379.05,379.19,378.88,378.9,165
2026-05-29T18:18:00+00:00,378.9,379.02,378.83,378.93,237
2026-05-29T18:21:00+00:00,378.93,379.26,378.92,379.24,158
2026-05-29T18:24:00+00:00,379.24,379.51,379.21,379.43,181
2026-05-29T18:27:00+00:00,379.43,379.5,379.34,379.35,186
2026-05-29T18:30:00+00:00,379.35,379.52,379.22,379.49,216
2026-05-29T18:33:00+00:00,379.49,379.54,379.23,379.24,165
2026-05-29T18:36:00+00:00,379.24,379.26,378.95,379.05,222
2026-05-29T18:39:00+00:00,379.05,379.15,378.84,378.9,269
2026-05-29T18:42:00+00:00,378.9,379.11,378.8,378.87,228
2026-05-29T18:45:00+00:00,378.87,378.93,378.52,378.52,351
2026-05-29T18:48:00+00:00,378.52,378.61,378.18,378.48,354
2026-05-29T18:51:00+00:00,378.48,378.48,378.17,378.17,231
2026-05-29T18:54:00+00:00,378.17,378.3,377.98,377.98,232
2026-05-29T18:57:00+00:00,377.98,378.28,377.89,378.07,293
2026-05-29T19:00:00+00:00,378.07,378.33,378.07,378.32,230
2026-05-29T19:03:00+00:00,378.32,378.74,378.19,378.67,208
2026-05-29T19:06:00+00:00,378.67,378.88,378.66,378.79,236
2026-05-29T19:09:00+00:00,378.79,378.81,378.53,378.61,178
2026-05-29T19:12:00+00:00,378.61,378.61,378.4,378.45,217
2026-05-29T19:15:00+00:00,378.45,378.51,377.9,377.91,316
2026-05-29T19:18:00+00:00,377.91,378.14,377.88,378.06,264
2026-05-29T19:21:00+00:00,378.06,378.25,378.02,378.21,251
2026-05-29T19:24:00+00:00,378.21,378.75,378.18,378.71,231
2026-05-29T19:27:00+00:00,378.71,378.91,378.68,378.7,208
2026-05-29T19:30:00+00:00,378.7,379.24,378.7,378.98,341
2026-05-29T19:33:00+00:00,378.98,379.12,378.8,378.88,296
2026-05-29T19:36:00+00:00,378.88,378.95,378.73,378.88,234
2026-05-29T19:39:00+00:00,378.88,378.93,378.59,378.59,268
2026-05-29T19:42:00+00:00,378.59,378.65,378.23,378.25,331
2026-05-29T19:45:00+00:00,378.25,378.3,377.71,377.84,399
2026-05-29T19:48:00+00:00,377.84,378.06,375.15,375.41,779
2026-05-29T19:51:00+00:00,375.41,376.57,374.18,375.53,1696
2026-05-29T19:54:00+00:00,375.53,376.55,374.68,376.36,1373
2026-05-29T19:57:00+00:00,376.36,376.78,375.69,376.27,1030
2026-06-01T13:30:00+00:00,376.27,376.27,370.88,372.77,809
2026-06-01T13:33:00+00:00,372.77,372.84,371.26,371.78,675
2026-06-01T13:36:00+00:00,371.78,371.97,369.59,369.9,639
2026-06-01T13:39:00+00:00,369.9,371.2,369.62,370.62,567
2026-06-01T13:42:00+00:00,370.62,371.88,370.62,371.31,515
2026-06-01T13:45:00+00:00,371.31,372.29,370.88,371.84,564
2026-06-01T13:48:00+00:00,371.84,372.14,370.63,370.64,683
2026-06-01T13:51:00+00:00,370.64,371.54,369.9,371.46,680
2026-06-01T13:54:00+00:00,371.46,371.56,370.72,370.89,517
2026-06-01T13:57:00+00:00,370.89,371.23,370.64,370.77,535
2026-06-01T14:00:00+00:00,370.77,372.58,370.64,372.15,583
2026-06-01T14:03:00+00:00,372.15,372.47,371.68,371.7,518
2026-06-01T14:06:00+00:00,371.7,371.8,370.68,371.26,535
2026-06-01T14:09:00+00:00,371.26,371.55,370.67,370.97,519
2026-06-01T14:12:00+00:00,370.97,371.18,370.48,370.68,524
2026-06-01T14:15:00+00:00,370.68,371.65,370.53,370.55,501
2026-06-01T14:18:00+00:00,370.55,371.51,370.53,371.41,1055
2026-06-01T14:21:00+00:00,371.41,371.83,371.23,371.48,848
2026-06-01T14:24:00+00:00,371.48,371.87,371.48,371.65,512
2026-06-01T14:27:00+00:00,371.65,372.32,371.63,371.88,641
2026-06-01T14:30:00+00:00,371.88,372.6,371.75,372.39,767
2026-06-01T14:33:00+00:00,372.39,372.58,371.88,371.9,655
2026-06-01T14:36:00+00:00,371.9,372.29,371.88,371.95,549
2026-06-01T14:39:00+00:00,371.95,372.3,371.89,372.19,429
2026-06-01T14:42:00+00:00,372.19,372.46,372.15,372.23,483
2026-06-01T14:45:00+00:00,372.23,372.83,372.08,372.59,451
2026-06-01T14:48:00+00:00,372.59,373.09,372.57,372.9,393
2026-06-01T14:51:00+00:00,372.9,373,372.68,372.79,394
2026-06-01T14:54:00+00:00,372.79,372.87,372.48,372.55,443
2026-06-01T14:57:00+00:00,372.55,372.62,372.28,372.51,548
2026-06-01T15:00:00+00:00,372.51,373.39,372.38,373.16,635
2026-06-01T15:03:00+00:00,373.16,373.27,372.73,373.08,542
2026-06-01T15:06:00+00:00,373.08,373.63,372.98,373.25,448
2026-06-01T15:09:00+00:00,373.25,373.27,372.33,372.35,532
2026-06-01T15:12:00+00:00,372.35,372.45,371.92,371.98,460
2026-06-01T15:15:00+00:00,371.98,372.07,371.46,371.59,459
2026-06-01T15:18:00+00:00,371.59,371.61,371.05,371.48,527
2026-06-01T15:21:00+00:00,371.48,371.78,371.33,371.61,452
2026-06-01T15:24:00+00:00,371.61,371.64,371.33,371.45,425
2026-06-01T15:27:00+00:00,371.45,372,371.45,371.59,464
2026-06-01T15:30:00+00:00,371.59,372.43,371.33,371.54,927
2026-06-01T15:33:00+00:00,371.54,371.68,371.36,371.44,559
2026-06-01T15:36:00+00:00,371.44,371.97,371.23,371.87,551
2026-06-01T15:39:00+00:00,371.87,372.01,371.23,371.27,466
2026-06-01T15:42:00+00:00,371.27,371.44,371.08,371.2,432
2026-06-01T15:45:00+00:00,371.2,371.25,370.7,370.72,423
2026-06-01T15:48:00+00:00,370.72,371.09,370.68,371.08,430
2026-06-01T15:51:00+00:00,371.08,371.48,371.02,371.31,338
2026-06-01T15:54:00+00:00,371.31,371.49,371.13,371.39,353
2026-06-01T15:57:00+00:00,371.39,371.54,371.2,371.29,326
2026-06-01T16:00:00+00:00,371.29,371.64,371.2,371.25,474
2026-06-01T16:03:00+00:00,371.25,371.41,371.2,371.21,289
2026-06-01T16:06:00+00:00,371.21,371.28,371.06,371.06,249
2026-06-01T16:09:00+00:00,371.06,371.29,371,371.04,322
2026-06-01T16:12:00+00:00,371.04,371.09,370.88,370.9,331
2026-06-01T16:15:00+00:00,370.9,371.08,370.68,370.74,377
2026-06-01T16:18:00+00:00,370.74,370.82,370.59,370.81,270
2026-06-01T16:21:00+00:00,370.81,371.13,370.79,371.07,255
2026-06-01T16:24:00+00:00,371.07,371.19,371.03,371.16,268
2026-06-01T16:27:00+00:00,371.16,371.16,370.88,370.88,288
2026-06-01T16:30:00+00:00,370.88,371.27,370.74,371.24,378
2026-06-01T16:33:00+00:00,371.24,371.67,371.21,371.58,317
2026-06-01T16:36:00+00:00,371.58,371.59,371.22,371.3,254
2026-06-01T16:39:00+00:00,371.3,371.35,371,371.22,314
2026-06-01T16:42:00+00:00,371.22,371.23,370.96,370.97,191
2026-06-01T16:45:00+00:00,370.97,371.01,370.74,370.9,298
2026-06-01T16:48:00+00:00,370.9,371.03,370.79,371.02,258
2026-06-01T16:51:00+00:00,371.02,371.38,370.96,371.21,285
2026-06-01T16:54:00+00:00,371.21,371.4,371.08,371.39,310
2026-06-01T16:57:00+00:00,371.39,372.05,371.32,371.92,366
2026-06-01T17:00:00+00:00,371.92,371.92,371.6,371.83,456
2026-06-01T17:03:00+00:00,371.83,372.03,371.71,371.98,280
2026-06-01T17:06:00+00:00,371.98,372.62,371.9,372.41,277
2026-06-01T17:09:00+00:00,372.41,372.5,372.05,372.05,306
2026-06-01T17:12:00+00:00,372.05,372.37,372.05,372.16,319
2026-06-01T17:15:00+00:00,372.16,372.39,372.12,372.33,218
2026-06-01T17:18:00+00:00,372.33,372.49,372.23,372.44,252
2026-06-01T17:21:00+00:00,372.44,372.99,372.44,372.82,296
2026-06-01T17:24:00+00:00,372.82,373.24,372.64,373.19,307
2026-06-01T17:27:00+00:00,373.19,373.9,373.14,373.78,434
2026-06-01T17:30:00+00:00,373.78,373.98,373.39,373.53,686
2026-06-01T17:33:00+00:00,373.53,373.53,372.91,373.3,382
2026-06-01T17:36:00+00:00,373.3,373.5,373,373.04,339
2026-06-01T17:39:00+00:00,373.04,373.23,372.82,373.14,382
2026-06-01T17:42:00+00:00,373.14,374.26,373.13,373.82,722
2026-06-01T17:45:00+00:00,373.82,374.34,373.82,374.1,540
2026-06-01T17:48:00+00:00,374.1,374.1,373.65,373.73,735
2026-06-01T17:51:00+00:00,373.73,373.99,373.58,373.78,529
2026-06-01T17:54:00+00:00,373.78,373.83,373.04,373.09,409
2026-06-01T17:57:00+00:00,373.09,373.15,371.43,372.14,646
2026-06-01T18:00:00+00:00,372.14,372.31,371.8,372.31,481
2026-06-01T18:03:00+00:00,372.31,372.35,371.99,372.05,346
2026-06-01T18:06:00+00:00,372.05,372.3,371.91,372.22,393
2026-06-01T18:09:00+00:00,372.22,372.31,372.03,372.11,266
2026-06-01T18:12:00+00:00,372.11,372.17,371.98,372.07,245
2026-06-01T18:15:00+00:00,372.07,373.12,372.07,372.78,785
2026-06-01T18:18:00+00:00,372.78,372.93,372.49,372.69,420
2026-06-01T18:21:00+00:00,372.69,373.24,372.64,373.24,320
2026-06-01T18:24:00+00:00,373.24,373.38,373.13,373.24,298
2026-06-01T18:27:00+00:00,373.24,373.37,373.09,373.18,254
2026-06-01T18:30:00+00:00,373.18,373.2,372.88,372.97,275
2026-06-01T18:33:00+00:00,372.97,373.24,372.93,373.1,259
2026-06-01T18:36:00+00:00,373.1,373.49,373.07,373.16,298
2026-06-01T18:39:00+00:00,373.16,373.35,373.09,373.22,211
2026-06-01T18:42:00+00:00,373.22,373.42,373.19,373.36,285
2026-06-01T18:45:00+00:00,373.36,373.63,373.31,373.63,310
2026-06-01T18:48:00+00:00,373.63,373.8,373.56,373.58,196
2026-06-01T18:51:00+00:00,373.58,373.64,373.38,373.42,259
2026-06-01T18:54:00+00:00,373.42,373.55,373.38,373.46,172
2026-06-01T18:57:00+00:00,373.46,373.83,373.41,373.68,258
2026-06-01T19:00:00+00:00,373.68,374.04,373.42,374.04,241
2026-06-01T19:03:00+00:00,374.04,374.23,373.88,373.91,293
2026-06-01T19:06:00+00:00,373.91,374.11,373.78,373.83,325
2026-06-01T19:09:00+00:00,373.83,373.94,373.64,373.79,255
2026-06-01T19:12:00+00:00,373.79,373.96,373.44,373.58,283
2026-06-01T19:15:00+00:00,373.58,373.98,373.51,373.92,260
2026-06-01T19:18:00+00:00,373.92,374,373.78,373.88,287
2026-06-01T19:21:00+00:00,373.88,374.1,373.88,373.99,168
2026-06-01T19:24:00+00:00,373.99,374.28,373.99,374.07,209
2026-06-01T19:27:00+00:00,374.07,374.27,373.9,374.27,261
2026-06-01T19:30:00+00:00,374.27,374.44,373.82,373.94,542
2026-06-01T19:33:00+00:00,373.94,374.01,373.77,373.8,489
2026-06-01T19:36:00+00:00,373.8,373.8,373.32,373.43,395
2026-06-01T19:39:00+00:00,373.43,373.53,373.04,373.06,283
2026-06-01T19:42:00+00:00,373.06,373.44,372.95,373.32,302
2026-06-01T19:45:00+00:00,373.32,373.79,373.26,373.63,325
2026-06-01T19:48:00+00:00,373.63,373.94,373.3,373.69,653
2026-06-01T19:51:00+00:00,373.69,373.88,373.28,373.36,552
2026-06-01T19:54:00+00:00,373.36,373.38,371.98,371.98,902
2026-06-01T19:57:00+00:00,371.98,372.61,371.93,372.24,964
2026-06-02T13:30:00+00:00,372.24,372.24,357.41,357.49,1324
2026-06-02T13:33:00+00:00,357.49,358.47,357.44,357.8,963
2026-06-02T13:36:00+00:00,357.8,358.9,356.69,356.97,1082
2026-06-02T13:39:00+00:00,356.97,357.06,355.56,356.14,1149
2026-06-02T13:42:00+00:00,356.14,356.55,354.88,356.54,1058
2026-06-02T13:45:00+00:00,356.54,357.31,355.72,357.21,1051
2026-06-02T13:48:00+00:00,357.21,358.36,357.21,358.22,1043
2026-06-02T13:51:00+00:00,358.22,359,357.81,358.94,875
2026-06-02T13:54:00+00:00,358.94,359.72,358.71,359.62,977
2026-06-02T13:57:00+00:00,359.62,360.25,359.1,360.12,919
2026-06-02T14:00:00+00:00,360.12,361.29,359.72,361.22,859
2026-06-02T14:03:00+00:00,361.22,362.58,361.08,362.39,927
2026-06-02T14:06:00+00:00,362.39,363.83,362.32,363.79,1160
2026-06-02T14:09:00+00:00,363.79,364.95,363.66,364.89,1089
2026-06-02T14:12:00+00:00,364.89,365.7,364.61,364.75,897
2026-06-02T14:15:00+00:00,364.75,364.9,363.65,364.63,867
2026-06-02T14:18:00+00:00,364.63,366.92,364.63,366.79,853
2026-06-02T14:21:00+00:00,366.79,367.16,366.48,366.71,729
2026-06-02T14:24:00+00:00,366.71,367.08,366.48,366.48,664
2026-06-02T14:27:00+00:00,366.48,367.11,366.38,366.83,630
2026-06-02T14:30:00+00:00,366.83,367.47,366.58,366.82,586
2026-06-02T14:33:00+00:00,366.82,368.01,366.61,367.59,613
2026-06-02T14:36:00+00:00,367.59,367.68,366.55,367.46,714
2026-06-02T14:39:00+00:00,367.46,368.33,367.22,368.16,707
2026-06-02T14:42:00+00:00,368.16,368.62,367.9,368.18,652
2026-06-02T14:45:00+00:00,368.18,368.41,367.88,368,513
2026-06-02T14:48:00+00:00,368,368.43,367.58,368.37,518
2026-06-02T14:51:00+00:00,368.37,369.31,368.13,368.49,582
2026-06-02T14:54:00+00:00,368.49,369.08,368.47,368.9,576
2026-06-02T14:57:00+00:00,368.9,369.6,368.88,368.92,541
2026-06-02T15:00:00+00:00,368.92,369.13,368.28,369.04,612
2026-06-02T15:03:00+00:00,369.04,369.05,367.03,367.06,450
2026-06-02T15:06:00+00:00,367.06,367.67,366.95,367.08,492
2026-06-02T15:09:00+00:00,367.08,367.14,366.12,366.19,458
2026-06-02T15:12:00+00:00,366.19,366.3,365.76,366.18,554
2026-06-02T15:15:00+00:00,366.18,366.63,366.08,366.42,522
2026-06-02T15:18:00+00:00,366.42,366.61,366.08,366.4,477
2026-06-02T15:21:00+00:00,366.4,366.5,365.94,366.42,568
2026-06-02T15:24:00+00:00,366.42,366.68,365.95,365.96,458
2026-06-02T15:27:00+00:00,365.96,366.38,365.69,366.02,511
2026-06-02T15:30:00+00:00,366.02,366.06,365.13,365.19,443
2026-06-02T15:33:00+00:00,365.19,365.46,364.88,364.94,471
2026-06-02T15:36:00+00:00,364.94,365.03,364.18,364.18,493
2026-06-02T15:39:00+00:00,364.18,364.37,364.02,364.19,458
2026-06-02T15:42:00+00:00,364.19,364.49,364.01,364.01,383
2026-06-02T15:45:00+00:00,364.01,364.1,363.47,363.48,477
2026-06-02T15:48:00+00:00,363.48,363.59,363.21,363.23,468
2026-06-02T15:51:00+00:00,363.23,363.48,363.18,363.28,378
2026-06-02T15:54:00+00:00,363.28,364.15,363.18,363.64,490
2026-06-02T15:57:00+00:00,363.64,363.64,362.88,362.94,347
2026-06-02T16:00:00+00:00,362.94,363.13,362.78,362.83,412
2026-06-02T16:03:00+00:00,362.83,363.02,362.55,362.81,403
2026-06-02T16:06:00+00:00,362.81,363.48,362.79,363.14,439
2026-06-02T16:09:00+00:00,363.14,363.82,363.04,363.78,398
2026-06-02T16:12:00+00:00,363.78,364.27,363.75,363.88,376
2026-06-02T16:15:00+00:00,363.88,364.25,363.51,363.85,479
2026-06-02T16:18:00+00:00,363.85,363.85,363.18,363.32,358
2026-06-02T16:21:00+00:00,363.32,363.88,363.18,363.42,345
2026-06-02T16:24:00+00:00,363.42,363.74,363.28,363.71,304
2026-06-02T16:27:00+00:00,363.71,364,363.59,363.64,320
2026-06-02T16:30:00+00:00,363.64,363.74,363.38,363.63,256
2026-06-02T16:33:00+00:00,363.63,363.87,363.42,363.43,311
2026-06-02T16:36:00+00:00,363.43,363.83,363.38,363.66,289
2026-06-02T16:39:00+00:00,363.66,363.85,363.48,363.58,313
2026-06-02T16:42:00+00:00,363.58,363.67,363.13,363.24,339
2026-06-02T16:45:00+00:00,363.24,364.27,363.17,364.27,396
2026-06-02T16:48:00+00:00,364.27,365.23,364.11,365.21,420
2026-06-02T16:51:00+00:00,365.21,365.21,364.61,364.67,325
2026-06-02T16:54:00+00:00,364.67,364.81,364.45,364.46,222
2026-06-02T16:57:00+00:00,364.46,364.46,364.02,364.31,323
2026-06-02T17:00:00+00:00,364.31,364.64,364.15,364.39,364
2026-06-02T17:03:00+00:00,364.39,364.75,364.26,364.66,274
2026-06-02T17:06:00+00:00,364.66,364.76,364.28,364.29,361
2026-06-02T17:09:00+00:00,364.29,364.58,364.09,364.1,270
2026-06-02T17:12:00+00:00,364.1,364.24,363.89,363.98,296
2026-06-02T17:15:00+00:00,363.98,364.23,363.89,364.16,303
2026-06-02T17:18:00+00:00,364.16,364.17,363.38,363.75,368
2026-06-02T17:21:00+00:00,363.75,363.96,363.38,363.92,319
2026-06-02T17:24:00+00:00,363.92,364.23,363.68,364.08,322
2026-06-02T17:27:00+00:00,364.08,364.19,363.65,363.8,303
2026-06-02T17:30:00+00:00,363.8,363.99,363.58,363.61,326
2026-06-02T17:33:00+00:00,363.61,363.88,363.48,363.77,424
2026-06-02T17:36:00+00:00,363.77,364.16,363.67,364.1,425
2026-06-02T17:39:00+00:00,364.1,364.43,363.89,364.33,332
2026-06-02T17:42:00+00:00,364.33,364.59,364.28,364.5,277
2026-06-02T17:45:00+00:00,364.5,364.71,364.25,364.27,305
2026-06-02T17:48:00+00:00,364.27,364.74,364.22,364.68,224
2026-06-02T17:51:00+00:00,364.68,364.75,364.38,364.38,291
2026-06-02T17:54:00+00:00,364.38,364.4,363.88,363.94,264
2026-06-02T17:57:00+00:00,363.94,363.96,363.38,363.38,281
2026-06-02T18:00:00+00:00,363.38,363.44,363.03,363.18,381
2026-06-02T18:03:00+00:00,363.18,363.45,363.18,363.42,306
2026-06-02T18:06:00+00:00,363.42,363.58,363.28,363.44,267
2026-06-02T18:09:00+00:00,363.44,363.57,363.18,363.19,213
2026-06-02T18:12:00+00:00,363.19,363.49,362.99,363.27,319
2026-06-02T18:15:00+00:00,363.27,363.35,362.88,362.9,277
2026-06-02T18:18:00+00:00,362.9,362.98,362.42,362.57,357
2026-06-02T18:21:00+00:00,362.57,362.67,362.34,362.35,322
2026-06-02T18:24:00+00:00,362.35,362.43,361.94,361.95,335
2026-06-02T18:27:00+00:00,361.95,362.03,360.91,361.02,472
2026-06-02T18:30:00+00:00,361.02,362.03,361.01,361.75,657
2026-06-02T18:33:00+00:00,361.75,361.91,361.07,361.24,452
2026-06-02T18:36:00+00:00,361.24,361.55,361.13,361.43,485
2026-06-02T18:39:00+00:00,361.43,361.67,361.28,361.3,360
2026-06-02T18:42:00+00:00,361.3,361.58,361.18,361.56,413
2026-06-02T18:45:00+00:00,361.56,361.56,361.08,361.37,359
2026-06-02T18:48:00+00:00,361.37,361.5,361.08,361.12,247
2026-06-02T18:51:00+00:00,361.12,361.12,360.59,360.73,304
2026-06-02T18:54:00+00:00,360.73,360.95,360.63,360.87,236
2026-06-02T18:57:00+00:00,360.87,360.9,360.71,360.73,263
2026-06-02T19:00:00+00:00,360.73,360.79,360.31,360.39,336
2026-06-02T19:03:00+00:00,360.39,360.93,360.38,360.73,352
2026-06-02T19:06:00+00:00,360.73,361.19,360.63,360.85,318
2026-06-02T19:09:00+00:00,360.85,360.95,360.4,360.65,303
2026-06-02T19:12:00+00:00,360.65,360.71,360.48,360.61,246
2026-06-02T19:15:00+00:00,360.61,360.75,360.56,360.66,298
2026-06-02T19:18:00+00:00,360.66,360.71,360.47,360.53,212
2026-06-02T19:21:00+00:00,360.53,360.79,360.49,360.66,258
2026-06-02T19:24:00+00:00,360.66,360.75,360.47,360.49,219
2026-06-02T19:27:00+00:00,360.49,360.53,360.28,360.34,240
2026-06-02T19:30:00+00:00,360.34,360.56,360.28,360.36,367
2026-06-02T19:33:00+00:00,360.36,360.58,360.26,360.5,247
2026-06-02T19:36:00+00:00,360.5,360.65,360.28,360.38,284
2026-06-02T19:39:00+00:00,360.38,360.38,359.8,359.87,342
2026-06-02T19:42:00+00:00,359.87,359.92,359.49,359.62,267
2026-06-02T19:45:00+00:00,359.62,359.76,359.28,359.32,394
2026-06-02T19:48:00+00:00,359.32,359.48,358.97,359.04,590
2026-06-02T19:51:00+00:00,359.04,359.22,358.5,358.51,846
2026-06-02T19:54:00+00:00,358.51,359.16,357.83,358.65,1141
2026-06-02T19:57:00+00:00,358.65,358.88,357.69,358.25,1202
2026-06-03T13:30:00+00:00,358.25,362.36,356.89,359.09,1664
2026-06-03T13:33:00+00:00,359.09,360.57,357.9,359.37,1287
2026-06-03T13:36:00+00:00,359.37,359.93,357.42,359.38,1116
2026-06-03T13:39:00+00:00,359.38,360.84,357.9,358.45,1244
2026-06-03T13:42:00+00:00,358.45,360.66,358.2,359.5,983
2026-06-03T13:45:00+00:00,359.5,360.38,357.26,357.49,1092
2026-06-03T13:48:00+00:00,357.49,359.07,357.45,358.58,1208
2026-06-03T13:51:00+00:00,358.58,358.96,357.54,357.88,925
2026-06-03T13:54:00+00:00,357.88,359.54,357.88,359.01,997
2026-06-03T13:57:00+00:00,359.01,360.2,358.55,360.01,968
2026-06-03T14:00:00+00:00,360.01,361.38,359.98,361.03,964
2026-06-03T14:03:00+00:00,361.03,361.76,360.68,361.38,1186
2026-06-03T14:06:00+00:00,361.38,361.91,359.99,360.13,1061
2026-06-03T14:09:00+00:00,360.13,360.96,359.78,360.28,965
2026-06-03T14:12:00+00:00,360.28,360.53,359.37,359.91,901
2026-06-03T14:15:00+00:00,359.91,360.05,358.09,358.13,965
2026-06-03T14:18:00+00:00,358.13,358.14,357.03,357.54,902
2026-06-03T14:21:00+00:00,357.54,358.6,357.3,358.48,796
2026-06-03T14:24:00+00:00,358.48,358.71,357.59,357.94,795
2026-06-03T14:27:00+00:00,357.94,358.09,357.06,357.32,640
2026-06-03T14:30:00+00:00,357.32,358.57,357.28,358.47,778
2026-06-03T14:33:00+00:00,358.47,359.3,358.08,358.97,564
2026-06-03T14:36:00+00:00,358.97,359.38,358.88,359.27,679
2026-06-03T14:39:00+00:00,359.27,359.97,359.18,359.67,619
2026-06-03T14:42:00+00:00,359.67,359.93,358.61,358.63,557
2026-06-03T14:45:00+00:00,358.63,358.86,357.69,357.69,527
2026-06-03T14:48:00+00:00,357.69,358.35,357.48,358.15,466
2026-06-03T14:51:00+00:00,358.15,358.4,357.78,357.95,530
2026-06-03T14:54:00+00:00,357.95,358.2,357.51,357.6,436
2026-06-03T14:57:00+00:00,357.6,357.6,-1426.6399999999999,-1426.4099999999999,631.5655512890839
2026-06-03T15:00:00+00:00,357.41,357.64,356.88,356.9,574
2026-06-03T15:03:00+00:00,356.9,356.94,356.21,356.44,636
2026-06-03T15:06:00+00:00,356.44,356.74,356.34,356.64,440
2026-06-03T15:09:00+00:00,356.64,356.84,356.43,356.72,454
2026-06-03T15:12:00+00:00,356.72,356.82,355.45,355.74,526
2026-06-03T15:15:00+00:00,355.74,355.76,354.94,355.13,657
2026-06-03T15:18:00+00:00,355.13,355.57,354.99,355.13,550
2026-06-03T15:21:00+00:00,355.13,355.21,354.58,354.58,567
2026-06-03T15:24:00+00:00,354.58,355.1,354.58,354.94,575
2026-06-03T15:27:00+00:00,354.94,355.8,354.88,355.71,576
2026-06-03T15:30:00+00:00,355.71,355.76,355.25,355.32,643
2026-06-03T15:33:00+00:00,355.32,355.53,355.25,355.42,485
2026-06-03T15:36:00+00:00,355.42,355.5,354.98,355.35,561
2026-06-03T15:39:00+00:00,355.35,355.57,355.07,355.42,447
2026-06-03T15:42:00+00:00,355.42,356.12,355.41,356.09,488
2026-06-03T15:45:00+00:00,356.09,356.43,355.33,355.49,599
2026-06-03T15:48:00+00:00,355.49,356.38,355.48,355.93,642
2026-06-03T15:51:00+00:00,355.93,355.96,354.98,355.51,445
2026-06-03T15:54:00+00:00,355.51,355.63,355.38,355.59,315
2026-06-03T15:57:00+00:00,355.59,355.9,355.38,355.73,454
2026-06-03T16:00:00+00:00,355.73,356.53,355.7,356.48,440
2026-06-03T16:03:00+00:00,356.48,357.18,356.39,356.95,409
2026-06-03T16:06:00+00:00,356.95,357.1,356.58,356.65,456
2026-06-03T16:09:00+00:00,356.65,356.65,355.92,356.11,361
2026-06-03T16:12:00+00:00,356.11,356.15,355.56,355.58,396
2026-06-03T16:15:00+00:00,355.58,355.77,355.29,355.34,404
2026-06-03T16:18:00+00:00,355.34,355.42,354.9,354.9,452
2026-06-03T16:21:00+00:00,354.9,355.08,354.8,354.92,403
2026-06-03T16:24:00+00:00,354.92,355.03,354.72,354.83,660
2026-06-03T16:27:00+00:00,354.83,355.37,354.68,355.23,854
2026-06-03T16:30:00+00:00,355.23,355.67,355.22,355.61,568
2026-06-03T16:33:00+00:00,355.61,356.39,355.41,356.02,593
2026-06-03T16:36:00+00:00,356.02,356.5,355.93,356.08,624
2026-06-03T16:39:00+00:00,356.08,356.13,355.38,355.5,450
2026-06-03T16:42:00+00:00,355.5,356.45,355.19,356.29,503
2026-06-03T16:45:00+00:00,356.29,357.4,356.28,357.3,506
2026-06-03T16:48:00+00:00,357.3,357.42,356.85,357.26,411
2026-06-03T16:51:00+00:00,357.26,357.74,356.74,356.81,373
2026-06-03T16:54:00+00:00,356.81,357.01,356.38,356.9,319
2026-06-03T16:57:00+00:00,356.9,357.52,356.86,357.39,420
2026-06-03T17:00:00+00:00,357.39,357.44,356.53,356.62,380
2026-06-03T17:03:00+00:00,356.62,357.07,356.62,357.04,330
2026-06-03T17:06:00+00:00,357.04,357.13,356.73,357,373
2026-06-03T17:09:00+00:00,357,357.6,357,357.6,591
2026-06-03T17:12:00+00:00,357.6,357.63,356.71,357.13,567
2026-06-03T17:15:00+00:00,357.13,357.81,357.12,357.61,441
2026-06-03T17:18:00+00:00,357.61,358.12,357.48,357.95,452
2026-06-03T17:21:00+00:00,357.95,358.42,357.78,358.27,430
2026-06-03T17:24:00+00:00,358.27,358.51,357.98,357.98,479
2026-06-03T17:27:00+00:00,357.98,358.01,357.21,357.72,366
2026-06-03T17:30:00+00:00,357.72,357.85,357.28,357.35,538
2026-06-03T17:33:00+00:00,357.35,357.68,357.29,357.42,344
2026-06-03T17:36:00+00:00,357.42,357.55,356.98,357.09,320
2026-06-03T17:39:00+00:00,357.09,357.73,357.09,357.65,360
2026-06-03T17:42:00+00:00,357.65,358.14,357.54,357.7,346
2026-06-03T17:45:00+00:00,357.7,357.77,356.71,356.73,393
2026-06-03T17:48:00+00:00,356.73,356.9,356.48,356.57,346
2026-06-03T17:51:00+00:00,356.57,356.62,356.18,356.37,412
2026-06-03T17:54:00+00:00,356.37,356.55,356.31,356.54,263
2026-06-03T17:57:00+00:00,356.54,356.66,356.37,356.65,378
2026-06-03T18:00:00+00:00,356.65,356.79,356.44,356.72,406
2026-06-03T18:03:00+00:00,356.72,356.78,356.19,356.23,445
2026-06-03T18:06:00+00:00,356.23,356.3,355.88,356.04,526
2026-06-03T18:09:00+00:00,356.04,356.18,355.5,355.65,416
2026-06-03T18:12:00+00:00,355.65,355.83,355.38,355.43,465
2026-06-03T18:15:00+00:00,355.43,356,355.42,355.88,396
2026-06-03T18:18:00+00:00,355.88,355.97,355.38,355.71,535
2026-06-03T18:21:00+00:00,355.71,355.89,355.56,355.68,404
2026-06-03T18:24:00+00:00,355.68,355.85,355.48,355.78,470
2026-06-03T18:27:00+00:00,355.78,356.13,355.68,355.78,550
2026-06-03T18:30:00+00:00,355.78,356.16,355.76,355.95,575
2026-06-03T18:33:00+00:00,355.95,356.18,355.78,356.04,640
2026-06-03T18:36:00+00:00,356.04,356.55,355.96,356.3,527
2026-06-03T18:39:00+00:00,356.3,356.45,356.14,356.19,459
2026-06-03T18:42:00+00:00,356.19,356.82,355.92,356.74,587
2026-06-03T18:45:00+00:00,356.74,357.48,356.62,357.2,398
2026-06-03T18:48:00+00:00,357.2,357.21,356.59,356.89,420
2026-06-03T18:51:00+00:00,356.89,357.61,356.81,357.19,627
2026-06-03T18:54:00+00:00,357.19,357.68,357.19,357.59,416
2026-06-03T18:57:00+00:00,357.59,357.63,356.67,356.82,596
2026-06-03T19:00:00+00:00,356.82,356.89,355.97,356.01,439
2026-06-03T19:03:00+00:00,356.01,356.25,355.89,355.89,622
2026-06-03T19:06:00+00:00,355.89,356.12,355.6,355.94,481
2026-06-03T19:09:00+00:00,355.94,356.62,355.81,355.89,561
2026-06-03T19:12:00+00:00,355.89,356.79,355.85,356.63,352
2026-06-03T19:15:00+00:00,356.63,356.68,356.18,356.43,481
2026-06-03T19:18:00+00:00,356.43,356.6,355.88,355.97,565
2026-06-03T19:21:00+00:00,355.97,356.18,355.81,356.06,550
2026-06-03T19:24:00+00:00,356.06,356.28,355.88,356.14,371
2026-06-03T19:27:00+00:00,356.14,356.65,355.9,356.34,392
2026-06-03T19:30:00+00:00,356.34,356.43,356.02,356.16,338
2026-06-03T19:33:00+00:00,356.16,356.19,355.93,356.03,334
2026-06-03T19:36:00+00:00,356.03,356.06,355.69,355.78,359
2026-06-03T19:39:00+00:00,355.78,355.97,355.07,355.53,568
2026-06-03T19:42:00+00:00,355.53,355.77,355.21,355.21,403
2026-06-03T19:45:00+00:00,355.21,355.47,355.04,355.08,406
2026-06-03T19:48:00+00:00,355.08,355.16,354.5,354.78,601
2026-06-03T19:51:00+00:00,354.78,355.02,354.48,354.58,715
2026-06-03T19:54:00+00:00,354.58,355.32,354.23,355.02,1043
2026-06-03T19:57:00+00:00,355.02,355.93,354.72,355.93,1494
2026-06-04T13:30:00+00:00,355.93,359.95,354.29,359.47,888
2026-06-04T13:33:00+00:00,359.47,361.37,359.46,360.2,661
2026-06-04T13:36:00+00:00,360.2,360.66,359.38,360.51,717
2026-06-04T13:39:00+00:00,360.51,360.69,358.08,359.57,876
2026-06-04T13:42:00+00:00,359.57,359.97,358.9,359.54,653
2026-06-04T13:45:00+00:00,359.54,360.78,359.34,360.25,858
2026-06-04T13:48:00+00:00,360.25,361.46,359.94,361.3,847
2026-06-04T13:51:00+00:00,361.3,361.56,360.75,361.46,833
2026-06-04T13:54:00+00:00,361.46,362.99,361.27,362.94,781
2026-06-04T13:57:00+00:00,362.94,363.8,362.46,362.46,945
2026-06-04T14:00:00+00:00,362.46,363.37,361.39,361.39,787
2026-06-04T14:03:00+00:00,361.39,362.16,360.95,361.57,841
2026-06-04T14:06:00+00:00,361.57,362.86,361.15,362.86,995
2026-06-04T14:09:00+00:00,362.86,363.32,361.88,363.23,927
2026-06-04T14:12:00+00:00,363.23,363.66,362.88,363.62,901
2026-06-04T14:15:00+00:00,363.62,364.48,363.47,364.47,787
2026-06-04T14:18:00+00:00,364.47,364.66,363.35,363.41,716
2026-06-04T14:21:00+00:00,363.41,364.64,363.05,364.51,595
2026-06-04T14:24:00+00:00,364.51,365.13,364.36,364.49,757
2026-06-04T14:27:00+00:00,364.49,365.31,364.38,364.9,628
2026-06-04T14:30:00+00:00,364.9,365.1,364.23,364.81,829
2026-06-04T14:33:00+00:00,364.81,365.11,364.34,364.42,619
2026-06-04T14:36:00+00:00,364.42,364.48,363.88,364.36,595
2026-06-04T14:39:00+00:00,364.36,365.18,364.21,365.04,553
2026-06-04T14:42:00+00:00,365.04,365.45,364.78,365.01,496
2026-06-04T14:45:00+00:00,365.01,365.2,364.6,364.61,496
2026-06-04T14:48:00+00:00,364.61,365.19,364.13,365.06,498
2026-06-04T14:51:00+00:00,365.06,365.15,364.71,364.93,546
2026-06-04T14:54:00+00:00,364.93,365.53,364.8,365.46,493
2026-06-04T14:57:00+00:00,365.46,365.48,364.61,365.18,592
2026-06-04T15:00:00+00:00,365.18,366.03,365.09,365.78,506
2026-06-04T15:03:00+00:00,365.78,366.08,365.09,365.15,644
2026-06-04T15:06:00+00:00,365.15,365.41,363.98,364.07,615
2026-06-04T15:09:00+00:00,364.07,365.3,364.06,364.57,590
2026-06-04T15:12:00+00:00,364.57,365.44,364.42,365.03,548
2026-06-04T15:15:00+00:00,365.03,365.78,364.9,365.65,473
2026-06-04T15:18:00+00:00,365.65,365.85,364.89,365.7,608
2026-06-04T15:21:00+00:00,365.7,366.56,365.52,366.41,537
2026-06-04T15:24:00+00:00,366.41,367.02,366.4,366.8,575
2026-06-04T15:27:00+00:00,366.8,367.71,366.69,367.6,477
2026-06-04T15:30:00+00:00,367.6,367.6,365.9,366.45,698
2026-06-04T15:33:00+00:00,366.45,366.74,366.16,366.63,535
2026-06-04T15:36:00+00:00,366.63,366.93,366.36,366.88,570
2026-06-04T15:39:00+00:00,366.88,367.11,366.69,366.76,507
2026-06-04T15:42:00+00:00,366.76,366.92,365.38,365.62,695
2026-06-04T15:45:00+00:00,365.62,366,365.4,365.86,430
2026-06-04T15:48:00+00:00,365.86,366.39,364.99,366.11,587
2026-06-04T15:51:00+00:00,366.11,366.4,365.85,366.26,505
2026-06-04T15:54:00+00:00,366.26,366.73,366.15,366.44,477
2026-06-04T15:57:00+00:00,366.44,367.42,366.44,366.69,755
2026-06-04T16:00:00+00:00,366.69,367.75,366.28,367.61,707
2026-06-04T16:03:00+00:00,367.61,367.88,367.26,367.7,511
2026-06-04T16:06:00+00:00,367.7,368.98,367.67,368.91,491
2026-06-04T16:09:00+00:00,368.91,369.15,368.53,369.05,556
2026-06-04T16:12:00+00:00,369.05,369.22,368.24,368.31,480
2026-06-04T16:15:00+00:00,368.31,368.36,367.9,368.16,465
2026-06-04T16:18:00+00:00,368.16,368.16,367.08,367.89,516
2026-06-04T16:21:00+00:00,367.89,368.73,367.76,368.64,516
2026-06-04T16:24:00+00:00,368.64,368.82,367.94,368.15,496
2026-06-04T16:27:00+00:00,368.15,368.75,368.08,368.11,441
2026-06-04T16:30:00+00:00,368.11,368.27,367.88,368.04,498
2026-06-04T16:33:00+00:00,368.04,368.23,367.96,368.1,375
2026-06-04T16:36:00+00:00,368.1,368.72,367.58,368.72,473
2026-06-04T16:39:00+00:00,368.72,368.78,368.28,368.66,478
2026-06-04T16:42:00+00:00,368.66,368.67,367.88,368.01,490
2026-06-04T16:45:00+00:00,368.01,368.15,367.3,367.32,563
2026-06-04T16:48:00+00:00,367.32,367.45,367.03,367.38,425
2026-06-04T16:51:00+00:00,367.38,367.61,367.29,367.45,352
2026-06-04T16:54:00+00:00,367.45,368.09,367.39,367.98,404
2026-06-04T16:57:00+00:00,367.98,368.44,367.98,368.25,370
2026-06-04T17:00:00+00:00,368.25,368.3,367.8,367.91,566
2026-06-04T17:03:00+00:00,367.91,368.41,367.73,368.39,499
2026-06-04T17:06:00+00:00,368.39,368.81,368.25,368.81,430
2026-06-04T17:09:00+00:00,368.81,369.42,368.81,369.3,477
2026-06-04T17:12:00+00:00,369.3,369.45,369.23,369.42,293
2026-06-04T17:15:00+00:00,369.42,369.42,368.5,368.58,449
2026-06-04T17:18:00+00:00,368.58,369.16,368.5,368.74,476
2026-06-04T17:21:00+00:00,368.74,369.41,368.51,369.34,375
2026-06-04T17:24:00+00:00,369.34,369.48,368.89,368.96,505
2026-06-04T17:27:00+00:00,368.96,369.57,368.88,369.51,382
2026-06-04T17:30:00+00:00,369.51,369.56,368.45,368.47,517
2026-06-04T17:33:00+00:00,368.47,369.03,368.06,368.3,547
2026-06-04T17:36:00+00:00,368.3,369.09,368.16,369.07,375
2026-06-04T17:39:00+00:00,369.07,369.15,368.89,369.06,329
2026-06-04T17:42:00+00:00,369.06,369.22,368.9,369.1,355
2026-06-04T17:45:00+00:00,369.1,369.43,369,369.2,414
2026-06-04T17:48:00+00:00,369.2,369.47,369.09,369.28,278
2026-06-04T17:51:00+00:00,369.28,369.61,369.21,369.43,289
2026-06-04T17:54:00+00:00,369.43,369.48,369.12,369.15,322
2026-06-04T17:57:00+00:00,369.15,369.43,369.13,369.26,230
2026-06-04T18:00:00+00:00,369.26,369.43,368.63,368.66,415
2026-06-04T18:03:00+00:00,368.66,368.67,368.12,368.31,478
2026-06-04T18:06:00+00:00,368.31,368.32,367.61,368.22,460
2026-06-04T18:09:00+00:00,368.22,368.56,368.18,368.4,471
2026-06-04T18:12:00+00:00,368.4,368.92,368.15,368.81,401
2026-06-04T18:15:00+00:00,368.81,369.52,368.62,369.36,461
2026-06-04T18:18:00+00:00,369.36,369.61,369.33,369.58,387
2026-06-04T18:21:00+00:00,369.58,369.7,368.92,368.94,334
2026-06-04T18:24:00+00:00,368.94,369.54,368.9,369.32,367
2026-06-04T18:27:00+00:00,369.32,369.42,368.66,369.25,384
2026-06-04T18:30:00+00:00,369.25,369.3,368.66,368.7,482
2026-06-04T18:33:00+00:00,368.7,368.98,368.69,368.76,495
2026-06-04T18:36:00+00:00,368.76,369.11,368.59,369.06,451
2026-06-04T18:39:00+00:00,369.06,369.34,368.93,369.07,507
2026-06-04T18:42:00+00:00,369.07,369.11,368.82,368.94,466
2026-06-04T18:45:00+00:00,368.94,369.48,368.84,369.26,353
2026-06-04T18:48:00+00:00,369.26,369.47,369.09,369.16,348
2026-06-04T18:51:00+00:00,369.16,369.34,369.03,369.32,301
2026-06-04T18:54:00+00:00,369.32,369.33,368.96,369.03,333
2026-06-04T18:57:00+00:00,369.03,369.1,368.39,368.49,499
2026-06-04T19:00:00+00:00,368.49,368.63,368.27,368.45,337
2026-06-04T19:03:00+00:00,368.45,368.55,367.99,368,314
2026-06-04T19:06:00+00:00,368,368.06,367.45,367.63,308
2026-06-04T19:09:00+00:00,367.63,367.96,367.53,367.64,304
2026-06-04T19:12:00+00:00,367.64,367.81,366.91,367.74,485
2026-06-04T19:15:00+00:00,367.74,368.12,367.66,367.93,357
2026-06-04T19:18:00+00:00,367.93,368.21,367.73,367.74,410
2026-06-04T19:21:00+00:00,367.74,367.8,367.28,367.32,495
2026-06-04T19:24:00+00:00,367.32,367.5,366.9,367.42,435
2026-06-04T19:27:00+00:00,367.42,367.82,367.1,367.59,418
2026-06-04T19:30:00+00:00,367.59,368.13,367.55,367.77,378
2026-06-04T19:33:00+00:00,367.77,368,367.43,367.98,379
2026-06-04T19:36:00+00:00,367.98,368.25,367.96,368.13,269
2026-06-04T19:39:00+00:00,368.13,368.81,368.12,368.81,396
2026-06-04T19:42:00+00:00,368.81,368.93,368.49,368.5,432
2026-06-04T19:45:00+00:00,368.5,368.77,368.23,368.58,560
2026-06-04T19:48:00+00:00,368.58,369.19,368.39,368.48,845
2026-06-04T19:51:00+00:00,368.48,369.14,368.39,368.96,919
2026-06-04T19:54:00+00:00,368.96,369.67,368.88,369.16,950
2026-06-04T19:57:00+00:00,369.16,369.46,368.94,369.46,1076
2026-06-05T13:30:00+00:00,369.46,369.46,361.63,363.9,1278
2026-06-05T13:33:00+00:00,363.9,365.4,363.06,364.48,1050
2026-06-05T13:36:00+00:00,364.48,365.92,364.16,365.56,1050
2026-06-05T13:39:00+00:00,365.56,367.13,365.18,366.44,1072
2026-06-05T13:42:00+00:00,366.44,368.27,366.44,368.08,1260
2026-06-05T13:45:00+00:00,368.08,368.35,366.49,366.82,1416
2026-06-05T13:48:00+00:00,366.82,367.41,366.3,366.94,1462
2026-06-05T13:51:00+00:00,366.94,367.75,365.95,367.42,1057
2026-06-05T13:54:00+00:00,367.42,368.44,366.79,367.56,1130
2026-06-05T13:57:00+00:00,367.56,367.95,366.57,366.8,1238
2026-06-05T14:00:00+00:00,366.8,367.58,-1418.2499999999998,366.54,1106.859455481972
2026-06-05T14:03:00+00:00,366.54,367.06,365.89,366.66,955
2026-06-05T14:06:00+00:00,366.66,366.7,-1417.1,-1417.02,577.3748072793348
2026-06-05T14:09:00+00:00,-1417.0099999999998,-1415.34,-1417.0499999999997,-1416.5499999999997,860.458895607283
2026-06-05T14:12:00+00:00,-1416.4999999999998,-1415.33,-1416.7399999999998,-1415.4399999999998,735.3645780088093
2026-06-05T14:15:00+00:00,-1415.37,-1414.7999999999997,-1415.9099999999999,-1415.4499999999998,761.586175234023
2026-06-05T14:18:00+00:00,-1415.4699999999998,-1415.4699999999998,-1416.3899999999999,-1416.2099999999998,757.7391212408347
2026-06-05T14:21:00+00:00,-1416.2199999999998,-1415.11,-1416.4099999999999,-1416.2399999999998,796.4435005362114
2026-06-05T14:24:00+00:00,-1416.27,-1415.9399999999998,-1416.81,-1416.81,707.7869857063408
2026-06-05T14:27:00+00:00,-1416.81,-1416.36,-1417.04,-1416.36,689.1386084748211
2026-06-05T14:30:00+00:00,-1416.3799999999999,-1416.07,-1416.7999999999997,-1416.62,751.7772699511388
2026-06-05T14:33:00+00:00,-1416.6299999999999,-1416.58,-1417.2399999999998,-1416.7199999999998,682.9995055727138
2026-06-05T14:36:00+00:00,-1416.7199999999998,366.83,-1417.54,366.43,522.3309008555611
2026-06-05T14:39:00+00:00,366.43,366.62,365.9,366.22,739
2026-06-05T14:42:00+00:00,366.22,366.36,365.17,365.51,862
2026-06-05T14:45:00+00:00,365.51,365.96,-1418.33,-1418.2499999999998,639.6424555305474
2026-06-05T14:48:00+00:00,-1418.2399999999998,-1417.62,-1418.2399999999998,-1418.07,658.6244188267102
2026-06-05T14:51:00+00:00,365.75,366.02,-1418.1499999999999,365.76,361.500894890986
2026-06-05T14:54:00+00:00,365.76,367.2,365.74,366.89,628
2026-06-05T14:57:00+00:00,366.89,367.54,366.88,367.39,641
2026-06-05T15:00:00+00:00,367.39,367.43,366.47,366.47,751
2026-06-05T15:03:00+00:00,366.47,366.64,-1417.6799999999998,-1417.59,439.0192491737333
2026-06-05T15:06:00+00:00,-1417.6,-1416.9599999999998,-1418.02,-1417.0499999999997,679.5125661657552
2026-06-05T15:09:00+00:00,-1417.02,-1416.1499999999999,-1417.02,-1416.62,652.1926534954158
2026-06-05T15:12:00+00:00,-1416.58,-1416.54,-1417.8999999999999,-1417.84,655.3600059109234
2026-06-05T15:15:00+00:00,-1417.86,-1417.4599999999998,-1417.9399999999998,-1417.79,674.4415019094689
2026-06-05T15:18:00+00:00,-1417.81,-1417.04,-1417.83,-1417.52,628.9399423119979
2026-06-05T15:21:00+00:00,-1417.5299999999997,-1416.9499999999998,-1417.6399999999999,-1417.09,692.4039176811609
2026-06-05T15:24:00+00:00,-1417.1399999999999,366.62,-1417.4799999999998,366.17,618.3845315055689
2026-06-05T15:27:00+00:00,366.17,367.2,366.17,367.11,710
2026-06-05T15:30:00+00:00,367.11,367.44,366.72,366.87,911
2026-06-05T15:33:00+00:00,366.87,367.28,366.73,367.19,1117
2026-06-05T15:36:00+00:00,367.19,367.33,366.17,366.25,989
2026-06-05T15:39:00+00:00,366.25,366.82,366.17,366.5,1038
2026-06-05T15:42:00+00:00,366.5,366.91,366.24,366.33,886
2026-06-05T15:45:00+00:00,366.33,366.88,366.22,366.66,677
2026-06-05T15:48:00+00:00,366.66,366.72,365.99,366.56,643
2026-06-05T15:51:00+00:00,366.56,367.89,366.38,367.74,475
2026-06-05T15:54:00+00:00,367.74,368.2,367.16,367.9,604
2026-06-05T15:57:00+00:00,367.9,368.28,367.68,367.79,619
2026-06-05T16:00:00+00:00,367.79,368.05,367.17,367.18,646
2026-06-05T16:03:00+00:00,367.18,367.84,366.71,366.87,595
2026-06-05T16:06:00+00:00,366.87,367.24,366.56,366.74,621
2026-06-05T16:09:00+00:00,366.74,367.19,366.62,367.04,929
2026-06-05T16:12:00+00:00,367.04,367.4,366.88,366.98,1050
2026-06-05T16:15:00+00:00,366.98,367.35,366.73,367.2,882
2026-06-05T16:18:00+00:00,367.2,367.59,367.04,367.19,741
2026-06-05T16:21:00+00:00,367.19,367.62,367.08,367.42,744
2026-06-05T16:24:00+00:00,367.42,367.82,367.2,367.68,670
2026-06-05T16:27:00+00:00,367.68,367.8,367.08,367.09,502
2026-06-05T16:30:00+00:00,367.09,367.46,366.98,367.3,656
2026-06-05T16:33:00+00:00,367.3,367.8,367.07,367.71,698
2026-06-05T16:36:00+00:00,367.71,367.79,367.19,367.76,601
2026-06-05T16:39:00+00:00,367.76,367.77,366.98,366.98,1066
2026-06-05T16:42:00+00:00,366.98,367.02,366.03,366.15,1199
2026-06-05T16:45:00+00:00,366.15,366.37,365.44,365.54,1454
2026-06-05T16:48:00+00:00,365.54,365.9,365.28,365.63,890
2026-06-05T16:51:00+00:00,365.63,366.95,365.44,366.79,794
2026-06-05T16:54:00+00:00,366.79,367.15,366.15,366.6,527
2026-06-05T16:57:00+00:00,366.6,367.28,366.27,367.09,619
2026-06-05T17:00:00+00:00,367.09,367.43,366.58,366.99,564
2026-06-05T17:03:00+00:00,366.99,367.67,366.92,367.22,512
2026-06-05T17:06:00+00:00,367.22,367.3,366.51,366.88,576
2026-06-05T17:09:00+00:00,366.88,367.39,366.49,366.55,812
2026-06-05T17:12:00+00:00,366.55,366.97,366.14,366.73,1098
2026-06-05T17:15:00+00:00,366.73,366.83,365.99,366.28,1034
2026-06-05T17:18:00+00:00,366.28,366.37,365.69,365.89,1231
2026-06-05T17:21:00+00:00,365.89,367.57,365.76,367.51,1084
2026-06-05T17:24:00+00:00,367.51,367.54,366.88,367.14,1023
2026-06-05T17:27:00+00:00,367.14,367.23,366.6,367.03,1017
2026-06-05T17:30:00+00:00,367.03,367.1,366.19,366.2,985
2026-06-05T17:33:00+00:00,366.2,366.54,365.93,366.33,928
2026-06-05T17:36:00+00:00,366.33,366.47,365.9,366.07,1131
2026-06-05T17:39:00+00:00,366.07,366.7,366,366.19,1263
2026-06-05T17:42:00+00:00,366.19,366.31,365.89,365.98,978
2026-06-05T17:45:00+00:00,365.98,366.55,365.89,366.27,959
2026-06-05T17:48:00+00:00,366.27,366.4,366.02,366.33,836
2026-06-05T17:51:00+00:00,366.33,366.35,365.72,366.09,881
2026-06-05T17:54:00+00:00,366.09,366.4,365.9,366.23,843
2026-06-05T17:57:00+00:00,366.23,366.67,365.92,366.52,773
2026-06-05T18:00:00+00:00,366.52,366.94,366.41,366.57,966
2026-06-05T18:03:00+00:00,366.57,366.71,366.18,366.38,963
2026-06-05T18:06:00+00:00,366.38,366.77,366.34,366.66,1030
2026-06-05T18:09:00+00:00,366.66,367.04,365.93,366.01,657
2026-06-05T18:12:00+00:00,366.01,366.63,364.48,364.51,648
2026-06-05T18:15:00+00:00,364.51,364.75,363.52,364.59,698
2026-06-05T18:18:00+00:00,364.59,365.64,364.46,365.54,653
2026-06-05T18:21:00+00:00,365.54,366.2,365.26,365.91,609
2026-06-05T18:24:00+00:00,365.91,366.3,365.04,365.11,549
2026-06-05T18:27:00+00:00,365.11,365.79,364.3,364.66,856
2026-06-05T18:30:00+00:00,364.66,365.21,364.2,364.45,798
2026-06-05T18:33:00+00:00,364.45,364.97,364.31,364.68,975
2026-06-05T18:36:00+00:00,364.68,365.35,364.59,364.73,975
2026-06-05T18:39:00+00:00,364.73,365.63,364.73,364.93,785
2026-06-05T18:42:00+00:00,364.93,365.61,364.89,365.2,865
2026-06-05T18:45:00+00:00,365.2,365.7,364.63,365.03,1232
2026-06-05T18:48:00+00:00,365.03,365.47,364.48,365.09,1179
2026-06-05T18:51:00+00:00,365.09,365.25,364.39,364.4,646
2026-06-05T18:54:00+00:00,364.4,365.57,364.31,365.1,1075
2026-06-05T18:57:00+00:00,365.1,365.1,364.14,364.16,1055
2026-06-05T19:00:00+00:00,364.16,364.38,363.24,363.68,512
2026-06-05T19:03:00+00:00,363.68,363.75,363.22,363.59,560
2026-06-05T19:06:00+00:00,363.59,363.9,363.22,363.33,652
2026-06-05T19:09:00+00:00,363.33,363.69,362.74,362.94,652
2026-06-05T19:12:00+00:00,362.94,363.12,362.56,362.64,717
2026-06-05T19:15:00+00:00,362.64,362.64,362,362.01,661
2026-06-05T19:18:00+00:00,362.01,362.44,361.79,362.26,504
2026-06-05T19:21:00+00:00,362.26,362.35,361.53,361.53,538
2026-06-05T19:24:00+00:00,361.53,362.35,361.53,362.06,683
2026-06-05T19:27:00+00:00,362.06,362.7,361.89,362.65,1051
2026-06-05T19:30:00+00:00,362.65,362.7,361.89,361.99,940
2026-06-05T19:33:00+00:00,361.99,362.27,361.7,361.79,589
2026-06-05T19:36:00+00:00,361.79,362.17,361.54,362.09,466
2026-06-05T19:39:00+00:00,362.09,362.44,361.42,361.59,861
2026-06-05T19:42:00+00:00,361.59,362.22,361.44,362.05,1078
2026-06-05T19:45:00+00:00,362.05,363.29,361.89,363.28,1192
2026-06-05T19:48:00+00:00,363.28,363.84,363.17,363.74,1314
2026-06-05T19:51:00+00:00,363.74,364.33,363.47,363.6,977
2026-06-05T19:54:00+00:00,363.6,366.15,363.6,365.58,1304
2026-06-05T19:57:00+00:00,365.58,366.27,365.21,365.68,1177
2026-06-08T13:30:00+00:00,365.68,365.68,360.66,361.59,798
2026-06-08T13:33:00+00:00,361.59,362.85,360,360.09,691
2026-06-08T13:36:00+00:00,360.09,362.59,359.69,362.38,945
2026-06-08T13:39:00+00:00,362.38,363.2,360.9,361.15,753
2026-06-08T13:42:00+00:00,361.15,362.74,360.89,361.96,736
2026-06-08T13:45:00+00:00,361.96,362.13,361.19,361.49,745
2026-06-08T13:48:00+00:00,361.49,361.6,360.65,360.9,663
2026-06-08T13:51:00+00:00,360.9,361.62,360.8,361.56,723
2026-06-08T13:54:00+00:00,361.56,361.65,360.68,361,783
2026-06-08T13:57:00+00:00,361,361.3,359.91,359.98,740
2026-06-08T14:00:00+00:00,359.98,360.13,358.98,359.19,892
2026-06-08T14:03:00+00:00,359.19,359.81,358.76,358.94,653
2026-06-08T14:06:00+00:00,358.94,359.44,358.38,358.67,795
2026-06-08T14:09:00+00:00,358.67,358.82,357.87,358.67,944
2026-06-08T14:12:00+00:00,358.67,358.75,357.69,358.13,685
2026-06-08T14:15:00+00:00,358.13,358.87,357.73,358.87,704
2026-06-08T14:18:00+00:00,358.87,359.51,358.21,359.3,675
2026-06-08T14:21:00+00:00,359.3,359.35,358.49,358.89,554
2026-06-08T14:24:00+00:00,358.89,359.06,358.16,358.49,747
2026-06-08T14:27:00+00:00,358.49,359.09,358.39,359,549
2026-06-08T14:30:00+00:00,359,359.31,358.75,358.95,743
2026-06-08T14:33:00+00:00,358.95,359.06,358.47,358.92,738
2026-06-08T14:36:00+00:00,358.92,359.42,358.7,359.3,694
2026-06-08T14:39:00+00:00,359.3,359.35,358.18,358.25,689
2026-06-08T14:42:00+00:00,358.25,358.61,358.08,358.48,610
2026-06-08T14:45:00+00:00,358.48,359.73,358.46,359.29,846
2026-06-08T14:48:00+00:00,359.29,360.07,359.28,359.88,550
2026-06-08T14:51:00+00:00,359.88,360.72,359.88,360.65,532
2026-06-08T14:54:00+00:00,360.65,360.9,360.47,360.73,577
2026-06-08T14:57:00+00:00,360.73,361.59,360.43,361.45,536
2026-06-08T15:00:00+00:00,361.45,361.74,361.12,361.59,493
2026-06-08T15:03:00+00:00,361.59,361.69,360.58,360.59,649
2026-06-08T15:06:00+00:00,360.59,360.89,360.44,360.59,420
2026-06-08T15:09:00+00:00,360.59,360.86,360.44,360.52,432
2026-06-08T15:12:00+00:00,360.52,361.19,360.28,360.71,474
2026-06-08T15:15:00+00:00,360.71,361.09,360.38,360.62,583
2026-06-08T15:18:00+00:00,360.62,361.11,360.38,360.69,474
2026-06-08T15:21:00+00:00,360.69,361.4,360.2,361.34,549
2026-06-08T15:24:00+00:00,361.34,361.57,360.57,360.78,449
2026-06-08T15:27:00+00:00,360.78,360.81,360.25,360.26,498
2026-06-08T15:30:00+00:00,360.26,360.34,359.72,359.74,706
2026-06-08T15:33:00+00:00,359.74,360.07,359.63,359.71,573
2026-06-08T15:36:00+00:00,359.71,360.05,359.48,359.92,527
2026-06-08T15:39:00+00:00,359.92,360.52,359.78,359.83,655
2026-06-08T15:42:00+00:00,359.83,360.04,359.48,359.75,522
2026-06-08T15:45:00+00:00,359.75,360.04,359.68,359.88,480
2026-06-08T15:48:00+00:00,359.88,359.89,359.2,359.34,552
2026-06-08T15:51:00+00:00,359.34,359.45,359.18,359.2,454
2026-06-08T15:54:00+00:00,359.2,359.25,358.51,358.55,552
2026-06-08T15:57:00+00:00,358.55,359.04,358.53,358.99,534
2026-06-08T16:00:00+00:00,358.99,359.26,358.82,359.14,699
2026-06-08T16:03:00+00:00,359.14,359.5,359.09,359.5,502
2026-06-08T16:06:00+00:00,359.5,359.61,359.05,359.28,538
2026-06-08T16:09:00+00:00,359.28,359.3,358.81,359.18,483
2026-06-08T16:12:00+00:00,359.18,359.47,359.18,359.36,445
2026-06-08T16:15:00+00:00,359.36,359.65,359.13,359.19,406
2026-06-08T16:18:00+00:00,359.19,359.89,359.17,359.72,394
2026-06-08T16:21:00+00:00,359.72,359.81,359.26,359.36,479
2026-06-08T16:24:00+00:00,359.36,359.63,359.28,359.5,588
2026-06-08T16:27:00+00:00,359.5,359.5,358.88,359.02,555
2026-06-08T16:30:00+00:00,359.02,359.58,358.89,359.55,558
2026-06-08T16:33:00+00:00,359.55,359.71,359.18,359.4,547
2026-06-08T16:36:00+00:00,359.4,359.61,359.04,359.13,571
2026-06-08T16:39:00+00:00,359.13,359.66,359.11,359.53,439
2026-06-08T16:42:00+00:00,359.53,359.61,359.17,359.47,390
2026-06-08T16:45:00+00:00,359.47,360.1,359.46,359.97,363
2026-06-08T16:48:00+00:00,359.97,360.12,359.79,359.9,423
2026-06-08T16:51:00+00:00,359.9,360.01,359.4,359.4,489
2026-06-08T16:54:00+00:00,359.4,359.63,359.08,359.32,340
2026-06-08T16:57:00+00:00,359.32,359.42,359.08,359.23,293
2026-06-08T17:00:00+00:00,359.23,359.25,358.58,358.59,635
2026-06-08T17:03:00+00:00,358.59,358.9,358.12,358.69,621
2026-06-08T17:06:00+00:00,358.69,359.02,358.59,358.79,694
2026-06-08T17:09:00+00:00,358.79,358.82,358.22,358.37,688
2026-06-08T17:12:00+00:00,358.37,358.77,358.22,358.73,688
2026-06-08T17:15:00+00:00,358.73,359.04,358.62,358.89,478
2026-06-08T17:18:00+00:00,358.89,359.39,358.69,359.37,486
2026-06-08T17:21:00+00:00,359.37,359.82,359.31,359.82,595
2026-06-08T17:24:00+00:00,359.82,360.46,359.68,360.24,634
2026-06-08T17:27:00+00:00,360.24,361.55,360.21,361.26,812
2026-06-08T17:30:00+00:00,361.26,361.93,360.79,360.9,995
2026-06-08T17:33:00+00:00,360.9,362.21,360.89,361.61,740
2026-06-08T17:36:00+00:00,361.61,361.88,360.89,361.65,685
2026-06-08T17:39:00+00:00,361.65,361.76,360.97,361.22,374
2026-06-08T17:42:00+00:00,361.22,361.57,361,361.03,570
2026-06-08T17:45:00+00:00,361.03,361.27,360.68,361.19,738
2026-06-08T17:48:00+00:00,361.19,361.5,360.88,361.41,602
2026-06-08T17:51:00+00:00,361.41,361.78,361.24,361.57,527
2026-06-08T17:54:00+00:00,361.57,361.61,361.23,361.32,589
2026-06-08T17:57:00+00:00,361.32,361.5,361.23,361.39,451
2026-06-08T18:00:00+00:00,361.39,361.61,361.21,361.42,547
2026-06-08T18:03:00+00:00,361.42,361.61,361.38,361.47,561
2026-06-08T18:06:00+00:00,361.47,361.74,361.44,361.68,495
2026-06-08T18:09:00+00:00,361.68,361.88,361.13,361.24,385
2026-06-08T18:12:00+00:00,361.24,361.41,360.59,361.34,612
2026-06-08T18:15:00+00:00,361.34,361.5,361,361.07,482
2026-06-08T18:18:00+00:00,361.07,361.14,360.98,361.12,335
2026-06-08T18:21:00+00:00,361.12,361.38,360.98,361.3,372
2026-06-08T18:24:00+00:00,361.3,361.33,361.03,361.28,347
2026-06-08T18:27:00+00:00,361.28,361.72,361.11,361.69,466
2026-06-08T18:30:00+00:00,361.69,362.23,361.15,362.01,533
2026-06-08T18:33:00+00:00,362.01,362.24,361.43,361.79,414
2026-06-08T18:36:00+00:00,361.79,362.05,361.45,361.45,404
2026-06-08T18:39:00+00:00,361.45,361.55,361.12,361.33,567
2026-06-08T18:42:00+00:00,361.33,361.57,361.14,361.28,514
2026-06-08T18:45:00+00:00,361.28,361.6,361.27,361.34,381
2026-06-08T18:48:00+00:00,361.34,361.41,360.98,361.11,458
2026-06-08T18:51:00+00:00,361.11,361.11,360.89,360.91,353
2026-06-08T18:54:00+00:00,360.91,361.21,360.61,361.04,425
2026-06-08T18:57:00+00:00,361.04,361.16,360.84,360.86,301
2026-06-08T19:00:00+00:00,360.86,360.91,360.38,360.62,307
2026-06-08T19:03:00+00:00,360.62,360.76,360.47,360.7,319
2026-06-08T19:06:00+00:00,360.7,360.93,360.59,360.83,360
2026-06-08T19:09:00+00:00,360.83,360.95,360.38,360.43,520
2026-06-08T19:12:00+00:00,360.43,360.46,360.16,360.17,688
2026-06-08T19:15:00+00:00,360.17,360.31,359.93,360.09,503
2026-06-08T19:18:00+00:00,360.09,360.26,359.99,360.21,413
2026-06-08T19:21:00+00:00,360.21,360.33,359.79,359.88,478
2026-06-08T19:24:00+00:00,359.88,360.02,359.49,359.83,508
2026-06-08T19:27:00+00:00,359.83,360.28,359.82,360.28,504
2026-06-08T19:30:00+00:00,360.28,360.49,360.02,360.28,544
2026-06-08T19:33:00+00:00,360.28,360.42,360.12,360.26,377
2026-06-08T19:36:00+00:00,360.26,360.3,360.11,360.17,442
2026-06-08T19:39:00+00:00,360.17,360.25,359.65,360.13,482
2026-06-08T19:42:00+00:00,360.13,360.51,360.02,360.51,452
2026-06-08T19:45:00+00:00,360.51,361.09,360.44,360.78,611
2026-06-08T19:48:00+00:00,360.78,360.94,360.4,360.48,604
2026-06-08T19:51:00+00:00,360.48,360.83,360.15,360.78,390
2026-06-08T19:54:00+00:00,360.78,361.08,359.95,360.91,790
2026-06-08T19:57:00+00:00,360.91,361.44,360.69,361.1,1155
2026-06-09T13:30:00+00:00,361.1,367.49,361.1,367.46,826
2026-06-09T13:33:00+00:00,367.46,369.49,367.04,368.55,859
2026-06-09T13:36:00+00:00,368.55,368.95,366.88,367.52,912
2026-06-09T13:39:00+00:00,367.52,368.39,366.11,366.84,981
2026-06-09T13:42:00+00:00,366.84,368.4,366.65,368.3,736
2026-06-09T13:45:00+00:00,368.3,368.42,367.26,368.34,768
2026-06-09T13:48:00+00:00,368.34,369.12,367.01,367.73,976
2026-06-09T13:51:00+00:00,367.73,368.56,367.3,368.05,892
2026-06-09T13:54:00+00:00,368.05,368.22,366.53,367.07,713
2026-06-09T13:57:00+00:00,367.07,367.89,366.78,366.79,559
2026-06-09T14:00:00+00:00,366.79,367.74,366.62,367.3,937
2026-06-09T14:03:00+00:00,367.3,368.12,367.12,367.76,1083
2026-06-09T14:06:00+00:00,367.76,368.12,367.38,367.92,879
2026-06-09T14:09:00+00:00,367.92,368.08,366.71,366.81,928
2026-06-09T14:12:00+00:00,366.81,366.88,365.24,365.43,916
2026-06-09T14:15:00+00:00,365.43,365.56,363.76,363.88,1145
2026-06-09T14:18:00+00:00,363.88,364.33,363.44,363.74,1125
2026-06-09T14:21:00+00:00,363.74,365.3,363.58,365.1,1045
2026-06-09T14:24:00+00:00,365.1,365.37,364.59,364.61,1187
2026-06-09T14:27:00+00:00,364.61,365.47,364.45,365.35,1077
2026-06-09T14:30:00+00:00,365.35,366.41,364.89,366.24,1248
2026-06-09T14:33:00+00:00,366.24,366.47,365.8,366.02,1078
2026-06-09T14:36:00+00:00,366.02,366.09,364.91,365.06,1367
2026-06-09T14:39:00+00:00,365.06,365.26,364.43,364.43,1013
2026-06-09T14:42:00+00:00,364.43,364.55,362.9,362.9,1028
2026-06-09T14:45:00+00:00,362.9,363.03,362.03,362.03,1396
2026-06-09T14:48:00+00:00,362.03,362.29,360.89,360.91,1791
2026-06-09T14:51:00+00:00,360.91,361.77,360.81,360.97,1512
2026-06-09T14:54:00+00:00,360.97,362.04,360.91,361.76,1365
2026-06-09T14:57:00+00:00,361.76,362.71,361.75,362.29,1004
2026-06-09T15:00:00+00:00,362.29,362.56,361.46,361.5,1321
2026-06-09T15:03:00+00:00,361.5,362.19,361.43,361.45,1009
2026-06-09T15:06:00+00:00,361.45,361.95,361.43,361.57,1069
2026-06-09T15:09:00+00:00,361.57,362.22,361.41,361.66,974
2026-06-09T15:12:00+00:00,361.66,361.86,361.19,361.45,930
2026-06-09T15:15:00+00:00,361.45,361.52,360.39,360.67,883
2026-06-09T15:18:00+00:00,360.67,361.02,360.41,360.72,950
2026-06-09T15:21:00+00:00,360.72,360.84,360.23,360.33,1125
2026-06-09T15:24:00+00:00,360.33,360.34,359.14,359.29,1352
2026-06-09T15:27:00+00:00,359.29,359.46,358.01,358.37,1298
2026-06-09T15:30:00+00:00,358.37,358.69,357.71,358.01,1404
2026-06-09T15:33:00+00:00,358.01,358.33,357.47,357.89,1309
2026-06-09T15:36:00+00:00,357.89,358.08,357.04,357.3,1108
2026-06-09T15:39:00+00:00,357.3,357.91,357.1,357.74,1384
2026-06-09T15:42:00+00:00,357.74,358.4,357.61,357.96,706
2026-06-09T15:45:00+00:00,357.96,358.67,357.88,358.26,982
2026-06-09T15:48:00+00:00,358.26,358.78,357.93,358.12,1076
2026-06-09T15:51:00+00:00,358.12,359.05,357.88,358.65,1207
2026-06-09T15:54:00+00:00,358.65,358.93,358.04,358.39,1112
2026-06-09T15:57:00+00:00,358.39,358.4,357.46,357.6,1616
2026-06-09T16:00:00+00:00,357.6,358.85,357.58,358.47,1462
2026-06-09T16:03:00+00:00,358.47,358.82,358.15,358.25,1179
2026-06-09T16:06:00+00:00,358.25,358.65,357.91,358.05,1463
2026-06-09T16:09:00+00:00,358.05,358.38,357.63,358.26,1582
2026-06-09T16:12:00+00:00,358.26,358.42,357.56,357.67,1121
2026-06-09T16:15:00+00:00,357.67,357.79,356.68,356.91,1089
2026-06-09T16:18:00+00:00,356.91,357.1,355.68,355.78,693
2026-06-09T16:21:00+00:00,355.78,356.86,355.78,356.48,608
2026-06-09T16:24:00+00:00,356.48,357.49,356.48,356.95,496
2026-06-09T16:27:00+00:00,356.95,358.26,356.94,358.13,767
2026-06-09T16:30:00+00:00,358.13,358.9,357.48,358.88,1590
2026-06-09T16:33:00+00:00,358.88,358.93,357.88,358.52,1313
2026-06-09T16:36:00+00:00,358.52,358.52,355.88,356.03,1613
2026-06-09T16:39:00+00:00,356.03,356.38,354.58,354.67,1560
2026-06-09T16:42:00+00:00,354.67,355.76,354.67,355.71,1361
2026-06-09T16:45:00+00:00,355.71,356.26,355.39,356.14,1486
2026-06-09T16:48:00+00:00,356.14,356.17,355.13,355.69,1563
2026-06-09T16:51:00+00:00,355.69,356.69,355.51,356.03,1273
2026-06-09T16:54:00+00:00,356.03,356.22,355.39,355.98,1357
2026-06-09T16:57:00+00:00,355.98,357.47,355.71,357.4,1128
2026-06-09T17:00:00+00:00,357.4,358.18,357.19,358.01,1001
2026-06-09T17:03:00+00:00,358.01,358.72,357.9,358.5,1140
2026-06-09T17:06:00+00:00,358.5,358.64,357.89,358.37,1043
2026-06-09T17:09:00+00:00,358.37,359,358.28,358.88,1183
2026-06-09T17:12:00+00:00,358.88,359.79,358.88,359.49,1300
2026-06-09T17:15:00+00:00,359.49,359.74,358.89,359.67,1125
2026-06-09T17:18:00+00:00,359.67,360.19,359.5,360,1195
2026-06-09T17:21:00+00:00,360,360.49,359.39,359.68,1317
2026-06-09T17:24:00+00:00,359.68,360.18,359.4,360.08,1226
2026-06-09T17:27:00+00:00,360.08,360.31,359.88,360.31,1128
2026-06-09T17:30:00+00:00,360.31,360.42,359.88,359.96,1296
2026-06-09T17:33:00+00:00,359.96,360.57,359.96,360.39,1129
2026-06-09T17:36:00+00:00,360.39,361.21,360.3,360.99,1104
2026-06-09T17:39:00+00:00,360.99,361.45,360.7,361.45,980
2026-06-09T17:42:00+00:00,361.45,362.5,361.22,361.91,1312
2026-06-09T17:45:00+00:00,361.91,361.96,361.02,361.39,1291
2026-06-09T17:48:00+00:00,361.39,361.53,360.47,361.32,1433
2026-06-09T17:51:00+00:00,361.32,362.06,361.07,361.35,1162
2026-06-09T17:54:00+00:00,361.35,361.9,361.11,361.32,1184
2026-06-09T17:57:00+00:00,361.32,361.71,361.15,361.29,959
2026-06-09T18:00:00+00:00,361.29,361.95,361.13,361.8,1018
2026-06-09T18:03:00+00:00,361.8,361.96,361.32,361.89,979
2026-06-09T18:06:00+00:00,361.89,362.35,361.54,362.28,1003
2026-06-09T18:09:00+00:00,362.28,362.51,361.58,362.01,1270
2026-06-09T18:12:00+00:00,362.01,362.25,361.81,362.02,835
2026-06-09T18:15:00+00:00,362.02,362.44,361.71,362.14,1061
2026-06-09T18:18:00+00:00,362.14,363.01,362.12,362.52,915
2026-06-09T18:21:00+00:00,362.52,362.83,362.28,362.79,773
2026-06-09T18:24:00+00:00,362.79,362.92,362.15,362.34,930
2026-06-09T18:27:00+00:00,362.34,362.99,362.24,362.96,902
2026-06-09T18:30:00+00:00,362.96,363.54,362.59,362.68,1203
2026-06-09T18:33:00+00:00,362.68,363.26,362.68,363.01,810
2026-06-09T18:36:00+00:00,363.01,363.37,362.96,363.31,879
2026-06-09T18:39:00+00:00,363.31,363.53,362.82,362.99,790
2026-06-09T18:42:00+00:00,362.99,363.14,362.45,362.59,793
2026-06-09T18:45:00+00:00,362.59,362.89,362.49,362.62,863
2026-06-09T18:48:00+00:00,362.62,363.37,362.55,363.05,1128
2026-06-09T18:51:00+00:00,363.05,363.46,363.05,363.16,1068
2026-06-09T18:54:00+00:00,363.16,363.51,362.91,363.51,1035
2026-06-09T18:57:00+00:00,363.51,364.04,363.41,363.55,1108
2026-06-09T19:00:00+00:00,363.55,363.81,363.34,363.66,1373
2026-06-09T19:03:00+00:00,363.66,364.47,363.57,364.26,1287
2026-06-09T19:06:00+00:00,364.26,364.32,363.35,364.09,1202
2026-06-09T19:09:00+00:00,364.09,364.31,363.53,363.65,1137
2026-06-09T19:12:00+00:00,363.65,363.98,363.18,363.29,1171
2026-06-09T19:15:00+00:00,363.29,363.33,362.3,362.93,1698
2026-06-09T19:18:00+00:00,362.93,363.32,362.55,362.86,1685
2026-06-09T19:21:00+00:00,362.86,362.86,362.24,362.26,1566
2026-06-09T19:24:00+00:00,362.26,362.56,361.64,361.8,1269
2026-06-09T19:27:00+00:00,361.8,361.92,361.39,361.82,1246
2026-06-09T19:30:00+00:00,361.82,361.9,361.39,361.66,1489
2026-06-09T19:33:00+00:00,361.66,361.83,361.39,361.66,1163
2026-06-09T19:36:00+00:00,361.66,362.1,361.38,361.5,1337
2026-06-09T19:39:00+00:00,361.5,361.55,360.76,361.09,1195
2026-06-09T19:42:00+00:00,361.09,361.26,360.88,361.09,1133
2026-06-09T19:45:00+00:00,361.09,361.46,360.88,360.88,1190
2026-06-09T19:48:00+00:00,360.88,361.97,360.4,361.85,1265
2026-06-09T19:51:00+00:00,361.85,362.62,361.06,362.49,635
2026-06-09T19:54:00+00:00,362.49,363.04,361.95,362.05,1071
2026-06-09T19:57:00+00:00,362.05,362.68,361.73,361.73,1383
2026-06-10T13:30:00+00:00,361.73,362.67,358.88,361.16,695
2026-06-10T13:33:00+00:00,361.16,361.72,360.54,361.03,633
2026-06-10T13:36:00+00:00,361.03,362.31,360.66,362,1142
2026-06-10T13:39:00+00:00,362,362.73,361.7,362.42,713
2026-06-10T13:42:00+00:00,362.42,363.91,361.78,363.12,1339
2026-06-10T13:45:00+00:00,363.12,363.25,361.16,361.79,1420
2026-06-10T13:48:00+00:00,361.79,361.96,360.88,360.88,1348
2026-06-10T13:51:00+00:00,360.88,361.55,360.78,361.16,1311
2026-06-10T13:54:00+00:00,361.16,363.62,361.16,363.56,1072
2026-06-10T13:57:00+00:00,363.56,364.35,362.67,363.74,1446
2026-06-10T14:00:00+00:00,363.74,363.9,362.88,363.24,1139
2026-06-10T14:03:00+00:00,363.24,364.63,363.17,364.03,974
2026-06-10T14:06:00+00:00,364.03,364.85,363.66,363.76,1007
2026-06-10T14:09:00+00:00,363.76,365.25,363.57,365.17,1217
2026-06-10T14:12:00+00:00,365.17,365.63,364.46,364.78,1326
2026-06-10T14:15:00+00:00,364.78,364.95,363.29,364.64,1460
2026-06-10T14:18:00+00:00,364.64,364.73,363.99,364.26,942
2026-06-10T14:21:00+00:00,364.26,365.58,364.24,365.4,1065
2026-06-10T14:24:00+00:00,365.4,366.17,364.99,365.14,1265
2026-06-10T14:27:00+00:00,365.14,365.45,364.52,364.95,1040
2026-06-10T14:30:00+00:00,364.95,365.18,363.61,364.02,992
2026-06-10T14:33:00+00:00,364.02,364.26,363.51,363.71,950
2026-06-10T14:36:00+00:00,363.71,363.75,362.36,362.6,1027
2026-06-10T14:39:00+00:00,362.6,363.48,362.39,363.27,839
2026-06-10T14:42:00+00:00,363.27,363.41,362.38,362.38,700
2026-06-10T14:45:00+00:00,362.38,362.68,362.1,362.13,842
2026-06-10T14:48:00+00:00,362.13,362.27,361.65,362.16,688
2026-06-10T14:51:00+00:00,362.16,362.45,361.5,361.5,705
2026-06-10T14:54:00+00:00,361.5,362.08,360.51,360.94,1008
2026-06-10T14:57:00+00:00,360.94,361.05,-1423.12,-1422.7599999999998,1137.4145494176146
2026-06-10T15:00:00+00:00,360.93,361.87,360.4,361.38,1319
2026-06-10T15:03:00+00:00,361.38,361.72,361.12,361.14,1063
2026-06-10T15:06:00+00:00,361.14,361.2,360.39,360.78,1042
2026-06-10T15:09:00+00:00,360.78,360.91,359.95,359.95,962
2026-06-10T15:12:00+00:00,359.95,360.04,359.28,359.29,1238
2026-06-10T15:15:00+00:00,359.29,359.3,358.38,358.93,1114
2026-06-10T15:18:00+00:00,358.93,359.62,358.28,359.6,1072
2026-06-10T15:21:00+00:00,359.6,360.37,359.41,360.24,762
2026-06-10T15:24:00+00:00,360.24,360.6,359.88,360.27,686
2026-06-10T15:27:00+00:00,360.27,360.65,359.89,359.9,675
2026-06-10T15:30:00+00:00,359.9,360.12,359.38,359.5,616
2026-06-10T15:33:00+00:00,359.5,359.62,358.89,359.12,536
2026-06-10T15:36:00+00:00,359.12,359.84,358.79,358.79,423
2026-06-10T15:39:00+00:00,358.79,359.25,358.58,359.08,553
2026-06-10T15:42:00+00:00,359.08,359.82,358.68,359.51,653
2026-06-10T15:45:00+00:00,359.51,359.83,358.39,358.39,744
2026-06-10T15:48:00+00:00,358.39,358.48,357.1,357.1,1254
2026-06-10T15:51:00+00:00,357.1,358.3,356.88,358.23,1191
2026-06-10T15:54:00+00:00,358.23,358.68,357.76,357.81,1076
2026-06-10T15:57:00+00:00,357.81,358.68,357.76,358.29,1467
2026-06-10T16:00:00+00:00,358.29,358.69,357.89,358.02,1096
2026-06-10T16:03:00+00:00,358.02,358.21,357.88,357.98,980
2026-06-10T16:06:00+00:00,357.98,358.2,357.19,357.21,1054
2026-06-10T16:09:00+00:00,357.21,357.3,356.98,357.04,859
2026-06-10T16:12:00+00:00,357.04,357.31,356.41,356.56,719
2026-06-10T16:15:00+00:00,356.56,356.91,356.39,356.43,659
2026-06-10T16:18:00+00:00,356.43,356.77,356.28,356.65,853
2026-06-10T16:21:00+00:00,356.65,356.79,356.29,356.47,1041
2026-06-10T16:24:00+00:00,356.47,356.69,356.14,356.37,588
2026-06-10T16:27:00+00:00,356.37,356.48,356,356.19,513
2026-06-10T16:30:00+00:00,356.19,356.2,355.78,355.94,554
2026-06-10T16:33:00+00:00,355.94,356.44,355.79,356.26,663
2026-06-10T16:36:00+00:00,356.26,356.85,356.15,356.52,770
2026-06-10T16:39:00+00:00,356.52,356.73,355.98,355.98,655
2026-06-10T16:42:00+00:00,355.98,356.05,355.7,355.91,464
2026-06-10T16:45:00+00:00,355.91,355.91,354.95,355.16,628
2026-06-10T16:48:00+00:00,355.16,355.56,355.03,355.43,555
2026-06-10T16:51:00+00:00,355.43,356.16,355.43,355.95,585
2026-06-10T16:54:00+00:00,355.95,355.99,355.38,355.77,423
2026-06-10T16:57:00+00:00,355.77,355.9,355.64,355.78,347
2026-06-10T17:00:00+00:00,355.78,356.27,355.72,356.08,560
2026-06-10T17:03:00+00:00,356.08,356.21,355.48,355.51,605
2026-06-10T17:06:00+00:00,355.51,355.73,355.06,355.11,478
2026-06-10T17:09:00+00:00,355.11,355.28,354.56,354.69,495
2026-06-10T17:12:00+00:00,354.69,354.82,354.32,354.38,459
2026-06-10T17:15:00+00:00,354.38,354.74,354.29,354.49,511
2026-06-10T17:18:00+00:00,354.49,354.5,354.19,354.47,445
2026-06-10T17:21:00+00:00,354.47,354.67,354.24,354.54,737
2026-06-10T17:24:00+00:00,354.54,354.75,354.28,354.41,520
2026-06-10T17:27:00+00:00,354.41,354.58,354.28,354.49,643
2026-06-10T17:30:00+00:00,354.49,354.52,353.78,354.04,690
2026-06-10T17:33:00+00:00,354.04,354.39,353.73,353.74,804
2026-06-10T17:36:00+00:00,353.74,354.23,353.59,353.95,611
2026-06-10T17:39:00+00:00,353.95,354.18,353.69,353.92,529
2026-06-10T17:42:00+00:00,353.92,354.15,353.76,353.79,451
2026-06-10T17:45:00+00:00,353.79,354.87,353.68,354.6,1060
2026-06-10T17:48:00+00:00,354.6,354.93,354.18,354.57,1026
2026-06-10T17:51:00+00:00,354.57,354.74,354.01,354.19,985
2026-06-10T17:54:00+00:00,354.19,355,354.16,354.92,1186
2026-06-10T17:57:00+00:00,354.92,355.05,354.48,354.74,879
2026-06-10T18:00:00+00:00,354.74,355.21,354.63,355.09,947
2026-06-10T18:03:00+00:00,355.09,355.14,354.74,354.9,634
2026-06-10T18:06:00+00:00,354.9,355.23,354.51,355.06,876
2026-06-10T18:09:00+00:00,355.06,355.06,354.53,354.61,958
2026-06-10T18:12:00+00:00,354.61,355.01,354.54,354.82,633
2026-06-10T18:15:00+00:00,354.82,355.13,354.61,354.62,811
2026-06-10T18:18:00+00:00,354.62,354.75,354.11,354.24,932
2026-06-10T18:21:00+00:00,354.24,354.46,354.08,354.39,617
2026-06-10T18:24:00+00:00,354.39,354.59,354,354.12,813
2026-06-10T18:27:00+00:00,354.12,354.49,353.96,354.25,848
2026-06-10T18:30:00+00:00,354.25,354.25,353.87,353.95,870
2026-06-10T18:33:00+00:00,353.95,354.28,353.79,354.11,705
2026-06-10T18:36:00+00:00,354.11,354.28,353.6,353.82,698
2026-06-10T18:39:00+00:00,353.82,354.11,353.78,353.9,600
2026-06-10T18:42:00+00:00,353.9,354.29,353.88,354.18,524
2026-06-10T18:45:00+00:00,354.18,354.48,353.96,354.29,706
2026-06-10T18:48:00+00:00,354.29,354.57,353.58,353.6,622
2026-06-10T18:51:00+00:00,353.6,354.2,353.58,354.04,793
2026-06-10T18:54:00+00:00,354.04,354.23,353.92,354.07,473
2026-06-10T18:57:00+00:00,354.07,354.45,353.98,354.15,491
2026-06-10T19:00:00+00:00,354.15,354.42,353.55,354.35,614
2026-06-10T19:03:00+00:00,354.35,354.76,354.13,354.42,586
2026-06-10T19:06:00+00:00,354.42,354.73,354.34,354.47,480
2026-06-10T19:09:00+00:00,354.47,354.5,353.9,353.9,446
2026-06-10T19:12:00+00:00,353.9,354.26,353.72,354.26,510
2026-06-10T19:15:00+00:00,354.26,354.98,354.16,354.92,816
2026-06-10T19:18:00+00:00,354.92,355.11,354.63,354.67,975
2026-06-10T19:21:00+00:00,354.67,354.82,354.38,354.55,856
2026-06-10T19:24:00+00:00,354.55,354.71,354.05,354.05,987
2026-06-10T19:27:00+00:00,354.05,354.37,353.98,354.3,1302
2026-06-10T19:30:00+00:00,354.3,354.41,353.95,354.1,1085
2026-06-10T19:33:00+00:00,354.1,354.4,354.01,354.19,906
2026-06-10T19:36:00+00:00,354.19,354.52,354.04,354.39,877
2026-06-10T19:39:00+00:00,354.39,354.65,354.28,354.42,915
2026-06-10T19:42:00+00:00,354.42,354.73,354.09,354.67,1092
2026-06-10T19:45:00+00:00,354.67,354.73,354.2,354.26,574
2026-06-10T19:48:00+00:00,354.26,354.28,352.66,353.47,1116
2026-06-10T19:51:00+00:00,353.47,353.48,352.86,353.19,653
2026-06-10T19:54:00+00:00,353.19,354.1,352.82,353.75,1280
2026-06-10T19:57:00+00:00,353.75,354.1,353.03,353.35,1401
2026-06-11T13:30:00+00:00,353.35,354.29,348.91,349.51,998
2026-06-11T13:33:00+00:00,349.51,351,347.59,347.59,626
2026-06-11T13:36:00+00:00,347.59,349.08,347.48,347.75,1186
2026-06-11T13:39:00+00:00,347.75,347.98,346.21,346.34,1193
2026-06-11T13:42:00+00:00,346.34,346.45,344.58,345.07,1488
2026-06-11T13:45:00+00:00,345.07,347.49,344.88,347.24,1697
2026-06-11T13:48:00+00:00,347.24,347.24,346.43,347.11,1460
2026-06-11T13:51:00+00:00,347.11,348.71,346.98,347.77,1171
2026-06-11T13:54:00+00:00,347.77,348.15,346.58,346.58,1384
2026-06-11T13:57:00+00:00,346.58,346.58,345.25,345.48,1068
2026-06-11T14:00:00+00:00,345.48,347.71,345.37,347.63,1058
2026-06-11T14:03:00+00:00,347.63,348.19,347.08,347.33,865
2026-06-11T14:06:00+00:00,347.33,348.38,347.19,347.36,906
2026-06-11T14:09:00+00:00,347.36,347.36,345.62,346.21,1423
2026-06-11T14:12:00+00:00,346.21,346.24,345.24,345.99,1350
2026-06-11T14:15:00+00:00,345.99,346.38,345.13,345.18,1478
2026-06-11T14:18:00+00:00,345.18,345.2,343.96,344.45,1575
2026-06-11T14:21:00+00:00,344.45,346.05,344.38,346.05,1311
2026-06-11T14:24:00+00:00,346.05,346.29,345.38,345.48,1276
2026-06-11T14:27:00+00:00,345.48,345.7,344.69,345.41,1149
2026-06-11T14:30:00+00:00,345.41,345.67,344.21,344.21,1257
2026-06-11T14:33:00+00:00,344.21,345.13,343.9,345.09,1277
2026-06-11T14:36:00+00:00,345.09,346.43,344.98,345.82,1247
2026-06-11T14:39:00+00:00,345.82,346.7,345.65,345.97,1039
2026-06-11T14:42:00+00:00,345.97,346.24,345.46,345.55,1108
2026-06-11T14:45:00+00:00,345.55,345.94,345.27,345.54,1069
2026-06-11T14:48:00+00:00,345.54,345.84,344.88,345.08,1164
2026-06-11T14:51:00+00:00,345.08,345.51,344.74,344.79,953
2026-06-11T14:54:00+00:00,344.79,345.17,343.91,344.07,986
2026-06-11T14:57:00+00:00,344.07,344.73,343.92,344.26,1066
2026-06-11T15:00:00+00:00,344.26,344.54,343.71,344.26,1311
2026-06-11T15:03:00+00:00,344.26,344.78,343.78,343.83,1348
2026-06-11T15:06:00+00:00,343.83,345.1,343.73,345.07,1235
2026-06-11T15:09:00+00:00,345.07,345.46,344.89,344.95,891
2026-06-11T15:12:00+00:00,344.95,345.36,344.63,344.63,1058
2026-06-11T15:15:00+00:00,344.63,345.29,344.55,344.55,916
2026-06-11T15:18:00+00:00,344.55,345.55,344.06,345.53,1038
2026-06-11T15:21:00+00:00,345.53,345.69,344.48,344.5,864
2026-06-11T15:24:00+00:00,344.5,345.26,344.39,345.17,891
2026-06-11T15:27:00+00:00,345.17,345.39,344.38,344.52,928
2026-06-11T15:30:00+00:00,344.52,345,344.43,344.84,1087
2026-06-11T15:33:00+00:00,344.84,345.01,344.18,344.89,1089
2026-06-11T15:36:00+00:00,344.89,345.6,344.78,345.31,1104
2026-06-11T15:39:00+00:00,345.31,345.74,345.08,345.34,810
2026-06-11T15:42:00+00:00,345.34,345.58,344.32,344.58,847
2026-06-11T15:45:00+00:00,344.58,344.71,344.29,344.51,818
2026-06-11T15:48:00+00:00,344.51,344.53,344.08,344.33,755
2026-06-11T15:51:00+00:00,344.33,344.36,343.9,344,740
2026-06-11T15:54:00+00:00,344,344.68,343.98,344.67,880
2026-06-11T15:57:00+00:00,344.67,345.15,344.65,345.03,828
2026-06-11T16:00:00+00:00,345.03,345.55,344.94,345.43,971
2026-06-11T16:03:00+00:00,345.43,345.51,344.88,345.35,872
2026-06-11T16:06:00+00:00,345.35,345.69,345.34,345.57,810
2026-06-11T16:09:00+00:00,345.57,346.27,345.31,346.25,1008
2026-06-11T16:12:00+00:00,346.25,346.68,346.06,346.62,1058
2026-06-11T16:15:00+00:00,346.62,347.01,346.48,346.75,1014
2026-06-11T16:18:00+00:00,346.75,347.25,346.68,346.9,767
2026-06-11T16:21:00+00:00,346.9,346.93,346,346.22,1003
2026-06-11T16:24:00+00:00,346.22,346.24,345.78,345.97,746
2026-06-11T16:27:00+00:00,345.97,346.19,345.38,345.38,824
2026-06-11T16:30:00+00:00,345.38,345.61,345.08,345.26,913
2026-06-11T16:33:00+00:00,345.26,346.61,345.22,346.43,1131
2026-06-11T16:36:00+00:00,346.43,346.85,346.35,346.43,923
2026-06-11T16:39:00+00:00,346.43,346.5,345.88,345.89,833
2026-06-11T16:42:00+00:00,345.89,346.17,345.88,346.06,818
2026-06-11T16:45:00+00:00,346.06,346.19,345.63,345.78,711
2026-06-11T16:48:00+00:00,345.78,345.94,345.33,345.62,804
2026-06-11T16:51:00+00:00,345.62,345.62,344.96,345.1,719
2026-06-11T16:54:00+00:00,345.1,345.34,344.78,344.88,731
2026-06-11T16:57:00+00:00,344.88,344.97,344.68,344.69,610
2026-06-11T17:00:00+00:00,344.69,345.08,344.31,344.33,784
2026-06-11T17:03:00+00:00,344.33,344.46,343.75,344.4,888
2026-06-11T17:06:00+00:00,344.4,344.78,344.15,344.6,734
2026-06-11T17:09:00+00:00,344.6,344.84,344.39,344.75,859
2026-06-11T17:12:00+00:00,344.75,344.82,344.18,344.31,725
2026-06-11T17:15:00+00:00,344.31,344.42,343.88,343.88,771
2026-06-11T17:18:00+00:00,343.88,344.3,343.49,344.24,834
2026-06-11T17:21:00+00:00,344.24,344.33,343.82,344.31,728
2026-06-11T17:24:00+00:00,344.31,344.91,344.16,344.75,741
2026-06-11T17:27:00+00:00,344.75,348.21,344.7,347.92,1043
2026-06-11T17:30:00+00:00,347.92,349.76,347.91,349.47,845
2026-06-11T17:33:00+00:00,349.47,350.13,348.88,349.71,782
2026-06-11T17:36:00+00:00,349.71,349.92,348.88,349.16,567
2026-06-11T17:39:00+00:00,349.16,350.01,348.88,349.69,522
2026-06-11T17:42:00+00:00,349.69,350.86,349.57,350.73,493
2026-06-11T17:45:00+00:00,350.73,350.84,349.36,349.68,566
2026-06-11T17:48:00+00:00,349.68,349.99,348.59,348.6,551
2026-06-11T17:51:00+00:00,348.6,349.24,348.42,348.75,507
2026-06-11T17:54:00+00:00,348.75,349.09,348.49,348.64,502
2026-06-11T17:57:00+00:00,348.64,349.42,348.61,349.32,476
2026-06-11T18:00:00+00:00,349.32,349.56,348.81,348.93,516
2026-06-11T18:03:00+00:00,348.93,349.05,348.18,348.29,584
2026-06-11T18:06:00+00:00,348.29,348.93,348.29,348.58,564
2026-06-11T18:09:00+00:00,348.58,349.11,348.31,349.02,523
2026-06-11T18:12:00+00:00,349.02,349.4,348.77,349.07,550
2026-06-11T18:15:00+00:00,349.07,350.78,348.88,350.49,587
2026-06-11T18:18:00+00:00,350.49,351.05,350.39,350.55,387
2026-06-11T18:21:00+00:00,350.55,350.7,349.88,350.25,586
2026-06-11T18:24:00+00:00,350.25,350.64,349.89,350.23,345
2026-06-11T18:27:00+00:00,350.23,350.36,349.99,350.11,379
2026-06-11T18:30:00+00:00,350.11,350.86,350.08,350.22,452
2026-06-11T18:33:00+00:00,350.22,350.53,349.89,350.27,447
2026-06-11T18:36:00+00:00,350.27,350.54,350.08,350.09,471
2026-06-11T18:39:00+00:00,350.09,350.26,349.8,350.03,392
2026-06-11T18:42:00+00:00,350.03,350.36,349.93,350.33,496
2026-06-11T18:45:00+00:00,350.33,351.08,350.13,351.08,423
2026-06-11T18:48:00+00:00,351.08,351.63,351,351.44,532
2026-06-11T18:51:00+00:00,351.44,351.67,351.25,351.47,488
2026-06-11T18:54:00+00:00,351.47,351.8,351.17,351.7,505
2026-06-11T18:57:00+00:00,351.7,352.04,351.56,351.7,494
2026-06-11T19:00:00+00:00,351.7,352.74,351.68,352.65,464
2026-06-11T19:03:00+00:00,352.65,353.4,352.53,353.03,458
2026-06-11T19:06:00+00:00,353.03,353.21,352.43,352.92,541
2026-06-11T19:09:00+00:00,352.92,353.34,352.88,353.25,525
2026-06-11T19:12:00+00:00,353.25,353.75,353.24,353.29,645
2026-06-11T19:15:00+00:00,353.29,353.7,353.24,353.25,416
2026-06-11T19:18:00+00:00,353.25,353.63,353.16,353.39,339
2026-06-11T19:21:00+00:00,353.39,353.65,353.26,353.55,396
2026-06-11T19:24:00+00:00,353.55,354.08,353.43,353.99,390
2026-06-11T19:27:00+00:00,353.99,354.51,353.88,354.41,425
2026-06-11T19:30:00+00:00,354.41,355.58,354.41,355.52,712
2026-06-11T19:33:00+00:00,355.52,355.67,354.89,355.56,823
2026-06-11T19:36:00+00:00,355.56,355.84,355.28,355.75,662
2026-06-11T19:39:00+00:00,355.75,355.8,355.09,355.17,876
2026-06-11T19:42:00+00:00,355.17,355.5,354.49,354.55,937
2026-06-11T19:45:00+00:00,354.55,354.55,353.79,353.89,1080
2026-06-11T19:48:00+00:00,353.89,354.07,353.43,353.97,847
2026-06-11T19:51:00+00:00,353.97,354.11,353.45,354.08,1112
2026-06-11T19:54:00+00:00,354.08,356.23,353.56,355.79,1722
2026-06-11T19:57:00+00:00,355.79,357.83,355.42,356.47,2437
2026-06-12T13:30:00+00:00,356.47,362.48,356.47,361.62,1171
2026-06-12T13:33:00+00:00,361.62,361.62,357.47,358.39,1218
2026-06-12T13:36:00+00:00,358.39,358.55,357.13,357.13,1444
2026-06-12T13:39:00+00:00,357.13,357.76,355.7,356.11,1677
2026-06-12T13:42:00+00:00,356.11,356.32,355.39,355.42,1214
2026-06-12T13:45:00+00:00,355.42,355.9,353.7,355.5,1487
2026-06-12T13:48:00+00:00,355.5,355.62,353.38,353.39,1347
2026-06-12T13:51:00+00:00,353.39,356.17,353.13,355.87,1167
2026-06-12T13:54:00+00:00,355.87,356.34,355.46,356.31,1322
2026-06-12T13:57:00+00:00,356.31,357.43,356.28,356.45,862
2026-06-12T14:00:00+00:00,356.45,357.7,356.28,357.23,554
2026-06-12T14:03:00+00:00,357.23,357.99,356.41,356.82,596
2026-06-12T14:06:00+00:00,356.82,358.16,356.69,357.66,599
2026-06-12T14:09:00+00:00,357.66,359.42,357.61,359.38,502
2026-06-12T14:12:00+00:00,359.38,359.59,358.28,358.51,432
2026-06-12T14:15:00+00:00,358.51,360.56,358.51,360.24,521
2026-06-12T14:18:00+00:00,360.24,360.35,359.34,360.3,585
2026-06-12T14:21:00+00:00,360.3,360.59,359.23,359.57,736
2026-06-12T14:24:00+00:00,359.57,360.32,359.23,360.32,565
2026-06-12T14:27:00+00:00,360.32,360.34,359.74,359.89,453
2026-06-12T14:30:00+00:00,359.89,360.98,359.88,360.25,514
2026-06-12T14:33:00+00:00,360.25,361.04,359.95,361,383
2026-06-12T14:36:00+00:00,361,361.16,360.58,360.9,512
2026-06-12T14:39:00+00:00,360.9,360.95,359.21,359.28,650
2026-06-12T14:42:00+00:00,359.28,359.38,357.4,357.52,657
2026-06-12T14:45:00+00:00,357.52,358.81,357.46,358.11,529
2026-06-12T14:48:00+00:00,358.11,359.32,358.05,359.2,337
2026-06-12T14:51:00+00:00,359.2,360.08,358.38,360.04,545
2026-06-12T14:54:00+00:00,360.04,361.09,359.79,360.46,442
2026-06-12T14:57:00+00:00,360.46,360.71,-1423.3999999999999,-1422.6599999999999,399.65651609178815
2026-06-12T15:00:00+00:00,361.16,361.75,360.98,361.14,446
2026-06-12T15:03:00+00:00,361.14,361.32,360.56,360.95,440
2026-06-12T15:06:00+00:00,360.95,361.09,360.37,360.56,334
2026-06-12T15:09:00+00:00,360.56,361.46,360.56,361.12,408
2026-06-12T15:12:00+00:00,361.12,361.14,360.34,360.98,350
2026-06-12T15:15:00+00:00,360.98,361.51,360.64,361.37,453
2026-06-12T15:18:00+00:00,361.37,362.1,361.36,361.83,378
2026-06-12T15:21:00+00:00,361.83,363.85,361.83,363.85,537
2026-06-12T15:24:00+00:00,363.85,364.59,363.77,363.96,627
2026-06-12T15:27:00+00:00,363.96,364.48,363.29,363.49,667
2026-06-12T15:30:00+00:00,363.49,363.56,362.32,362.63,671
2026-06-12T15:33:00+00:00,362.63,363.31,362.12,363.14,824
2026-06-12T15:36:00+00:00,363.14,363.21,362.24,362.32,824
2026-06-12T15:39:00+00:00,362.32,362.61,361.38,361.65,777
2026-06-12T15:42:00+00:00,361.65,361.68,360.38,360.42,768
2026-06-12T15:45:00+00:00,360.42,360.89,360.14,360.15,752
2026-06-12T15:48:00+00:00,360.15,360.27,359.38,359.57,927
2026-06-12T15:51:00+00:00,359.57,360.66,359.56,360.1,647
2026-06-12T15:54:00+00:00,360.1,360.6,359.91,359.92,590
2026-06-12T15:57:00+00:00,359.92,360.12,358.56,359.01,812
2026-06-12T16:00:00+00:00,359.01,359.29,358.23,358.28,1035
2026-06-12T16:03:00+00:00,358.28,359.12,358.21,358.52,958
2026-06-12T16:06:00+00:00,358.52,359.14,358.45,359.1,724
2026-06-12T16:09:00+00:00,359.1,359.69,358.34,359.35,670
2026-06-12T16:12:00+00:00,359.35,360.46,359.23,360.12,973
2026-06-12T16:15:00+00:00,360.12,360.89,360.11,360.16,632
2026-06-12T16:18:00+00:00,360.16,360.42,359.34,359.45,575
2026-06-12T16:21:00+00:00,359.45,359.83,359.32,359.56,615
2026-06-12T16:24:00+00:00,359.56,359.95,359.23,359.74,540
2026-06-12T16:27:00+00:00,359.74,359.93,359.29,359.43,481
2026-06-12T16:30:00+00:00,359.43,359.49,358.98,359.15,537
2026-06-12T16:33:00+00:00,359.15,359.67,359.1,359.12,544
2026-06-12T16:36:00+00:00,359.12,359.62,359.03,359.42,686
2026-06-12T16:39:00+00:00,359.42,359.9,359.23,359.41,557
2026-06-12T16:42:00+00:00,359.41,359.44,359,359.21,544
2026-06-12T16:45:00+00:00,359.21,359.4,359.02,359.35,577
2026-06-12T16:48:00+00:00,359.35,359.61,359.26,359.53,430
2026-06-12T16:51:00+00:00,359.53,359.56,359.18,359.52,525
2026-06-12T16:54:00+00:00,359.52,359.53,359.13,359.52,522
2026-06-12T16:57:00+00:00,359.52,360,359.36,359.81,447
2026-06-12T17:00:00+00:00,359.81,360.25,359.71,360.19,503
2026-06-12T17:03:00+00:00,360.19,361.08,360.1,361.04,537
2026-06-12T17:06:00+00:00,361.04,361.47,360.55,360.65,499
2026-06-12T17:09:00+00:00,360.65,360.96,360.4,360.4,470
2026-06-12T17:12:00+00:00,360.4,360.55,359.63,360.37,418
2026-06-12T17:15:00+00:00,360.37,360.74,360.08,360.32,392
2026-06-12T17:18:00+00:00,360.32,360.78,360.26,360.73,438
2026-06-12T17:21:00+00:00,360.73,360.86,360.44,360.55,453
2026-06-12T17:24:00+00:00,360.55,360.92,360.54,360.78,261
2026-06-12T17:27:00+00:00,360.78,360.99,360.55,360.74,418
2026-06-12T17:30:00+00:00,360.74,360.82,360.26,360.3,429
2026-06-12T17:33:00+00:00,360.3,360.38,359.8,359.84,457
2026-06-12T17:36:00+00:00,359.84,359.95,359.53,359.53,411
2026-06-12T17:39:00+00:00,359.53,359.6,359.24,359.3,423
2026-06-12T17:42:00+00:00,359.3,359.57,359.19,359.25,458
2026-06-12T17:45:00+00:00,359.25,359.57,359.19,359.54,363
2026-06-12T17:48:00+00:00,359.54,359.56,359.3,359.49,416
2026-06-12T17:51:00+00:00,359.49,359.62,359.35,359.41,331
2026-06-12T17:54:00+00:00,359.41,359.56,358.89,359.18,455
2026-06-12T17:57:00+00:00,359.18,359.57,359.12,359.39,422
2026-06-12T18:00:00+00:00,359.39,359.54,359.12,359.49,609
2026-06-12T18:03:00+00:00,359.49,359.56,358.95,358.99,419
2026-06-12T18:06:00+00:00,358.99,359.06,358.69,359,460
2026-06-12T18:09:00+00:00,359,359.89,358.92,359.62,560
2026-06-12T18:12:00+00:00,359.62,359.86,359.2,359.41,674
2026-06-12T18:15:00+00:00,359.41,359.77,359.18,359.34,492
2026-06-12T18:18:00+00:00,359.34,359.65,359.32,359.52,534
2026-06-12T18:21:00+00:00,359.52,359.6,359.2,359.26,688
2026-06-12T18:24:00+00:00,359.26,359.28,358.69,358.88,396
2026-06-12T18:27:00+00:00,358.88,359.29,358.87,359.08,447
2026-06-12T18:30:00+00:00,359.08,359.27,358.89,359.13,514
2026-06-12T18:33:00+00:00,359.13,359.27,359.01,359.09,517
2026-06-12T18:36:00+00:00,359.09,359.38,359.02,359.25,392
2026-06-12T18:39:00+00:00,359.25,359.5,359.08,359.42,394
2026-06-12T18:42:00+00:00,359.42,359.89,359.42,359.89,387
2026-06-12T18:45:00+00:00,359.89,359.89,359.22,359.24,417
2026-06-12T18:48:00+00:00,359.24,359.33,358.9,358.92,391
2026-06-12T18:51:00+00:00,358.92,359.08,358.62,359.01,398
2026-06-12T18:54:00+00:00,359.01,359.24,358.93,359.08,406
2026-06-12T18:57:00+00:00,359.08,359.08,358.63,358.68,553
2026-06-12T19:00:00+00:00,358.68,359.01,358.63,358.98,458
2026-06-12T19:03:00+00:00,358.98,359.22,358.91,359.16,446
2026-06-12T19:06:00+00:00,359.16,359.18,358.75,358.81,421
2026-06-12T19:09:00+00:00,358.81,358.98,358.38,358.38,527
2026-06-12T19:12:00+00:00,358.38,358.6,358.13,358.18,393
2026-06-12T19:15:00+00:00,358.18,358.33,357.98,358.04,482
2026-06-12T19:18:00+00:00,358.04,358.5,357.99,358.13,519
2026-06-12T19:21:00+00:00,358.13,358.15,357.76,357.86,466
2026-06-12T19:24:00+00:00,357.86,358.08,357.76,357.97,416
2026-06-12T19:27:00+00:00,357.97,358.61,357.9,358.6,516
2026-06-12T19:30:00+00:00,358.6,358.65,358.06,358.32,619
2026-06-12T19:33:00+00:00,358.32,358.36,357.65,357.83,551
2026-06-12T19:36:00+00:00,357.83,358.44,357.73,358.05,671
2026-06-12T19:39:00+00:00,358.05,358.21,357.63,357.79,509
2026-06-12T19:42:00+00:00,357.79,357.89,357.5,357.6,522
2026-06-12T19:45:00+00:00,357.6,357.66,357.15,357.2,543
2026-06-12T19:48:00+00:00,357.2,357.66,357.12,357.15,606
2026-06-12T19:51:00+00:00,357.15,357.25,356.69,357.06,554
2026-06-12T19:54:00+00:00,357.06,357.92,356.69,357.84,749
2026-06-12T19:57:00+00:00,357.84,358.12,357.67,357.96,649
2026-06-15T13:30:00+00:00,357.96,369.68,357.96,369.59,1509
2026-06-15T13:33:00+00:00,369.59,370.01,366.62,367.03,1310
2026-06-15T13:36:00+00:00,367.03,367.77,366.07,367.41,1432
2026-06-15T13:39:00+00:00,367.41,367.46,366.2,366.62,1331
2026-06-15T13:42:00+00:00,366.62,366.73,364.47,365.91,1640
2026-06-15T13:45:00+00:00,365.91,366.32,364.49,365.22,1464
2026-06-15T13:48:00+00:00,365.22,366.33,364.78,366.2,1383
2026-06-15T13:51:00+00:00,366.2,366.59,365.9,366.17,1140
2026-06-15T13:54:00+00:00,366.17,367.14,365.94,366.63,1178
2026-06-15T13:57:00+00:00,366.63,367.42,366.62,366.91,1061
2026-06-15T14:00:00+00:00,366.91,369.32,366.91,369.24,1159
2026-06-15T14:03:00+00:00,369.24,369.3,367.76,368.23,1217
2026-06-15T14:06:00+00:00,368.23,368.72,366.73,366.73,1224
2026-06-15T14:09:00+00:00,366.73,366.83,365.16,366.41,1434
2026-06-15T14:12:00+00:00,366.41,366.91,365.65,366.01,969
2026-06-15T14:15:00+00:00,366.01,366.91,365.95,366.7,911
2026-06-15T14:18:00+00:00,366.7,366.75,365.8,366.35,932
2026-06-15T14:21:00+00:00,366.35,366.67,366.18,366.55,851
2026-06-15T14:24:00+00:00,366.55,366.75,365.96,366.55,977
2026-06-15T14:27:00+00:00,366.55,367.59,366.21,366.77,1252
2026-06-15T14:30:00+00:00,366.77,367.1,366.41,366.87,929
2026-06-15T14:33:00+00:00,366.87,367.36,366.7,367.35,639
2026-06-15T14:36:00+00:00,367.35,367.39,366.54,367.09,664
2026-06-15T14:39:00+00:00,367.09,368.08,367.03,367.88,667
2026-06-15T14:42:00+00:00,367.88,368,366.88,366.95,673
2026-06-15T14:45:00+00:00,366.95,367.24,366.73,367,550
2026-06-15T14:48:00+00:00,367,367.14,366.49,366.94,596
2026-06-15T14:51:00+00:00,366.94,367.55,366.91,367.14,609
2026-06-15T14:54:00+00:00,367.14,367.59,366.98,367.48,605
2026-06-15T14:57:00+00:00,367.48,368.3,367.3,368.27,631
2026-06-15T15:00:00+00:00,368.27,368.7,368.04,368.58,686
2026-06-15T15:03:00+00:00,368.58,368.97,368.13,368.33,643
2026-06-15T15:06:00+00:00,368.33,368.41,367.75,368.37,539
2026-06-15T15:09:00+00:00,368.37,368.46,367.7,367.97,546
2026-06-15T15:12:00+00:00,367.97,368.05,367.62,367.87,515
2026-06-15T15:15:00+00:00,367.87,368.27,367.83,368.07,436
2026-06-15T15:18:00+00:00,368.07,368.31,367.94,368.16,481
2026-06-15T15:21:00+00:00,368.16,368.7,368.13,368.41,515
2026-06-15T15:24:00+00:00,368.41,369.73,368.39,369.69,616
2026-06-15T15:27:00+00:00,369.69,370.15,369.59,369.93,591
2026-06-15T15:30:00+00:00,369.93,370.07,369.11,369.53,613
2026-06-15T15:33:00+00:00,369.53,369.81,369.04,369.08,648
2026-06-15T15:36:00+00:00,369.08,369.31,368.82,369.11,545
2026-06-15T15:39:00+00:00,369.11,369.42,368.71,368.78,507
2026-06-15T15:42:00+00:00,368.78,369.22,368.72,369.15,427
2026-06-15T15:45:00+00:00,369.15,369.36,368.94,369.12,533
2026-06-15T15:48:00+00:00,369.12,369.54,368.93,369.42,576
2026-06-15T15:51:00+00:00,369.42,369.69,369.18,369.31,472
2026-06-15T15:54:00+00:00,369.31,369.46,369,369.12,451
2026-06-15T15:57:00+00:00,369.12,370.19,368.93,369.94,636
2026-06-15T16:00:00+00:00,369.94,370.21,369.62,369.89,588
2026-06-15T16:03:00+00:00,369.89,370.51,369.89,370.24,593
2026-06-15T16:06:00+00:00,370.24,370.46,370.17,370.26,455
2026-06-15T16:09:00+00:00,370.26,370.34,370,370.18,467
2026-06-15T16:12:00+00:00,370.18,370.21,369.43,369.47,578
2026-06-15T16:15:00+00:00,369.47,369.76,368.95,368.96,482
2026-06-15T16:18:00+00:00,368.96,369.46,368.93,369.17,519
2026-06-15T16:21:00+00:00,369.17,369.61,369.15,369.32,462
2026-06-15T16:24:00+00:00,369.32,369.52,369.14,369.16,383
2026-06-15T16:27:00+00:00,369.16,369.22,368.78,368.9,461
2026-06-15T16:30:00+00:00,368.9,369.05,368.68,368.78,438
2026-06-15T16:33:00+00:00,368.78,369.15,368.77,368.94,353
2026-06-15T16:36:00+00:00,368.94,369.06,368.68,368.79,394
2026-06-15T16:39:00+00:00,368.79,368.93,368.6,368.69,372
2026-06-15T16:42:00+00:00,368.69,369.06,368.68,368.86,361
2026-06-15T16:45:00+00:00,368.86,369.08,368.65,369.04,450
2026-06-15T16:48:00+00:00,369.04,369.11,368.62,368.89,375
2026-06-15T16:51:00+00:00,368.89,369.17,368.76,369.06,406
2026-06-15T16:54:00+00:00,369.06,369.13,368.81,368.88,414
2026-06-15T16:57:00+00:00,368.88,369.27,368.71,369.19,360
2026-06-15T17:00:00+00:00,369.19,369.59,369.05,369.06,405
2026-06-15T17:03:00+00:00,369.06,369.42,368.78,369.32,440
2026-06-15T17:06:00+00:00,369.32,369.57,368.76,369.23,459
2026-06-15T17:09:00+00:00,369.23,369.27,368.98,369.12,358
2026-06-15T17:12:00+00:00,369.12,369.7,369.02,369.47,344
2026-06-15T17:15:00+00:00,369.47,369.79,369.27,369.69,386
2026-06-15T17:18:00+00:00,369.69,369.92,369.5,369.5,316
2026-06-15T17:21:00+00:00,369.5,369.58,369.27,369.43,341
2026-06-15T17:24:00+00:00,369.43,369.58,369.13,369.57,394
2026-06-15T17:27:00+00:00,369.57,369.81,369.45,369.53,450
2026-06-15T17:30:00+00:00,369.53,369.7,369.24,369.28,326
2026-06-15T17:33:00+00:00,369.28,369.98,369.13,369.71,422
2026-06-15T17:36:00+00:00,369.71,369.71,369.09,369.26,328
2026-06-15T17:39:00+00:00,369.26,369.39,369.16,369.37,354
2026-06-15T17:42:00+00:00,369.37,369.38,369.13,369.28,350
2026-06-15T17:45:00+00:00,369.28,369.51,369.12,369.51,428
2026-06-15T17:48:00+00:00,369.51,369.65,369.09,369.09,437
2026-06-15T17:51:00+00:00,369.09,369.39,369.06,369.39,365
2026-06-15T17:54:00+00:00,369.39,369.56,368.9,369.04,477
2026-06-15T17:57:00+00:00,369.04,369.31,369,369.31,361
2026-06-15T18:00:00+00:00,369.31,369.69,369.17,369.28,548
2026-06-15T18:03:00+00:00,369.28,369.46,369.11,369.45,421
2026-06-15T18:06:00+00:00,369.45,369.49,368.94,368.96,438
2026-06-15T18:09:00+00:00,368.96,369.17,368.94,369.01,361
2026-06-15T18:12:00+00:00,369.01,369.06,368.61,369.06,359
2026-06-15T18:15:00+00:00,369.06,369.34,368.83,368.92,370
2026-06-15T18:18:00+00:00,368.92,369.33,368.92,369.14,371
2026-06-15T18:21:00+00:00,369.14,369.38,368.99,369.38,344
2026-06-15T18:24:00+00:00,369.38,369.42,369.11,369.41,377
2026-06-15T18:27:00+00:00,369.41,369.42,369.18,369.27,324
2026-06-15T18:30:00+00:00,369.27,369.43,369.08,369.31,489
2026-06-15T18:33:00+00:00,369.31,369.57,369.25,369.29,441
2026-06-15T18:36:00+00:00,369.29,369.59,369.21,369.43,432
2026-06-15T18:39:00+00:00,369.43,369.5,369.23,369.28,362
2026-06-15T18:42:00+00:00,369.28,369.33,368.88,369.09,373
2026-06-15T18:45:00+00:00,369.09,369.21,368.85,368.92,399
2026-06-15T18:48:00+00:00,368.92,369.39,368.86,369.23,464
2026-06-15T18:51:00+00:00,369.23,369.27,368.88,369.13,460
2026-06-15T18:54:00+00:00,369.13,369.17,368.92,369.16,405
2026-06-15T18:57:00+00:00,369.16,369.26,368.98,369.19,456
2026-06-15T19:00:00+00:00,369.19,369.3,369.03,369.23,538
2026-06-15T19:03:00+00:00,369.23,369.38,369.15,369.33,450
2026-06-15T19:06:00+00:00,369.33,369.36,368.78,368.88,514
2026-06-15T19:09:00+00:00,368.88,368.96,368.29,368.29,459
2026-06-15T19:12:00+00:00,368.29,368.37,367.78,367.81,498
2026-06-15T19:15:00+00:00,367.81,368.38,367.78,367.95,480
2026-06-15T19:18:00+00:00,367.95,367.96,367.46,367.48,429
2026-06-15T19:21:00+00:00,367.48,367.58,367.2,367.34,425
2026-06-15T19:24:00+00:00,367.34,367.73,367.29,367.63,554
2026-06-15T19:27:00+00:00,367.63,367.69,367.28,367.52,442
2026-06-15T19:30:00+00:00,367.52,367.59,367.19,367.43,587
2026-06-15T19:33:00+00:00,367.43,367.45,367.03,367.21,426
2026-06-15T19:36:00+00:00,367.21,367.34,367.03,367.22,399
2026-06-15T19:39:00+00:00,367.22,367.38,367.1,367.2,362
2026-06-15T19:42:00+00:00,367.2,367.21,366.9,366.94,497
2026-06-15T19:45:00+00:00,366.94,367.25,366.93,367.19,469
2026-06-15T19:48:00+00:00,367.19,367.39,366.17,366.18,737
2026-06-15T19:51:00+00:00,366.18,366.32,365.44,366.27,685
2026-06-15T19:54:00+00:00,366.27,366.57,365.73,366.13,1045
2026-06-15T19:57:00+00:00,366.13,367.27,365.92,367.15,1189
2026-06-16T13:30:00+00:00,367.15,369.02,365.48,368.5,1559
2026-06-16T13:33:00+00:00,368.5,368.72,367.09,367.3,1407
2026-06-16T13:36:00+00:00,367.3,367.34,365.54,366.55,1449
2026-06-16T13:39:00+00:00,366.55,366.92,366.17,366.77,1439
2026-06-16T13:42:00+00:00,366.77,366.88,366.19,366.34,1307
2026-06-16T13:45:00+00:00,366.34,366.61,365.18,365.76,1576
2026-06-16T13:48:00+00:00,365.76,366.51,365.57,366.13,1560
2026-06-16T13:51:00+00:00,366.13,366.97,365.91,366.04,1139
2026-06-16T13:54:00+00:00,366.04,366.74,365.72,366.67,1143
2026-06-16T13:57:00+00:00,366.67,367.18,365.93,366.11,1229
2026-06-16T14:00:00+00:00,366.11,367.24,366.11,366.51,1451
2026-06-16T14:03:00+00:00,366.51,367.19,366.19,366.26,1444
2026-06-16T14:06:00+00:00,366.26,368.28,366.06,368.27,939
2026-06-16T14:09:00+00:00,368.27,369.04,367.96,368.16,1222
2026-06-16T14:12:00+00:00,368.16,368.6,367.98,368.31,896
2026-06-16T14:15:00+00:00,368.31,369.02,368.17,368.96,914
2026-06-16T14:18:00+00:00,368.96,369.76,368.82,369.52,1386
2026-06-16T14:21:00+00:00,369.52,369.89,368.63,369.16,1460
2026-06-16T14:24:00+00:00,369.16,369.67,369.04,369.32,1266
2026-06-16T14:27:00+00:00,369.32,369.36,367.77,368.2,1282
2026-06-16T14:30:00+00:00,368.2,368.81,368.05,368.61,1001
2026-06-16T14:33:00+00:00,368.61,369.22,368.46,368.83,843
2026-06-16T14:36:00+00:00,368.83,369.57,368.7,369.36,702
2026-06-16T14:39:00+00:00,369.36,370.45,369.35,370.16,706
2026-06-16T14:42:00+00:00,370.16,371.8,369.98,370.77,881
2026-06-16T14:45:00+00:00,370.77,370.92,370.24,370.65,817
2026-06-16T14:48:00+00:00,370.65,370.94,370.17,370.58,816
2026-06-16T14:51:00+00:00,370.58,371.42,370.44,371.05,937
2026-06-16T14:54:00+00:00,371.05,371.45,370.17,370.92,805
2026-06-16T14:57:00+00:00,370.92,372.04,370.91,371.97,692
2026-06-16T15:00:00+00:00,371.97,372.83,371.9,372.78,944
2026-06-16T15:03:00+00:00,372.78,373.37,371.85,372.2,1108
2026-06-16T15:06:00+00:00,372.2,372.77,371.99,372.41,840
2026-06-16T15:09:00+00:00,372.41,372.55,371.88,372.38,601
2026-06-16T15:12:00+00:00,372.38,372.57,372.17,372.35,633
2026-06-16T15:15:00+00:00,372.35,372.58,372.23,372.27,533
2026-06-16T15:18:00+00:00,372.27,372.6,371.49,371.62,786
2026-06-16T15:21:00+00:00,371.62,372.81,371.6,372.77,717
2026-06-16T15:24:00+00:00,372.77,373.37,372.55,373.04,866
2026-06-16T15:27:00+00:00,373.04,373.4,372.62,372.9,828
2026-06-16T15:30:00+00:00,372.9,373.18,372.2,372.57,679
2026-06-16T15:33:00+00:00,372.57,372.85,372.38,372.75,611
2026-06-16T15:36:00+00:00,372.75,372.83,372.26,372.71,538
2026-06-16T15:39:00+00:00,372.71,372.77,372.29,372.46,636
2026-06-16T15:42:00+00:00,372.46,372.78,371.68,371.68,706
2026-06-16T15:45:00+00:00,371.68,371.92,371.23,371.5,854
2026-06-16T15:48:00+00:00,371.5,372.19,371.36,371.91,813
2026-06-16T15:51:00+00:00,371.91,371.92,370.94,370.95,606
2026-06-16T15:54:00+00:00,370.95,371.53,370.94,371.2,608
2026-06-16T15:57:00+00:00,371.2,371.64,370.82,370.83,911
2026-06-16T16:00:00+00:00,370.83,370.91,370.02,370.42,1058
2026-06-16T16:03:00+00:00,370.42,370.46,369.78,369.89,801
2026-06-16T16:06:00+00:00,369.89,370.54,369.44,370.33,883
2026-06-16T16:09:00+00:00,370.33,370.92,370.23,370.63,667
2026-06-16T16:12:00+00:00,370.63,370.9,370.46,370.72,931
2026-06-16T16:15:00+00:00,370.72,370.96,370.65,370.74,883
2026-06-16T16:18:00+00:00,370.74,370.82,370.19,370.41,567
2026-06-16T16:21:00+00:00,370.41,370.45,369.93,370.03,602
2026-06-16T16:24:00+00:00,370.03,370.26,369.88,369.91,595
2026-06-16T16:27:00+00:00,369.91,370.29,369.84,370.06,596
2026-06-16T16:30:00+00:00,370.06,370.08,369.59,369.6,750
2026-06-16T16:33:00+00:00,369.6,370,369.44,369.92,492
2026-06-16T16:36:00+00:00,369.92,369.97,369.46,369.84,557
2026-06-16T16:39:00+00:00,369.84,370.16,369.31,369.39,700
2026-06-16T16:42:00+00:00,369.39,369.73,369.28,369.57,548
2026-06-16T16:45:00+00:00,369.57,369.58,369.14,369.15,541
2026-06-16T16:48:00+00:00,369.15,369.28,368.88,368.95,525
2026-06-16T16:51:00+00:00,368.95,369,367.78,367.79,626
2026-06-16T16:54:00+00:00,367.79,368.41,367.79,367.84,666
2026-06-16T16:57:00+00:00,367.84,368.06,367.48,367.94,547
2026-06-16T17:00:00+00:00,367.94,368.27,367.54,367.99,589
2026-06-16T17:03:00+00:00,367.99,368.18,367.91,368.06,503
2026-06-16T17:06:00+00:00,368.06,368.28,367.96,368.1,447
2026-06-16T17:09:00+00:00,368.1,368.28,367.97,368.06,507
2026-06-16T17:12:00+00:00,368.06,368.23,367.88,367.92,531
2026-06-16T17:15:00+00:00,367.92,368.24,367.79,368.12,490
2026-06-16T17:18:00+00:00,368.12,368.28,367.85,368.06,463
2026-06-16T17:21:00+00:00,368.06,368.77,368.06,368.65,520
2026-06-16T17:24:00+00:00,368.65,368.75,368.21,368.45,495
2026-06-16T17:27:00+00:00,368.45,368.55,368.13,368.24,419
2026-06-16T17:30:00+00:00,368.24,368.63,368.14,368.48,553
2026-06-16T17:33:00+00:00,368.48,368.98,368.37,368.84,463
2026-06-16T17:36:00+00:00,368.84,369.01,368.71,368.74,544
2026-06-16T17:39:00+00:00,368.74,368.98,368.6,368.95,761
2026-06-16T17:42:00+00:00,368.95,369.12,368.55,368.92,866
2026-06-16T17:45:00+00:00,368.92,369.26,368.72,369.12,688
2026-06-16T17:48:00+00:00,369.12,369.19,368.63,369.17,502
2026-06-16T17:51:00+00:00,369.17,369.47,369.07,369.16,509
2026-06-16T17:54:00+00:00,369.16,369.31,368.88,369.16,409
2026-06-16T17:57:00+00:00,369.16,369.16,368.61,368.74,620
2026-06-16T18:00:00+00:00,368.74,368.93,368.69,368.87,521
2026-06-16T18:03:00+00:00,368.87,369.03,368.41,368.91,738
2026-06-16T18:06:00+00:00,368.91,369.26,368.83,369.17,513
2026-06-16T18:09:00+00:00,369.17,369.65,369.13,369.61,524
2026-06-16T18:12:00+00:00,369.61,370.23,369.54,370.21,469
2026-06-16T18:15:00+00:00,370.21,370.34,369.84,370.19,580
2026-06-16T18:18:00+00:00,370.19,370.34,370.08,370.14,365
2026-06-16T18:21:00+00:00,370.14,370.27,370.04,370.14,393
2026-06-16T18:24:00+00:00,370.14,370.37,369.93,370.07,421
2026-06-16T18:27:00+00:00,370.07,370.21,369.9,370.03,410
2026-06-16T18:30:00+00:00,370.03,370.15,369.9,370.07,431
2026-06-16T18:33:00+00:00,370.07,370.31,369.99,370.31,425
2026-06-16T18:36:00+00:00,370.31,370.54,370.15,370.48,494
2026-06-16T18:39:00+00:00,370.48,371.06,370.36,371.05,491
2026-06-16T18:42:00+00:00,371.05,371.17,370.74,370.84,451
2026-06-16T18:45:00+00:00,370.84,370.92,370.52,370.61,422
2026-06-16T18:48:00+00:00,370.61,370.65,370.23,370.63,422
2026-06-16T18:51:00+00:00,370.63,371.22,370.57,371.13,403
2026-06-16T18:54:00+00:00,371.13,371.5,370.99,371.39,414
2026-06-16T18:57:00+00:00,371.39,371.65,371.29,371.41,447
2026-06-16T19:00:00+00:00,371.41,371.47,370.69,370.82,538
2026-06-16T19:03:00+00:00,370.82,370.86,370.5,370.54,361
2026-06-16T19:06:00+00:00,370.54,370.94,370.44,370.69,421
2026-06-16T19:09:00+00:00,370.69,371.08,370.69,370.99,636
2026-06-16T19:12:00+00:00,370.99,371.03,370.78,370.78,547
2026-06-16T19:15:00+00:00,370.78,370.81,370.19,370.55,689
2026-06-16T19:18:00+00:00,370.55,370.95,370.47,370.91,534
2026-06-16T19:21:00+00:00,370.91,371.23,370.68,371.14,498
2026-06-16T19:24:00+00:00,371.14,371.15,370.5,370.52,540
2026-06-16T19:27:00+00:00,370.52,370.63,370.06,370.15,587
2026-06-16T19:30:00+00:00,370.15,370.27,369.68,369.69,559
2026-06-16T19:33:00+00:00,369.69,370.06,369.52,369.94,480
2026-06-16T19:36:00+00:00,369.94,370.22,369.91,370.04,554
2026-06-16T19:39:00+00:00,370.04,370.73,369.94,370.5,554
2026-06-16T19:42:00+00:00,370.5,370.79,370.48,370.73,546
2026-06-16T19:45:00+00:00,370.73,371.15,370.53,370.54,636
2026-06-16T19:48:00+00:00,370.54,370.78,370.18,370.69,948
2026-06-16T19:51:00+00:00,370.69,370.69,370.01,370.19,1105
2026-06-16T19:54:00+00:00,370.19,371.66,370.06,371,1731
2026-06-16T19:57:00+00:00,371,371.38,370.36,371.16,2107
2026-06-17T13:30:00+00:00,371.16,371.16,365.64,368.2,1039
2026-06-17T13:33:00+00:00,368.2,368.22,366.97,367.25,1212
2026-06-17T13:36:00+00:00,367.25,367.86,366.24,366.28,1083
2026-06-17T13:39:00+00:00,366.28,366.79,365.39,365.8,1142
2026-06-17T13:42:00+00:00,365.8,366.32,365.01,365.48,1158
2026-06-17T13:45:00+00:00,365.48,365.53,364.67,365.17,1288
2026-06-17T13:48:00+00:00,365.17,365.43,364.76,364.89,1063
2026-06-17T13:51:00+00:00,364.89,365.26,363.68,364.5,1269
2026-06-17T13:54:00+00:00,364.5,365.66,363.78,365.29,1155
2026-06-17T13:57:00+00:00,365.29,365.31,363.95,364.1,979
2026-06-17T14:00:00+00:00,364.1,364.1,363.15,363.21,1198
2026-06-17T14:03:00+00:00,363.21,364.25,362.88,363.35,1250
2026-06-17T14:06:00+00:00,363.35,364.84,363.3,364.77,1057
2026-06-17T14:09:00+00:00,364.77,365.24,364.69,365.09,1039
2026-06-17T14:12:00+00:00,365.09,365.54,364.65,365.26,1161
2026-06-17T14:15:00+00:00,365.26,365.64,364.64,365.15,1164
2026-06-17T14:18:00+00:00,365.15,365.74,364.94,365.72,1065
2026-06-17T14:21:00+00:00,365.72,365.92,364.52,364.92,1128
2026-06-17T14:24:00+00:00,364.92,365.4,364.69,365.04,1140
2026-06-17T14:27:00+00:00,365.04,365.42,364.68,364.82,1004
2026-06-17T14:30:00+00:00,364.82,364.98,364.43,364.7,837
2026-06-17T14:33:00+00:00,364.7,364.79,363.44,363.45,786
2026-06-17T14:36:00+00:00,363.45,364.04,363.28,363.51,783
2026-06-17T14:39:00+00:00,363.51,363.97,362.25,362.52,1202
2026-06-17T14:42:00+00:00,362.52,362.92,362.06,362.75,1259
2026-06-17T14:45:00+00:00,362.75,362.86,360.89,360.92,1505
2026-06-17T14:48:00+00:00,360.92,363.13,360.92,362.57,1433
2026-06-17T14:51:00+00:00,362.57,363.16,362.55,362.72,1124
2026-06-17T14:54:00+00:00,362.72,362.72,362.03,362.38,962
2026-06-17T14:57:00+00:00,362.38,362.43,-1421.9399999999998,-1421.84,822.4291673909264
2026-06-17T15:00:00+00:00,361.96,362.02,361.08,361.09,929
2026-06-17T15:03:00+00:00,361.09,361.46,360.64,361.21,840
2026-06-17T15:06:00+00:00,361.21,361.53,360.73,360.8,702
2026-06-17T15:09:00+00:00,360.8,361.59,360.75,361.52,675
2026-06-17T15:12:00+00:00,361.52,361.99,361.43,361.73,618
2026-06-17T15:15:00+00:00,361.73,362.36,361.59,362.24,752
2026-06-17T15:18:00+00:00,362.24,362.71,362.14,362.43,721
2026-06-17T15:21:00+00:00,362.43,362.66,362.03,362.19,692
2026-06-17T15:24:00+00:00,362.19,362.52,361.68,361.69,665
2026-06-17T15:27:00+00:00,361.69,362.22,361.68,362.05,592
2026-06-17T15:30:00+00:00,362.05,362.5,361.76,362.43,692
2026-06-17T15:33:00+00:00,362.43,362.83,362.36,362.48,698
2026-06-17T15:36:00+00:00,362.48,362.71,362.14,362.7,546
2026-06-17T15:39:00+00:00,362.7,362.73,362.39,362.46,474
2026-06-17T15:42:00+00:00,362.46,363.03,362.46,362.75,496
2026-06-17T15:45:00+00:00,362.75,362.85,362.53,362.59,490
2026-06-17T15:48:00+00:00,362.59,362.72,362.28,362.51,428
2026-06-17T15:51:00+00:00,362.51,362.71,362.09,362.2,415
2026-06-17T15:54:00+00:00,362.2,362.47,361.98,362.26,511
2026-06-17T15:57:00+00:00,362.26,362.78,362.24,362.74,489
2026-06-17T16:00:00+00:00,362.74,362.98,362.64,362.71,468
2026-06-17T16:03:00+00:00,362.71,362.89,362.52,362.64,475
2026-06-17T16:06:00+00:00,362.64,362.67,362.23,362.25,547
2026-06-17T16:09:00+00:00,362.25,362.34,362.01,362.03,490
2026-06-17T16:12:00+00:00,362.03,362.26,361.98,362.24,451
2026-06-17T16:15:00+00:00,362.24,362.52,362.09,362.32,419
2026-06-17T16:18:00+00:00,362.32,363.03,362.29,362.89,406
2026-06-17T16:21:00+00:00,362.89,363.29,362.88,363.2,414
2026-06-17T16:24:00+00:00,363.2,363.45,363.14,363.45,446
2026-06-17T16:27:00+00:00,363.45,363.86,363.36,363.49,380
2026-06-17T16:30:00+00:00,363.49,363.64,363.04,363.12,502
2026-06-17T16:33:00+00:00,363.12,363.24,362.88,363.1,591
2026-06-17T16:36:00+00:00,363.1,363.12,362.74,362.97,448
2026-06-17T16:39:00+00:00,362.97,363.12,362.38,362.53,482
2026-06-17T16:42:00+00:00,362.53,362.91,362.4,362.89,419
2026-06-17T16:45:00+00:00,362.89,363.25,362.73,363.09,526
2026-06-17T16:48:00+00:00,363.09,363.23,362.9,363.02,448
2026-06-17T16:51:00+00:00,363.02,363.28,362.98,363.02,468
2026-06-17T16:54:00+00:00,363.02,363.36,362.93,363.28,430
2026-06-17T16:57:00+00:00,363.28,363.37,362.97,363.18,488
2026-06-17T17:00:00+00:00,363.18,363.23,362.64,362.66,482
2026-06-17T17:03:00+00:00,362.66,362.9,362.58,362.61,492
2026-06-17T17:06:00+00:00,362.61,362.65,361.87,362.28,592
2026-06-17T17:09:00+00:00,362.28,362.55,362.02,362.31,436
2026-06-17T17:12:00+00:00,362.31,362.45,361.96,361.97,352
2026-06-17T17:15:00+00:00,361.97,362.06,361.68,361.91,479
2026-06-17T17:18:00+00:00,361.91,362.21,361.88,361.9,468
2026-06-17T17:21:00+00:00,361.9,362.19,361.89,362,370
2026-06-17T17:24:00+00:00,362,362.63,361.88,362.59,374
2026-06-17T17:27:00+00:00,362.59,363.01,362.58,362.96,400
2026-06-17T17:30:00+00:00,362.96,363.01,362.45,362.62,485
2026-06-17T17:33:00+00:00,362.62,362.8,362.55,362.7,349
2026-06-17T17:36:00+00:00,362.7,363.04,362.63,363.01,322
2026-06-17T17:39:00+00:00,363.01,363.04,362.68,363.01,380
2026-06-17T17:42:00+00:00,363.01,363.08,362.73,362.92,400
2026-06-17T17:45:00+00:00,362.92,363,362.63,362.72,468
2026-06-17T17:48:00+00:00,362.72,363.45,362.63,363.42,433
2026-06-17T17:51:00+00:00,363.42,363.96,363.36,363.93,403
2026-06-17T17:54:00+00:00,363.93,364.18,363.88,364.13,439
2026-06-17T17:57:00+00:00,364.13,364.46,363.68,364.24,468
2026-06-17T18:00:00+00:00,364.24,364.43,362.71,363.26,1417
2026-06-17T18:03:00+00:00,363.26,363.3,362.1,362.21,1544
2026-06-17T18:06:00+00:00,362.21,363.5,362.15,363.25,1310
2026-06-17T18:09:00+00:00,363.25,364.16,363.11,364.06,1086
2026-06-17T18:12:00+00:00,364.06,364.52,363.94,364.07,890
2026-06-17T18:15:00+00:00,364.07,364.59,363.77,363.96,881
2026-06-17T18:18:00+00:00,363.96,364.19,363.79,363.79,576
2026-06-17T18:21:00+00:00,363.79,364.16,363.33,363.34,690
2026-06-17T18:24:00+00:00,363.34,363.51,362.95,363.19,588
2026-06-17T18:27:00+00:00,363.19,363.64,362.97,363.52,601
2026-06-17T18:30:00+00:00,363.52,364.01,362.9,363.37,1093
2026-06-17T18:33:00+00:00,363.37,363.6,362.77,362.93,969
2026-06-17T18:36:00+00:00,362.93,363.77,362.93,363.75,802
2026-06-17T18:39:00+00:00,363.75,364.09,363.43,363.73,1040
2026-06-17T18:42:00+00:00,363.73,364.66,363.64,364.52,1146
2026-06-17T18:45:00+00:00,364.52,364.53,363.95,364.27,823
2026-06-17T18:48:00+00:00,364.27,364.33,363.56,363.67,739
2026-06-17T18:51:00+00:00,363.67,363.78,363.13,363.26,858
2026-06-17T18:54:00+00:00,363.26,363.5,362.89,362.94,696
2026-06-17T18:57:00+00:00,362.94,363,362.1,362.4,946
2026-06-17T19:00:00+00:00,362.4,362.77,362.1,362.21,958
2026-06-17T19:03:00+00:00,362.21,362.91,362.1,362.53,859
2026-06-17T19:06:00+00:00,362.53,362.93,362.42,362.51,851
2026-06-17T19:09:00+00:00,362.51,362.55,362,362.16,646
2026-06-17T19:12:00+00:00,362.16,363.02,362.03,362.78,777
2026-06-17T19:15:00+00:00,362.78,362.92,362.15,362.17,696
2026-06-17T19:18:00+00:00,362.17,362.2,361.21,361.28,766
2026-06-17T19:21:00+00:00,361.28,361.48,360.92,361.16,795
2026-06-17T19:24:00+00:00,361.16,361.18,360.51,360.89,700
2026-06-17T19:27:00+00:00,360.89,360.98,360.31,360.42,775
2026-06-17T19:30:00+00:00,360.42,360.86,360.08,360.79,974
2026-06-17T19:33:00+00:00,360.79,361.07,360.59,360.77,810
2026-06-17T19:36:00+00:00,360.77,361,360.13,360.4,935
2026-06-17T19:39:00+00:00,360.4,360.87,360.13,360.72,1137
2026-06-17T19:42:00+00:00,360.72,361.56,360.48,361.26,1093
2026-06-17T19:45:00+00:00,361.26,362.49,361.26,362.4,1080
2026-06-17T19:48:00+00:00,362.4,362.85,361.49,361.76,1040
2026-06-17T19:51:00+00:00,361.76,361.95,360.89,360.92,820
2026-06-17T19:54:00+00:00,360.92,362.05,360.92,361.7,1146
2026-06-17T19:57:00+00:00,361.7,362.24,361.05,362.24,1227
2026-06-18T13:30:00+00:00,362.24,365.78,361.84,362.75,1453
2026-06-18T13:33:00+00:00,362.75,362.95,360.48,360.48,1191
2026-06-18T13:36:00+00:00,360.48,361.32,358.41,358.41,1503
2026-06-18T13:39:00+00:00,358.41,358.83,357.55,358.29,1402
2026-06-18T13:42:00+00:00,358.29,358.72,357.39,357.39,1255
2026-06-18T13:45:00+00:00,357.39,358.37,356.88,356.92,1270
2026-06-18T13:48:00+00:00,356.92,358.54,356.89,358.42,1145
2026-06-18T13:51:00+00:00,358.42,359.1,358.12,359.08,1123
2026-06-18T13:54:00+00:00,359.08,359.12,356.58,356.82,1269
2026-06-18T13:57:00+00:00,356.82,358.42,356.48,358.23,1113
2026-06-18T14:00:00+00:00,358.23,360.64,358.15,359.7,1286
2026-06-18T14:03:00+00:00,359.7,360.53,359.2,360.47,1045
2026-06-18T14:06:00+00:00,360.47,361.7,360.46,361.66,1274
2026-06-18T14:09:00+00:00,361.66,361.8,360.63,360.7,1372
2026-06-18T14:12:00+00:00,360.7,361.31,360.53,360.63,1458
2026-06-18T14:15:00+00:00,360.63,361.56,360.23,361.33,1149
2026-06-18T14:18:00+00:00,361.33,361.41,360.31,360.38,965
2026-06-18T14:21:00+00:00,360.38,360.77,359.98,360.61,887
2026-06-18T14:24:00+00:00,360.61,360.73,360.15,360.44,754
2026-06-18T14:27:00+00:00,360.44,360.53,359.53,359.65,924
2026-06-18T14:30:00+00:00,359.65,360.76,359.48,360.49,785
2026-06-18T14:33:00+00:00,360.49,361.11,360.29,360.3,737
2026-06-18T14:36:00+00:00,360.3,360.77,359.92,360.6,694
2026-06-18T14:39:00+00:00,360.6,361.06,360.53,360.79,960
2026-06-18T14:42:00+00:00,360.79,361.04,360.59,360.87,795
2026-06-18T14:45:00+00:00,360.87,361.61,360.71,361.49,838
2026-06-18T14:48:00+00:00,361.49,361.98,361.39,361.76,841
2026-06-18T14:51:00+00:00,361.76,362,361.1,361.62,900
2026-06-18T14:54:00+00:00,361.62,362.03,361.3,361.37,742
2026-06-18T14:57:00+00:00,361.37,361.6,-1422.6499999999999,-1422.58,799.3070866141732
2026-06-18T15:00:00+00:00,361.23,361.62,360.9,361.62,748
2026-06-18T15:03:00+00:00,361.62,361.77,361.12,361.23,746
2026-06-18T15:06:00+00:00,361.23,361.92,361.23,361.84,621
2026-06-18T15:09:00+00:00,361.84,361.99,361.08,361.67,739
2026-06-18T15:12:00+00:00,361.67,361.85,361.38,361.61,702
2026-06-18T15:15:00+00:00,361.61,361.78,361.38,361.55,713
2026-06-18T15:18:00+00:00,361.55,361.77,361.08,361.36,690
2026-06-18T15:21:00+00:00,361.36,361.59,361.09,361.31,760
2026-06-18T15:24:00+00:00,361.31,361.76,360.98,361.68,685
2026-06-18T15:27:00+00:00,361.68,362.49,361.63,362.11,832
2026-06-18T15:30:00+00:00,362.11,362.34,361.82,362.08,915
2026-06-18T15:33:00+00:00,362.08,362.32,361.85,362.31,1071
2026-06-18T15:36:00+00:00,362.31,362.99,362.16,362.48,1296
2026-06-18T15:39:00+00:00,362.48,362.98,362.38,362.93,1306
2026-06-18T15:42:00+00:00,362.93,363.49,362.85,363.31,1090
2026-06-18T15:45:00+00:00,363.31,363.36,362.84,363.18,1002
2026-06-18T15:48:00+00:00,363.18,363.93,363.07,363.92,627
2026-06-18T15:51:00+00:00,363.92,364.86,363.84,364.7,1025
2026-06-18T15:54:00+00:00,364.7,365.45,364.38,365.08,1155
2026-06-18T15:57:00+00:00,365.08,365.18,364.05,364.1,1122
2026-06-18T16:00:00+00:00,364.1,364.21,363.63,363.9,1147
2026-06-18T16:03:00+00:00,363.9,364.15,363.52,364.06,868
2026-06-18T16:06:00+00:00,364.06,364.2,363.62,363.74,950
2026-06-18T16:09:00+00:00,363.74,363.89,363.16,363.32,1034
2026-06-18T16:12:00+00:00,363.32,363.55,363.07,363.37,778
2026-06-18T16:15:00+00:00,363.37,363.67,362.98,363.6,914
2026-06-18T16:18:00+00:00,363.6,364.01,363.5,364.01,1038
2026-06-18T16:21:00+00:00,364.01,365.05,363.93,364.92,1014
2026-06-18T16:24:00+00:00,364.92,365.01,363.96,364.51,1124
2026-06-18T16:27:00+00:00,364.51,364.75,364.09,364.54,843
2026-06-18T16:30:00+00:00,364.54,364.69,363.99,363.99,900
2026-06-18T16:33:00+00:00,363.99,364.29,363.91,364.08,698
2026-06-18T16:36:00+00:00,364.08,364.51,363.98,364.39,730
2026-06-18T16:39:00+00:00,364.39,364.72,364.37,364.63,626
2026-06-18T16:42:00+00:00,364.63,364.72,364.18,364.46,682
2026-06-18T16:45:00+00:00,364.46,365.15,364.4,365.12,817
2026-06-18T16:48:00+00:00,365.12,365.46,365.07,365.27,752
2026-06-18T16:51:00+00:00,365.27,365.37,364.74,365.04,888
2026-06-18T16:54:00+00:00,365.04,365.13,364.88,364.9,699
2026-06-18T16:57:00+00:00,364.9,365.06,364.63,364.7,808
2026-06-18T17:00:00+00:00,364.7,365.19,364.7,365.14,951
2026-06-18T17:03:00+00:00,365.14,365.2,364.88,365.13,887
2026-06-18T17:06:00+00:00,365.13,365.22,364.88,364.99,633
2026-06-18T17:09:00+00:00,364.99,365.05,364.53,364.6,647
2026-06-18T17:12:00+00:00,364.6,364.96,364.49,364.75,673
2026-06-18T17:15:00+00:00,364.75,365.45,364.73,365.34,615
2026-06-18T17:18:00+00:00,365.34,365.43,365.15,365.26,641
2026-06-18T17:21:00+00:00,365.26,365.71,365.25,365.71,746
2026-06-18T17:24:00+00:00,365.71,365.89,365.31,365.39,712
2026-06-18T17:27:00+00:00,365.39,366.16,365.26,366.16,672
2026-06-18T17:30:00+00:00,366.16,366.79,366.13,366.49,817
2026-06-18T17:33:00+00:00,366.49,366.57,366.22,366.26,690
2026-06-18T17:36:00+00:00,366.26,366.38,366,366.29,699
2026-06-18T17:39:00+00:00,366.29,366.32,365.88,365.9,604
2026-06-18T17:42:00+00:00,365.9,366.2,365.88,366.04,570
2026-06-18T17:45:00+00:00,366.04,366.46,366,366.05,639
2026-06-18T17:48:00+00:00,366.05,366.09,365.71,365.96,540
2026-06-18T17:51:00+00:00,365.96,366.22,365.88,365.96,315
2026-06-18T17:54:00+00:00,365.96,366.11,365.89,366,476
2026-06-18T17:57:00+00:00,366,366.62,365.98,366.27,593
2026-06-18T18:00:00+00:00,366.27,366.56,366.02,366.44,798
2026-06-18T18:03:00+00:00,366.44,366.7,366.37,366.58,841
2026-06-18T18:06:00+00:00,366.58,366.64,366.38,366.56,773
2026-06-18T18:09:00+00:00,366.56,366.63,366.18,366.26,612
2026-06-18T18:12:00+00:00,366.26,366.62,366.07,366.07,639
2026-06-18T18:15:00+00:00,366.07,366.16,365.69,365.97,756
2026-06-18T18:18:00+00:00,365.97,366.22,365.88,366,627
2026-06-18T18:21:00+00:00,366,366.59,365.97,366.42,641
2026-06-18T18:24:00+00:00,366.42,366.42,365.95,366.07,582
2026-06-18T18:27:00+00:00,366.07,366.41,365.97,365.99,851
2026-06-18T18:30:00+00:00,365.99,366.03,365.82,365.88,674
2026-06-18T18:33:00+00:00,365.88,366.15,365.76,365.8,560
2026-06-18T18:36:00+00:00,365.8,365.97,365.46,365.88,704
2026-06-18T18:39:00+00:00,365.88,366.05,365.73,365.96,451
2026-06-18T18:42:00+00:00,365.96,366.45,365.89,366.41,562
2026-06-18T18:45:00+00:00,366.41,366.66,366.29,366.47,489
2026-06-18T18:48:00+00:00,366.47,366.7,366.35,366.51,493
2026-06-18T18:51:00+00:00,366.51,366.9,366.47,366.85,339
2026-06-18T18:54:00+00:00,366.85,366.88,366.47,366.52,343
2026-06-18T18:57:00+00:00,366.52,366.71,366.41,366.56,431
2026-06-18T19:00:00+00:00,366.56,366.63,366.24,366.24,563
2026-06-18T19:03:00+00:00,366.24,366.3,365.97,366.09,436
2026-06-18T19:06:00+00:00,366.09,366.19,365.79,366.16,535
2026-06-18T19:09:00+00:00,366.16,366.18,365.12,365.31,644
2026-06-18T19:12:00+00:00,365.31,365.56,365.09,365.38,589
2026-06-18T19:15:00+00:00,365.38,365.42,364.74,364.77,422
2026-06-18T19:18:00+00:00,364.77,365.28,364.53,365.12,505
2026-06-18T19:21:00+00:00,365.12,365.31,365.02,365.22,616
2026-06-18T19:24:00+00:00,365.22,365.62,365.2,365.47,580
2026-06-18T19:27:00+00:00,365.47,366.02,365.42,365.8,511
2026-06-18T19:30:00+00:00,365.8,365.93,365.51,365.69,699
2026-06-18T19:33:00+00:00,365.69,365.99,365.59,365.89,677
2026-06-18T19:36:00+00:00,365.89,366.16,365.81,366.12,639
2026-06-18T19:39:00+00:00,366.12,366.54,365.92,366.49,708
2026-06-18T19:42:00+00:00,366.49,367.26,366.47,367.21,845
2026-06-18T19:45:00+00:00,367.21,367.88,367.04,367.8,1043
2026-06-18T19:48:00+00:00,367.8,367.98,366.08,366.34,1397
2026-06-18T19:51:00+00:00,366.34,367.47,366.08,367.31,1121
2026-06-18T19:54:00+00:00,367.31,368.19,366.65,367.95,1594
2026-06-18T19:57:00+00:00,367.95,368.22,366.74,366.92,1287
2026-06-22T13:30:00+00:00,366.92,366.92,354.4,354.83,1138
2026-06-22T13:33:00+00:00,354.83,355.34,353.23,354.89,1056
2026-06-22T13:36:00+00:00,354.89,356.54,354.43,355.83,1111
2026-06-22T13:39:00+00:00,355.83,356.35,353.68,353.68,814
2026-06-22T13:42:00+00:00,353.68,354.66,353.22,353.28,784
2026-06-22T13:45:00+00:00,353.28,353.64,352.46,353.29,921
2026-06-22T13:48:00+00:00,353.29,354.43,352.95,354.27,686
2026-06-22T13:51:00+00:00,354.27,354.36,353.13,353.48,728
2026-06-22T13:54:00+00:00,353.48,354.19,353.06,353.79,650
2026-06-22T13:57:00+00:00,353.79,353.87,352.95,353.47,655
2026-06-22T14:00:00+00:00,353.47,353.56,352.19,352.2,688
2026-06-22T14:03:00+00:00,352.2,352.24,351.61,351.94,657
2026-06-22T14:06:00+00:00,351.94,352.09,351.2,351.21,716
2026-06-22T14:09:00+00:00,351.21,352.03,351.21,351.77,776
2026-06-22T14:12:00+00:00,351.77,351.77,349.34,349.35,872
2026-06-22T14:15:00+00:00,349.35,350.08,349.09,349.69,1164
2026-06-22T14:18:00+00:00,349.69,349.95,348.91,349.23,928
2026-06-22T14:21:00+00:00,349.23,349.53,348.9,348.98,610
2026-06-22T14:24:00+00:00,348.98,349.09,348.43,348.48,660
2026-06-22T14:27:00+00:00,348.48,348.56,347.74,348.09,769
2026-06-22T14:30:00+00:00,348.09,348.24,347.28,347.44,839
2026-06-22T14:33:00+00:00,347.44,347.98,346.59,347.83,744
2026-06-22T14:36:00+00:00,347.83,348.2,347.56,347.94,847
2026-06-22T14:39:00+00:00,347.94,348.32,347.39,347.5,824
2026-06-22T14:42:00+00:00,347.5,347.64,346.59,346.83,750
2026-06-22T14:45:00+00:00,346.83,346.9,345.96,345.98,796
2026-06-22T14:48:00+00:00,345.98,346.64,345.66,345.68,767
2026-06-22T14:51:00+00:00,345.68,345.84,344.95,345.17,795
2026-06-22T14:54:00+00:00,345.17,345.3,343.98,344.12,817
2026-06-22T14:57:00+00:00,344.12,344.73,344.09,344.52,663
2026-06-22T15:00:00+00:00,344.52,344.53,343.68,343.9,666
2026-06-22T15:03:00+00:00,343.9,344.19,342.53,342.56,749
2026-06-22T15:06:00+00:00,342.56,342.75,341.95,342.41,766
2026-06-22T15:09:00+00:00,342.41,343.01,342.12,342.65,727
2026-06-22T15:12:00+00:00,342.65,343.33,341.93,342.17,732
2026-06-22T15:15:00+00:00,342.17,342.44,341.08,341.34,738
2026-06-22T15:18:00+00:00,341.34,341.84,340.79,341.74,773
2026-06-22T15:21:00+00:00,341.74,343.49,341.69,343.34,747
2026-06-22T15:24:00+00:00,343.34,343.73,342.95,343.61,787
2026-06-22T15:27:00+00:00,343.61,343.8,342.29,342.56,1206
2026-06-22T15:30:00+00:00,342.56,344.19,342.48,343.84,902
2026-06-22T15:33:00+00:00,343.84,345.05,343.79,344.85,984
2026-06-22T15:36:00+00:00,344.85,345.3,344.76,344.79,608
2026-06-22T15:39:00+00:00,344.79,345.68,344.7,345.58,588
2026-06-22T15:42:00+00:00,345.58,346.17,345.49,346.1,635
2026-06-22T15:45:00+00:00,346.1,346.38,345.27,345.54,638
2026-06-22T15:48:00+00:00,345.54,345.63,344.08,344.61,688
2026-06-22T15:51:00+00:00,344.61,345.39,344.55,345.2,518
2026-06-22T15:54:00+00:00,345.2,346.2,345.18,345.21,625
2026-06-22T15:57:00+00:00,345.21,345.53,344.98,345.16,535
2026-06-22T16:00:00+00:00,345.16,345.47,344.68,344.68,582
2026-06-22T16:03:00+00:00,344.68,344.72,344.13,344.25,596
2026-06-22T16:06:00+00:00,344.25,344.75,343.98,344.71,586
2026-06-22T16:09:00+00:00,344.71,344.95,344.38,344.52,492
2026-06-22T16:12:00+00:00,344.52,345.03,344.23,344.89,485
2026-06-22T16:15:00+00:00,344.89,345.14,344.63,344.69,435
2026-06-22T16:18:00+00:00,344.69,345.65,344.56,345.61,427
2026-06-22T16:21:00+00:00,345.61,345.7,344.88,344.88,480
2026-06-22T16:24:00+00:00,344.88,345.8,344.88,345.4,506
2026-06-22T16:27:00+00:00,345.4,346.06,345.23,346,472
2026-06-22T16:30:00+00:00,346,346.12,345.38,345.38,486
2026-06-22T16:33:00+00:00,345.38,345.56,345.13,345.3,431
2026-06-22T16:36:00+00:00,345.3,345.47,344.88,345.36,480
2026-06-22T16:39:00+00:00,345.36,345.57,344.88,345.3,509
2026-06-22T16:42:00+00:00,345.3,345.51,345.21,345.29,392
2026-06-22T16:45:00+00:00,345.29,345.47,345.18,345.33,329
2026-06-22T16:48:00+00:00,345.33,345.34,344.89,344.98,420
2026-06-22T16:51:00+00:00,344.98,345.23,344.88,344.92,281
2026-06-22T16:54:00+00:00,344.92,345.17,344.71,345.07,378
2026-06-22T16:57:00+00:00,345.07,345.72,345.07,345.54,350
2026-06-22T17:00:00+00:00,345.54,345.69,344.92,345.12,477
2026-06-22T17:03:00+00:00,345.12,345.55,344.88,344.99,384
2026-06-22T17:06:00+00:00,344.99,345.34,344.8,345.14,396
2026-06-22T17:09:00+00:00,345.14,345.59,344.96,345.56,375
2026-06-22T17:12:00+00:00,345.56,345.81,344.89,345.53,574
2026-06-22T17:15:00+00:00,345.53,346.05,345.11,345.3,745
2026-06-22T17:18:00+00:00,345.3,346.32,345.23,346.09,708
2026-06-22T17:21:00+00:00,346.09,346.47,345.86,346.33,537
2026-06-22T17:24:00+00:00,346.33,346.43,346,346.32,483
2026-06-22T17:27:00+00:00,346.32,346.63,346.18,346.19,486
2026-06-22T17:30:00+00:00,346.19,346.4,346.08,346.26,514
2026-06-22T17:33:00+00:00,346.26,346.3,345.71,345.78,388
2026-06-22T17:36:00+00:00,345.78,345.91,345.54,345.75,321
2026-06-22T17:39:00+00:00,345.75,346.35,345.74,346.24,383
2026-06-22T17:42:00+00:00,346.24,346.36,345.8,345.82,261
2026-06-22T17:45:00+00:00,345.82,346.12,345.59,346.1,331
2026-06-22T17:48:00+00:00,346.1,346.5,345.98,346.35,390
2026-06-22T17:51:00+00:00,346.35,346.61,346.23,346.46,358
2026-06-22T17:54:00+00:00,346.46,346.83,346.37,346.73,323
2026-06-22T17:57:00+00:00,346.73,346.85,346.23,346.23,377
2026-06-22T18:00:00+00:00,346.23,346.77,346.16,346.69,497
2026-06-22T18:03:00+00:00,346.69,346.76,346.51,346.54,407
2026-06-22T18:06:00+00:00,346.54,346.99,346.51,346.98,531
2026-06-22T18:09:00+00:00,346.98,347.09,346.73,346.84,552
2026-06-22T18:12:00+00:00,346.84,347.17,346.77,347.06,522
2026-06-22T18:15:00+00:00,347.06,347.22,346.88,347.06,447
2026-06-22T18:18:00+00:00,347.06,347.29,346.68,347.29,597
2026-06-22T18:21:00+00:00,347.29,347.46,346.79,347.31,484
2026-06-22T18:24:00+00:00,347.31,347.5,347,347.09,447
2026-06-22T18:27:00+00:00,347.09,347.17,346.93,347.15,265
2026-06-22T18:30:00+00:00,347.15,347.63,347.15,347.51,350
2026-06-22T18:33:00+00:00,347.51,347.67,347.47,347.54,273
2026-06-22T18:36:00+00:00,347.54,347.57,347.13,347.13,336
2026-06-22T18:39:00+00:00,347.13,347.51,347.13,347.33,393
2026-06-22T18:42:00+00:00,347.33,347.66,347.22,347.33,404
2026-06-22T18:45:00+00:00,347.33,347.72,347.33,347.64,423
2026-06-22T18:48:00+00:00,347.64,347.65,347.08,347.2,349
2026-06-22T18:51:00+00:00,347.2,347.2,346.59,346.61,509
2026-06-22T18:54:00+00:00,346.61,346.97,346.48,346.58,497
2026-06-22T18:57:00+00:00,346.58,346.63,346.38,346.53,361
2026-06-22T19:00:00+00:00,346.53,347.01,346.51,346.91,417
2026-06-22T19:03:00+00:00,346.91,347.36,346.91,346.93,359
2026-06-22T19:06:00+00:00,346.93,347.03,346.69,346.69,301
2026-06-22T19:09:00+00:00,346.69,347.14,346.69,347.04,385
2026-06-22T19:12:00+00:00,347.04,347.1,346.75,346.91,261
2026-06-22T19:15:00+00:00,346.91,347.02,346.73,346.9,517
2026-06-22T19:18:00+00:00,346.9,347.28,346.88,347.11,549
2026-06-22T19:21:00+00:00,347.11,347.6,346.96,347.4,450
2026-06-22T19:24:00+00:00,347.4,348.61,347.33,348.56,721
2026-06-22T19:27:00+00:00,348.56,348.83,348.4,348.48,603
2026-06-22T19:30:00+00:00,348.48,348.78,348.29,348.59,878
2026-06-22T19:33:00+00:00,348.59,348.86,348.46,348.53,791
2026-06-22T19:36:00+00:00,348.53,348.53,347.87,347.93,628
2026-06-22T19:39:00+00:00,347.93,348.07,347.54,347.86,555
2026-06-22T19:42:00+00:00,347.86,348.17,347.53,347.74,555
2026-06-22T19:45:00+00:00,347.74,348.31,347.65,348.15,587
2026-06-22T19:48:00+00:00,348.15,349.06,347.88,348.84,806
2026-06-22T19:51:00+00:00,348.84,349.19,348.67,348.9,817
2026-06-22T19:54:00+00:00,348.9,349.1,347.77,348.45,1104
2026-06-22T19:57:00+00:00,348.45,348.82,348.18,348.5,1653
2026-06-23T13:30:00+00:00,348.5,348.5,339.06,342.12,903
2026-06-23T13:33:00+00:00,342.12,344.13,341.88,343.82,729
2026-06-23T13:36:00+00:00,343.82,345.11,343.82,344.69,792
2026-06-23T13:39:00+00:00,344.69,345.54,344.48,345.44,647
2026-06-23T13:42:00+00:00,345.44,347,345.44,346.57,649
2026-06-23T13:45:00+00:00,346.57,346.87,345.88,346.39,921
2026-06-23T13:48:00+00:00,346.39,347.69,346.38,346.8,784
2026-06-23T13:51:00+00:00,346.8,346.9,346.06,346.49,780
2026-06-23T13:54:00+00:00,346.49,347.47,346.48,347.3,644
2026-06-23T13:57:00+00:00,347.3,348.21,347.13,347.6,623
2026-06-23T14:00:00+00:00,347.6,348.32,347.22,347.38,688
2026-06-23T14:03:00+00:00,347.38,348.15,347.18,347.51,532
2026-06-23T14:06:00+00:00,347.51,348.11,347.25,347.25,524
2026-06-23T14:09:00+00:00,347.25,348.4,347.15,348,582
2026-06-23T14:12:00+00:00,348,348.53,347.88,347.98,476
2026-06-23T14:15:00+00:00,347.98,348.14,347.1,347.1,543
2026-06-23T14:18:00+00:00,347.1,347.41,346.52,346.52,537
2026-06-23T14:21:00+00:00,346.52,347.27,346.29,346.83,571
2026-06-23T14:24:00+00:00,346.83,347.5,346.75,347.14,420
2026-06-23T14:27:00+00:00,347.14,347.51,346.69,347.42,492
2026-06-23T14:30:00+00:00,347.42,347.87,347.24,347.48,570
2026-06-23T14:33:00+00:00,347.48,347.73,347.05,347.14,439
2026-06-23T14:36:00+00:00,347.14,347.47,346.76,346.88,519
2026-06-23T14:39:00+00:00,346.88,346.99,345.95,346.28,496
2026-06-23T14:42:00+00:00,346.28,346.82,346.06,346.4,544
2026-06-23T14:45:00+00:00,346.4,346.6,345.89,346.55,505
2026-06-23T14:48:00+00:00,346.55,347.44,346.34,347.33,582
2026-06-23T14:51:00+00:00,347.33,347.72,346.92,347.18,508
2026-06-23T14:54:00+00:00,347.18,347.49,346.48,346.57,509
2026-06-23T14:57:00+00:00,346.57,346.66,345.45,345.83,556
2026-06-23T15:00:00+00:00,345.83,346.23,345.46,345.9,553
2026-06-23T15:03:00+00:00,345.9,346.25,345.61,345.67,490
2026-06-23T15:06:00+00:00,345.67,346.2,345.58,346.2,434
2026-06-23T15:09:00+00:00,346.2,346.33,345.92,345.94,469
2026-06-23T15:12:00+00:00,345.94,346.29,345.68,346.29,499
2026-06-23T15:15:00+00:00,346.29,346.36,345.52,345.57,451
2026-06-23T15:18:00+00:00,345.57,345.88,345.47,345.49,537
2026-06-23T15:21:00+00:00,345.49,345.61,344.97,345.15,466
2026-06-23T15:24:00+00:00,345.15,345.54,344.73,345.13,580
2026-06-23T15:27:00+00:00,345.13,345.38,344.54,344.81,578
2026-06-23T15:30:00+00:00,344.81,345.09,344.49,344.71,552
2026-06-23T15:33:00+00:00,344.71,345.23,344.46,344.95,513
2026-06-23T15:36:00+00:00,344.95,345.06,344.48,344.72,444
2026-06-23T15:39:00+00:00,344.72,344.79,344.48,344.64,412
2026-06-23T15:42:00+00:00,344.64,345.46,344.56,345.23,512
2026-06-23T15:45:00+00:00,345.23,345.78,345.07,345.46,511
2026-06-23T15:48:00+00:00,345.46,345.77,345,345.56,485
2026-06-23T15:51:00+00:00,345.56,345.88,345.35,345.83,422
2026-06-23T15:54:00+00:00,345.83,346.2,345.42,345.46,443
2026-06-23T15:57:00+00:00,345.46,345.59,345.12,345.51,455
2026-06-23T16:00:00+00:00,345.51,346.18,345.4,345.4,472
2026-06-23T16:03:00+00:00,345.4,345.76,344.98,345.61,442
2026-06-23T16:06:00+00:00,345.61,345.68,344.68,344.71,399
2026-06-23T16:09:00+00:00,344.71,345.37,344.69,344.96,395
2026-06-23T16:12:00+00:00,344.96,345.12,344.61,344.94,307
2026-06-23T16:15:00+00:00,344.94,345.33,344.88,345.04,371
2026-06-23T16:18:00+00:00,345.04,345.3,344.88,345.18,329
2026-06-23T16:21:00+00:00,345.18,346.08,345.18,346.05,353
2026-06-23T16:24:00+00:00,346.05,346.7,345.98,346.5,720
2026-06-23T16:27:00+00:00,346.5,347.01,346.38,346.66,750
2026-06-23T16:30:00+00:00,346.66,346.79,346.39,346.61,750
2026-06-23T16:33:00+00:00,346.61,346.88,346.39,346.56,599
2026-06-23T16:36:00+00:00,346.56,346.72,346.48,346.5,475
2026-06-23T16:39:00+00:00,346.5,347.18,346.48,347.14,466
2026-06-23T16:42:00+00:00,347.14,347.14,346.64,346.7,481
2026-06-23T16:45:00+00:00,346.7,346.85,346.48,346.56,305
2026-06-23T16:48:00+00:00,346.56,346.81,346.42,346.59,353
2026-06-23T16:51:00+00:00,346.59,347,346.39,347,382
2026-06-23T16:54:00+00:00,347,347.51,346.88,347.19,351
2026-06-23T16:57:00+00:00,347.19,347.41,346.88,347.16,306
2026-06-23T17:00:00+00:00,347.16,347.34,346.72,346.72,332
2026-06-23T17:03:00+00:00,346.72,346.97,346.59,346.64,395
2026-06-23T17:06:00+00:00,346.64,346.9,346.48,346.79,416
2026-06-23T17:09:00+00:00,346.79,347.4,346.74,347.2,421
2026-06-23T17:12:00+00:00,347.2,347.31,346.88,346.93,343
2026-06-23T17:15:00+00:00,346.93,347.09,346.39,346.43,381
2026-06-23T17:18:00+00:00,346.43,346.61,346.14,346.5,681
2026-06-23T17:21:00+00:00,346.5,346.97,346.5,346.91,596
2026-06-23T17:24:00+00:00,346.91,347.04,346.88,347.04,412
2026-06-23T17:27:00+00:00,347.04,347.29,346.95,347.11,358
2026-06-23T17:30:00+00:00,347.11,347.12,346.88,346.91,600
2026-06-23T17:33:00+00:00,346.91,347.18,346.88,347.13,436
2026-06-23T17:36:00+00:00,347.13,347.17,346.71,346.94,484
2026-06-23T17:39:00+00:00,346.94,347.08,346.7,346.7,425
2026-06-23T17:42:00+00:00,346.7,346.73,346.47,346.55,428
2026-06-23T17:45:00+00:00,346.55,347,346.47,346.82,461
2026-06-23T17:48:00+00:00,346.82,347.06,346.68,346.71,496
2026-06-23T17:51:00+00:00,346.71,346.75,346.43,346.43,455
2026-06-23T17:54:00+00:00,346.43,346.63,345.88,345.89,543
2026-06-23T17:57:00+00:00,345.89,346.23,345.88,346,465
2026-06-23T18:00:00+00:00,346,346.41,345.88,346.15,627
2026-06-23T18:03:00+00:00,346.15,346.21,345.83,345.83,418
2026-06-23T18:06:00+00:00,345.83,346,345.53,345.72,379
2026-06-23T18:09:00+00:00,345.72,346.5,345.64,346.28,444
2026-06-23T18:12:00+00:00,346.28,346.41,345.69,345.77,427
2026-06-23T18:15:00+00:00,345.77,346.04,345.62,345.65,392
2026-06-23T18:18:00+00:00,345.65,345.79,345.38,345.38,386
2026-06-23T18:21:00+00:00,345.38,345.63,345.26,345.55,403
2026-06-23T18:24:00+00:00,345.55,345.62,345.26,345.4,299
2026-06-23T18:27:00+00:00,345.4,345.42,345.23,345.26,288
2026-06-23T18:30:00+00:00,345.26,345.62,345.19,345.34,365
2026-06-23T18:33:00+00:00,345.34,345.7,345.23,345.52,315
2026-06-23T18:36:00+00:00,345.52,345.79,345.48,345.63,333
2026-06-23T18:39:00+00:00,345.63,345.88,345.53,345.8,423
2026-06-23T18:42:00+00:00,345.8,345.97,345.53,345.89,558
2026-06-23T18:45:00+00:00,345.89,345.97,345.46,345.67,520
2026-06-23T18:48:00+00:00,345.67,346,345.42,345.84,544
2026-06-23T18:51:00+00:00,345.84,345.96,345.41,345.49,448
2026-06-23T18:54:00+00:00,345.49,345.76,345.38,345.41,511
2026-06-23T18:57:00+00:00,345.41,346.2,345.34,345.89,405
2026-06-23T19:00:00+00:00,345.89,346.03,345.65,345.89,397
2026-06-23T19:03:00+00:00,345.89,346.38,345.77,346.25,451
2026-06-23T19:06:00+00:00,346.25,346.44,345.95,346.07,623
2026-06-23T19:09:00+00:00,346.07,346.37,345.97,346.31,528
2026-06-23T19:12:00+00:00,346.31,346.4,346.01,346.11,348
2026-06-23T19:15:00+00:00,346.11,346.38,346.06,346.15,433
2026-06-23T19:18:00+00:00,346.15,346.48,345.9,346.23,502
2026-06-23T19:21:00+00:00,346.23,346.72,346.13,346.48,514
2026-06-23T19:24:00+00:00,346.48,346.53,346.14,346.23,568
2026-06-23T19:27:00+00:00,346.23,346.41,346.02,346.19,584
2026-06-23T19:30:00+00:00,346.19,346.32,345.84,345.95,536
2026-06-23T19:33:00+00:00,345.95,346.49,345.95,346.34,481
2026-06-23T19:36:00+00:00,346.34,346.59,346.14,346.33,537
2026-06-23T19:39:00+00:00,346.33,346.59,346.14,346.46,444
2026-06-23T19:42:00+00:00,346.46,346.66,346.34,346.57,406
2026-06-23T19:45:00+00:00,346.57,347.5,346.53,347.35,525
2026-06-23T19:48:00+00:00,347.35,347.57,346.87,346.88,578
2026-06-23T19:51:00+00:00,346.88,347.57,346.88,347.1,640
2026-06-23T19:54:00+00:00,347.1,347.28,345.68,346.57,1087
2026-06-23T19:57:00+00:00,346.57,346.68,345.63,346.01,1581
2026-06-24T13:30:00+00:00,346.01,350.95,346.01,350.7,992
2026-06-24T13:33:00+00:00,350.7,351.24,349.39,349.39,719
2026-06-24T13:36:00+00:00,349.39,351.65,349.39,351.61,689
2026-06-24T13:39:00+00:00,351.61,351.62,349.88,350.44,720
2026-06-24T13:42:00+00:00,350.44,350.51,347.89,348.18,1001
2026-06-24T13:45:00+00:00,348.18,349.38,347.38,347.91,1006
2026-06-24T13:48:00+00:00,347.91,348.34,346.63,347.96,867
2026-06-24T13:51:00+00:00,347.96,348.62,347.65,348.35,808
2026-06-24T13:54:00+00:00,348.35,348.58,347.58,348.1,631
2026-06-24T13:57:00+00:00,348.1,350.09,348.08,349.64,596
2026-06-24T14:00:00+00:00,349.64,350.08,349.38,349.86,747
2026-06-24T14:03:00+00:00,349.86,350.21,349.12,349.99,769
2026-06-24T14:06:00+00:00,349.99,350.6,349.57,349.98,707
2026-06-24T14:09:00+00:00,349.98,350.11,348.83,349.36,555
2026-06-24T14:12:00+00:00,349.36,349.62,348.96,349.56,563
2026-06-24T14:15:00+00:00,349.56,349.63,348.74,348.93,505
2026-06-24T14:18:00+00:00,348.93,349.47,348.49,348.93,568
2026-06-24T14:21:00+00:00,348.93,349.8,348.71,349.53,639
2026-06-24T14:24:00+00:00,349.53,350.15,349.35,349.73,559
2026-06-24T14:27:00+00:00,349.73,350.21,349.44,349.72,574
2026-06-24T14:30:00+00:00,349.72,350.43,349.61,350,628
2026-06-24T14:33:00+00:00,350,350.28,349.49,349.62,753
2026-06-24T14:36:00+00:00,349.62,349.98,349.05,349.8,815
2026-06-24T14:39:00+00:00,349.8,350.26,349.69,350,603
2026-06-24T14:42:00+00:00,350,351.27,349.87,351,716
2026-06-24T14:45:00+00:00,351,351.7,350.99,351.34,766
2026-06-24T14:48:00+00:00,351.34,352.17,351.22,351.43,727
2026-06-24T14:51:00+00:00,351.43,352.63,351.24,352.31,668
2026-06-24T14:54:00+00:00,352.31,352.31,351.64,351.94,522
2026-06-24T14:57:00+00:00,351.94,352.25,-1431.7499999999998,-1431.4499999999998,555.6014537718288
2026-06-24T15:00:00+00:00,352.35,352.5,351.25,351.36,580
2026-06-24T15:03:00+00:00,351.36,351.57,350.9,351.23,522
2026-06-24T15:06:00+00:00,351.23,351.6,351.15,351.34,629
2026-06-24T15:09:00+00:00,351.34,351.34,350.63,350.69,715
2026-06-24T15:12:00+00:00,350.69,350.7,349.94,350.01,762
2026-06-24T15:15:00+00:00,350.01,350.2,349.78,350.18,711
2026-06-24T15:18:00+00:00,350.18,350.38,349.58,349.89,736
2026-06-24T15:21:00+00:00,349.89,350.06,349.48,349.86,744
2026-06-24T15:24:00+00:00,349.86,350.31,349.48,349.54,851
2026-06-24T15:27:00+00:00,349.54,350.13,349.48,349.95,644
2026-06-24T15:30:00+00:00,349.95,350.28,348.97,349.12,597
2026-06-24T15:33:00+00:00,349.12,349.82,348.67,349.82,507
2026-06-24T15:36:00+00:00,349.82,349.99,349.45,349.86,454
2026-06-24T15:39:00+00:00,349.86,349.92,349.49,349.55,475
2026-06-24T15:42:00+00:00,349.55,349.69,349.38,349.54,392
2026-06-24T15:45:00+00:00,349.54,349.6,349.26,349.47,482
2026-06-24T15:48:00+00:00,349.47,349.99,349.13,349.98,562
2026-06-24T15:51:00+00:00,349.98,350.1,349.63,349.63,348
2026-06-24T15:54:00+00:00,349.63,349.94,349.4,349.54,645
2026-06-24T15:57:00+00:00,349.54,349.6,349.05,349.1,538
2026-06-24T16:00:00+00:00,349.1,349.38,348.91,349.3,684
2026-06-24T16:03:00+00:00,349.3,349.6,349.24,349.33,501
2026-06-24T16:06:00+00:00,349.33,349.66,349.2,349.35,587
2026-06-24T16:09:00+00:00,349.35,350.01,349.33,349.8,572
2026-06-24T16:12:00+00:00,349.8,349.93,349.59,349.77,432
2026-06-24T16:15:00+00:00,349.77,349.93,349.22,349.63,500
2026-06-24T16:18:00+00:00,349.63,349.83,349.18,349.22,613
2026-06-24T16:21:00+00:00,349.22,349.64,349.18,349.25,733
2026-06-24T16:24:00+00:00,349.25,349.32,348.58,348.7,718
2026-06-24T16:27:00+00:00,348.7,349,348.63,348.82,587
2026-06-24T16:30:00+00:00,348.82,348.94,348.49,348.55,812
2026-06-24T16:33:00+00:00,348.55,348.7,348.47,348.5,482
2026-06-24T16:36:00+00:00,348.5,348.63,347.78,347.94,735
2026-06-24T16:39:00+00:00,347.94,348.07,347.41,347.79,585
2026-06-24T16:42:00+00:00,347.79,347.86,347.32,347.77,539
2026-06-24T16:45:00+00:00,347.77,348.15,347.54,348.09,442
2026-06-24T16:48:00+00:00,348.09,348.45,348.03,348.36,398
2026-06-24T16:51:00+00:00,348.36,348.42,348.13,348.26,438
2026-06-24T16:54:00+00:00,348.26,348.33,347.88,348.09,436
2026-06-24T16:57:00+00:00,348.09,348.49,348.04,348.4,329
2026-06-24T17:00:00+00:00,348.4,348.66,348.28,348.55,350
2026-06-24T17:03:00+00:00,348.55,348.79,348.49,348.52,396
2026-06-24T17:06:00+00:00,348.52,348.55,347.88,347.93,474
2026-06-24T17:09:00+00:00,347.93,348.41,347.87,348.32,383
2026-06-24T17:12:00+00:00,348.32,348.6,348.22,348.52,467
2026-06-24T17:15:00+00:00,348.52,348.87,348.14,348.44,592
2026-06-24T17:18:00+00:00,348.44,348.53,347.89,348,599
2026-06-24T17:21:00+00:00,348,348.63,348,348.41,669
2026-06-24T17:24:00+00:00,348.41,348.55,347.88,348.16,583
2026-06-24T17:27:00+00:00,348.16,348.31,347.6,347.94,653
2026-06-24T17:30:00+00:00,347.94,348.26,347.61,347.79,627
2026-06-24T17:33:00+00:00,347.79,348.32,347.44,347.91,635
2026-06-24T17:36:00+00:00,347.91,347.97,347.48,347.87,541
2026-06-24T17:39:00+00:00,347.87,348.01,347.43,347.71,561
2026-06-24T17:42:00+00:00,347.71,347.88,347.44,347.61,444
2026-06-24T17:45:00+00:00,347.61,348.14,347.43,348.1,512
2026-06-24T17:48:00+00:00,348.1,348.21,347.62,347.8,401
2026-06-24T17:51:00+00:00,347.8,348.47,347.66,348.44,561
2026-06-24T17:54:00+00:00,348.44,348.64,348.17,348.23,581
2026-06-24T17:57:00+00:00,348.23,348.48,348.07,348.38,484
2026-06-24T18:00:00+00:00,348.38,348.8,348.27,348.49,728
2026-06-24T18:03:00+00:00,348.49,348.85,348.39,348.47,598
2026-06-24T18:06:00+00:00,348.47,348.76,348.06,348.09,408
2026-06-24T18:09:00+00:00,348.09,348.2,347.63,347.66,388
2026-06-24T18:12:00+00:00,347.66,347.98,347.63,347.78,400
2026-06-24T18:15:00+00:00,347.78,348.04,345.68,345.68,659
2026-06-24T18:18:00+00:00,345.68,346.25,343.53,345.36,1156
2026-06-24T18:21:00+00:00,345.36,346.46,345.21,345.93,506
2026-06-24T18:24:00+00:00,345.93,345.93,344.78,345.01,675
2026-06-24T18:27:00+00:00,345.01,345.03,343.88,344.29,736
2026-06-24T18:30:00+00:00,344.29,344.37,342.68,343.2,839
2026-06-24T18:33:00+00:00,343.2,343.98,342.7,343.14,608
2026-06-24T18:36:00+00:00,343.14,344.61,343.11,344.47,540
2026-06-24T18:39:00+00:00,344.47,345.03,343.21,343.58,705
2026-06-24T18:42:00+00:00,343.58,343.71,342.27,343.07,748
2026-06-24T18:45:00+00:00,343.07,343.58,341.99,342.01,588
2026-06-24T18:48:00+00:00,342.01,342.49,341.68,341.98,511
2026-06-24T18:51:00+00:00,341.98,342.5,341.78,341.93,514
2026-06-24T18:54:00+00:00,341.93,342.81,341.9,342.61,513
2026-06-24T18:57:00+00:00,342.61,342.85,342.02,342.39,371
2026-06-24T19:00:00+00:00,342.39,342.53,341.39,341.8,422
2026-06-24T19:03:00+00:00,341.8,342.66,341.39,342.59,496
2026-06-24T19:06:00+00:00,342.59,342.93,341.99,342.68,562
2026-06-24T19:09:00+00:00,342.68,342.99,342.45,342.74,506
2026-06-24T19:12:00+00:00,342.74,343.56,342.43,343.4,583
2026-06-24T19:15:00+00:00,343.4,343.6,343.02,343.18,546
2026-06-24T19:18:00+00:00,343.18,343.73,343.18,343.51,442
2026-06-24T19:21:00+00:00,343.51,344.28,343.51,343.95,423
2026-06-24T19:24:00+00:00,343.95,344.36,343.84,344.06,374
2026-06-24T19:27:00+00:00,344.06,344.2,343.57,343.73,289
2026-06-24T19:30:00+00:00,343.73,343.75,342.98,343.23,437
2026-06-24T19:33:00+00:00,343.23,343.51,342.99,343.15,384
2026-06-24T19:36:00+00:00,343.15,343.93,343.15,343.65,533
2026-06-24T19:39:00+00:00,343.65,344.31,343.6,343.91,602
2026-06-24T19:42:00+00:00,343.91,344.29,343.68,343.76,543
2026-06-24T19:45:00+00:00,343.76,344.2,343.47,343.83,489
2026-06-24T19:48:00+00:00,343.83,344.51,343.47,344.33,570
2026-06-24T19:51:00+00:00,344.33,345.03,344.23,344.82,550
2026-06-24T19:54:00+00:00,344.82,344.94,342.98,344.27,1137
2026-06-24T19:57:00+00:00,344.27,344.97,343.88,344.9,1543
2026-06-25T13:30:00+00:00,344.9,344.9,336.01,336.57,802
2026-06-25T13:33:00+00:00,336.57,336.99,335.77,336.26,1111
2026-06-25T13:36:00+00:00,336.26,337.24,335.78,336.97,1422
2026-06-25T13:39:00+00:00,336.97,337.53,336.49,337.14,1074
2026-06-25T13:42:00+00:00,337.14,337.51,335.83,336.49,903
2026-06-25T13:45:00+00:00,336.49,338.2,336.49,337.13,1547
2026-06-25T13:48:00+00:00,337.13,338.1,336.94,337.7,1129
2026-06-25T13:51:00+00:00,337.7,338.44,337.18,337.8,1048
2026-06-25T13:54:00+00:00,337.8,338.86,337.68,338.34,1078
2026-06-25T13:57:00+00:00,338.34,338.97,338.27,338.84,954
2026-06-25T14:00:00+00:00,338.84,340.63,338.38,340.23,1022
2026-06-25T14:03:00+00:00,340.23,341.06,339.93,340.54,937
2026-06-25T14:06:00+00:00,340.54,341.04,339.89,340.99,782
2026-06-25T14:09:00+00:00,340.99,341.36,340.39,340.68,801
2026-06-25T14:12:00+00:00,340.68,340.8,338.56,339.54,892
2026-06-25T14:15:00+00:00,339.54,339.63,338.88,339.07,747
2026-06-25T14:18:00+00:00,339.07,340.31,338.68,340.16,827
2026-06-25T14:21:00+00:00,340.16,340.35,338.89,339.16,584
2026-06-25T14:24:00+00:00,339.16,339.2,338.59,338.64,691
2026-06-25T14:27:00+00:00,338.64,340.17,338.59,340,752
2026-06-25T14:30:00+00:00,340,341.16,339.57,341.06,721
2026-06-25T14:33:00+00:00,341.06,341.32,340.46,340.91,642
2026-06-25T14:36:00+00:00,340.91,341.54,340.68,341.5,631
2026-06-25T14:39:00+00:00,341.5,342.13,341.31,341.47,716
2026-06-25T14:42:00+00:00,341.47,342.43,341.35,342.24,662
2026-06-25T14:45:00+00:00,342.24,342.57,341.24,341.35,623
2026-06-25T14:48:00+00:00,341.35,342.37,341.35,341.79,716
2026-06-25T14:51:00+00:00,341.79,342.47,341.63,342.06,600
2026-06-25T14:54:00+00:00,342.06,342.43,341.88,341.92,697
2026-06-25T14:57:00+00:00,341.92,341.96,340.91,341.06,985
2026-06-25T15:00:00+00:00,341.06,341.3,340.53,340.54,721
2026-06-25T15:03:00+00:00,340.54,341.49,340.38,340.74,575
2026-06-25T15:06:00+00:00,340.74,340.81,340.09,340.26,524
2026-06-25T15:09:00+00:00,340.26,340.59,339.66,339.76,542
2026-06-25T15:12:00+00:00,339.76,339.84,338.96,339.23,771
2026-06-25T15:15:00+00:00,339.23,339.9,338.81,339.68,776
2026-06-25T15:18:00+00:00,339.68,340.53,339.61,340.34,735
2026-06-25T15:21:00+00:00,340.34,340.9,339.88,340.63,630
2026-06-25T15:24:00+00:00,340.63,341.11,340.24,340.46,663
2026-06-25T15:27:00+00:00,340.46,340.85,340.31,340.37,665
2026-06-25T15:30:00+00:00,340.37,341.35,340.31,340.83,803
2026-06-25T15:33:00+00:00,340.83,340.99,340.38,340.77,701
2026-06-25T15:36:00+00:00,340.77,341.1,340.66,340.68,571
2026-06-25T15:39:00+00:00,340.68,340.75,340.38,340.67,488
2026-06-25T15:42:00+00:00,340.67,340.95,340.43,340.59,625
2026-06-25T15:45:00+00:00,340.59,341.35,340.48,340.81,677
2026-06-25T15:48:00+00:00,340.81,340.93,340.38,340.65,552
2026-06-25T15:51:00+00:00,340.65,340.89,340.5,340.88,504
2026-06-25T15:54:00+00:00,340.88,341.3,340.82,341.02,676
2026-06-25T15:57:00+00:00,341.02,341.36,340.55,340.73,610
2026-06-25T16:00:00+00:00,340.73,340.95,340.38,340.4,625
2026-06-25T16:03:00+00:00,340.4,340.84,340.31,340.69,523
2026-06-25T16:06:00+00:00,340.69,341.07,340.62,340.73,691
2026-06-25T16:09:00+00:00,340.73,341.4,340.71,341.34,591
2026-06-25T16:12:00+00:00,341.34,341.57,341,341.38,551
2026-06-25T16:15:00+00:00,341.38,341.77,341.31,341.72,511
2026-06-25T16:18:00+00:00,341.72,341.73,341.31,341.34,475
2026-06-25T16:21:00+00:00,341.34,341.41,340.61,340.62,465
2026-06-25T16:24:00+00:00,340.62,340.77,340.31,340.31,546
2026-06-25T16:27:00+00:00,340.31,340.47,340.24,340.29,381
2026-06-25T16:30:00+00:00,340.29,340.33,339.88,340.05,360
2026-06-25T16:33:00+00:00,340.05,340.17,339.76,340.1,477
2026-06-25T16:36:00+00:00,340.1,340.65,339.98,340.61,551
2026-06-25T16:39:00+00:00,340.61,340.71,340.25,340.31,626
2026-06-25T16:42:00+00:00,340.31,340.67,340.25,340.63,632
2026-06-25T16:45:00+00:00,340.63,340.64,340.18,340.41,892
2026-06-25T16:48:00+00:00,340.41,340.66,340.25,340.43,743
2026-06-25T16:51:00+00:00,340.43,340.76,340.19,340.48,765
2026-06-25T16:54:00+00:00,340.48,340.93,340.47,340.53,703
2026-06-25T16:57:00+00:00,340.53,340.67,340.07,340.58,562
2026-06-25T17:00:00+00:00,340.58,341.17,340.58,340.73,699
2026-06-25T17:03:00+00:00,340.73,340.74,339.96,340.21,749
2026-06-25T17:06:00+00:00,340.21,340.27,339.96,340.03,655
2026-06-25T17:09:00+00:00,340.03,340.91,339.96,340.35,747
2026-06-25T17:12:00+00:00,340.35,340.44,339.89,340.04,706
2026-06-25T17:15:00+00:00,340.04,340.54,339.78,339.99,598
2026-06-25T17:18:00+00:00,339.99,340.05,338.89,339.45,592
2026-06-25T17:21:00+00:00,339.45,339.7,339.13,339.67,650
2026-06-25T17:24:00+00:00,339.67,340.27,339.46,340.21,696
2026-06-25T17:27:00+00:00,340.21,340.22,339.26,339.52,542
2026-06-25T17:30:00+00:00,339.52,339.75,339.13,339.27,563
2026-06-25T17:33:00+00:00,339.27,339.41,339,339.12,573
2026-06-25T17:36:00+00:00,339.12,339.28,339,339.16,461
2026-06-25T17:39:00+00:00,339.16,339.42,338.96,339.19,468
2026-06-25T17:42:00+00:00,339.19,339.28,338.38,338.51,491
2026-06-25T17:45:00+00:00,338.51,338.62,338.08,338.62,537
2026-06-25T17:48:00+00:00,338.62,338.62,337.9,338.03,384
2026-06-25T17:51:00+00:00,338.03,338.78,337.96,338.71,432
2026-06-25T17:54:00+00:00,338.71,339.26,338.62,339.17,432
2026-06-25T17:57:00+00:00,339.17,339.98,339.16,339.83,459
2026-06-25T18:00:00+00:00,339.83,340.03,338.71,338.8,561
2026-06-25T18:03:00+00:00,338.8,339.09,338.38,338.99,443
2026-06-25T18:06:00+00:00,338.99,339.78,338.92,339.78,464
2026-06-25T18:09:00+00:00,339.78,340.21,339.58,340.16,434
2026-06-25T18:12:00+00:00,340.16,340.36,339.88,340.08,381
2026-06-25T18:15:00+00:00,340.08,340.53,339.91,340.34,477
2026-06-25T18:18:00+00:00,340.34,340.98,340.21,340.7,574
2026-06-25T18:21:00+00:00,340.7,340.89,340.43,340.72,388
2026-06-25T18:24:00+00:00,340.72,340.86,340.48,340.7,385
2026-06-25T18:27:00+00:00,340.7,340.85,340.48,340.69,439
2026-06-25T18:30:00+00:00,340.69,340.74,340.2,340.28,364
2026-06-25T18:33:00+00:00,340.28,340.28,339.89,340.23,550
2026-06-25T18:36:00+00:00,340.23,340.41,339.95,340.27,463
2026-06-25T18:39:00+00:00,340.27,340.5,340.13,340.24,358
2026-06-25T18:42:00+00:00,340.24,340.24,339.76,339.9,340
2026-06-25T18:45:00+00:00,339.9,340.34,339.71,340.04,529
2026-06-25T18:48:00+00:00,340.04,340.58,339.93,340.54,547
2026-06-25T18:51:00+00:00,340.54,341.13,340.44,340.86,398
2026-06-25T18:54:00+00:00,340.86,340.89,340.33,340.42,420
2026-06-25T18:57:00+00:00,340.42,340.71,340.14,340.41,410
2026-06-25T19:00:00+00:00,340.41,340.52,339.78,339.8,356
2026-06-25T19:03:00+00:00,339.8,339.9,339.58,339.73,402
2026-06-25T19:06:00+00:00,339.73,340.38,339.7,340.3,414
2026-06-25T19:09:00+00:00,340.3,340.58,340.03,340.1,522
2026-06-25T19:12:00+00:00,340.1,340.67,340.03,340.54,456
2026-06-25T19:15:00+00:00,340.54,340.68,340.28,340.52,441
2026-06-25T19:18:00+00:00,340.52,341.1,340.43,341.06,416
2026-06-25T19:21:00+00:00,341.06,341.3,340.88,340.94,331
2026-06-25T19:24:00+00:00,340.94,341.52,340.9,341.38,376
2026-06-25T19:27:00+00:00,341.38,341.59,341.19,341.49,442
2026-06-25T19:30:00+00:00,341.49,341.58,341.09,341.4,591
2026-06-25T19:33:00+00:00,341.4,341.44,340.64,341.03,626
2026-06-25T19:36:00+00:00,341.03,341.22,340.64,340.72,363
2026-06-25T19:39:00+00:00,340.72,341.15,340.25,340.25,441
2026-06-25T19:42:00+00:00,340.25,340.31,339.62,340.05,601
2026-06-25T19:45:00+00:00,340.05,340.28,339.49,339.52,498
2026-06-25T19:48:00+00:00,339.52,340.08,339.39,339.68,786
2026-06-25T19:51:00+00:00,339.68,340.31,339.39,339.73,624
2026-06-25T19:54:00+00:00,339.73,342.48,339.64,342.25,979
2026-06-25T19:57:00+00:00,342.25,343.05,340.97,341.59,1686
2026-06-26T13:30:00+00:00,341.59,341.59,336.02,336.14,1008
2026-06-26T13:33:00+00:00,336.14,337.51,335.78,337.35,797
2026-06-26T13:36:00+00:00,337.35,337.78,336.78,336.78,891
2026-06-26T13:39:00+00:00,336.78,336.78,335.19,336.19,954
2026-06-26T13:42:00+00:00,336.19,336.43,335.41,335.69,871
2026-06-26T13:45:00+00:00,335.69,336.01,334.67,335.05,986
2026-06-26T13:48:00+00:00,335.05,335.4,333.98,334.61,1005
2026-06-26T13:51:00+00:00,334.61,335.06,334.29,334.43,525
2026-06-26T13:54:00+00:00,334.43,335.54,334.43,335.4,642
2026-06-26T13:57:00+00:00,335.4,335.93,334.74,335.86,607
2026-06-26T14:00:00+00:00,335.86,336.31,335.53,335.57,737
2026-06-26T14:03:00+00:00,335.57,336.51,335.18,336.27,754
2026-06-26T14:06:00+00:00,336.27,336.35,335.49,336.32,508
2026-06-26T14:09:00+00:00,336.32,336.67,335.49,336.64,690
2026-06-26T14:12:00+00:00,336.64,337.03,336.27,336.82,682
2026-06-26T14:15:00+00:00,336.82,337.17,336.45,336.51,549
2026-06-26T14:18:00+00:00,336.51,337.64,336.45,337.26,641
2026-06-26T14:21:00+00:00,337.26,337.35,335.75,335.77,528
2026-06-26T14:24:00+00:00,335.77,336.67,335.75,336.19,485
2026-06-26T14:27:00+00:00,336.19,336.65,336.08,336.38,461
2026-06-26T14:30:00+00:00,336.38,337.01,336.19,336.87,441
2026-06-26T14:33:00+00:00,336.87,337.61,336.66,337.08,628
2026-06-26T14:36:00+00:00,337.08,337.28,336.74,336.78,602
2026-06-26T14:39:00+00:00,336.78,337.31,336.51,337.31,552
2026-06-26T14:42:00+00:00,337.31,338.09,337.15,337.85,443
2026-06-26T14:45:00+00:00,337.85,338.5,337.76,338,510
2026-06-26T14:48:00+00:00,338,338.43,337.76,337.88,407
2026-06-26T14:51:00+00:00,337.88,338.09,337.65,337.95,342
2026-06-26T14:54:00+00:00,337.95,338.36,337.69,338.32,486
2026-06-26T14:57:00+00:00,338.32,338.58,-1445.7399999999998,-1445.3799999999999,462.8255487704241
2026-06-26T15:00:00+00:00,338.45,338.96,338.39,338.82,383
2026-06-26T15:03:00+00:00,338.82,339.27,338.7,338.85,386
2026-06-26T15:06:00+00:00,338.85,338.98,338.61,338.68,411
2026-06-26T15:09:00+00:00,338.68,339.22,338.31,338.31,339
2026-06-26T15:12:00+00:00,338.31,339.14,338.15,339.12,434
2026-06-26T15:15:00+00:00,339.12,340.08,338.93,339.92,498
2026-06-26T15:18:00+00:00,339.92,340.17,339.52,339.76,548
2026-06-26T15:21:00+00:00,339.76,340.36,339.57,340.17,447
2026-06-26T15:24:00+00:00,340.17,340.67,339.96,340.65,410
2026-06-26T15:27:00+00:00,340.65,341.14,340.58,340.91,536
2026-06-26T15:30:00+00:00,340.91,341.57,340.13,340.31,484
2026-06-26T15:33:00+00:00,340.31,340.51,339.9,340.24,449
2026-06-26T15:36:00+00:00,340.24,340.73,340.24,340.51,532
2026-06-26T15:39:00+00:00,340.51,341.44,340.39,341.19,463
2026-06-26T15:42:00+00:00,341.19,341.95,341.18,341.71,369
2026-06-26T15:45:00+00:00,341.71,342.03,341.5,341.71,507
2026-06-26T15:48:00+00:00,341.71,342.44,341.65,342.32,423
2026-06-26T15:51:00+00:00,342.32,342.52,341.34,342.24,607
2026-06-26T15:54:00+00:00,342.24,342.81,341.93,342.64,480
2026-06-26T15:57:00+00:00,342.64,343.37,342.38,342.69,590
2026-06-26T16:00:00+00:00,342.69,343.5,342.49,343.34,487
2026-06-26T16:03:00+00:00,343.34,343.92,343.1,343.49,493
2026-06-26T16:06:00+00:00,343.49,343.84,343.18,343.19,435
2026-06-26T16:09:00+00:00,343.19,343.3,342.4,342.53,476
2026-06-26T16:12:00+00:00,342.53,342.69,341.94,342.07,428
2026-06-26T16:15:00+00:00,342.07,342.34,341.18,341.85,420
2026-06-26T16:18:00+00:00,341.85,341.97,341.18,341.47,347
2026-06-26T16:21:00+00:00,341.47,341.6,340.88,341.21,532
2026-06-26T16:24:00+00:00,341.21,341.32,340.88,341.24,397
2026-06-26T16:27:00+00:00,341.24,341.28,340.88,340.97,353
2026-06-26T16:30:00+00:00,340.97,341.29,340.68,341.13,436
2026-06-26T16:33:00+00:00,341.13,341.64,341.11,341.54,468
2026-06-26T16:36:00+00:00,341.54,341.54,340.38,340.47,434
2026-06-26T16:39:00+00:00,340.47,340.7,339.21,339.54,402
2026-06-26T16:42:00+00:00,339.54,339.8,338.88,339.02,359
2026-06-26T16:45:00+00:00,339.02,339.25,338.88,339.19,403
2026-06-26T16:48:00+00:00,339.19,339.72,339.07,339.72,414
2026-06-26T16:51:00+00:00,339.72,340.17,339.48,339.88,455
2026-06-26T16:54:00+00:00,339.88,340.06,339.5,339.51,550
2026-06-26T16:57:00+00:00,339.51,340.68,339.5,340.39,514
2026-06-26T17:00:00+00:00,340.39,340.47,339.7,339.91,580
2026-06-26T17:03:00+00:00,339.91,340.79,339.88,340.65,388
2026-06-26T17:06:00+00:00,340.65,341.08,340.12,340.61,453
2026-06-26T17:09:00+00:00,340.61,341.01,340.21,340.21,391
2026-06-26T17:12:00+00:00,340.21,340.43,339.89,340.16,387
2026-06-26T17:15:00+00:00,340.16,340.76,339.9,340.12,472
2026-06-26T17:18:00+00:00,340.12,341.03,340.1,340.74,483
2026-06-26T17:21:00+00:00,340.74,340.79,340.3,340.38,516
2026-06-26T17:24:00+00:00,340.38,340.51,340.11,340.23,478
2026-06-26T17:27:00+00:00,340.23,341.02,340.2,340.63,447
2026-06-26T17:30:00+00:00,340.63,340.89,339.7,339.79,555
2026-06-26T17:33:00+00:00,339.79,339.91,339.5,339.82,480
2026-06-26T17:36:00+00:00,339.82,339.9,339.38,339.53,400
2026-06-26T17:39:00+00:00,339.53,339.7,339.28,339.38,388
2026-06-26T17:42:00+00:00,339.38,339.89,339.18,339.71,389
2026-06-26T17:45:00+00:00,339.71,340.16,339.62,339.98,351
2026-06-26T17:48:00+00:00,339.98,340.57,339.97,340.42,371
2026-06-26T17:51:00+00:00,340.42,340.94,340.33,340.79,315
2026-06-26T17:54:00+00:00,340.79,340.87,340,340.17,271
2026-06-26T17:57:00+00:00,340.17,340.34,339.88,340.22,450
2026-06-26T18:00:00+00:00,340.22,340.75,339.98,340.53,578
2026-06-26T18:03:00+00:00,340.53,340.74,339.99,340.49,448
2026-06-26T18:06:00+00:00,340.49,340.57,340.09,340.23,406
2026-06-26T18:09:00+00:00,340.23,340.38,340.06,340.15,382
2026-06-26T18:12:00+00:00,340.15,340.41,340.01,340.18,396
2026-06-26T18:15:00+00:00,340.18,340.38,340.05,340.18,352
2026-06-26T18:18:00+00:00,340.18,340.23,339.68,339.69,349
2026-06-26T18:21:00+00:00,339.69,339.79,339.43,339.5,337
2026-06-26T18:24:00+00:00,339.5,340.01,339.41,339.6,314
2026-06-26T18:27:00+00:00,339.6,339.92,339.47,339.73,421
2026-06-26T18:30:00+00:00,339.73,339.95,339.48,339.69,583
2026-06-26T18:33:00+00:00,339.69,339.99,339.53,339.66,448
2026-06-26T18:36:00+00:00,339.66,339.95,339.29,339.88,471
2026-06-26T18:39:00+00:00,339.88,340.32,339.86,339.94,488
2026-06-26T18:42:00+00:00,339.94,340.54,339.91,340.39,424
2026-06-26T18:45:00+00:00,340.39,340.47,340.1,340.19,322
2026-06-26T18:48:00+00:00,340.19,340.6,339.89,340.42,495
2026-06-26T18:51:00+00:00,340.42,341.21,340.26,341.03,552
2026-06-26T18:54:00+00:00,341.03,341.5,340.88,341.01,472
2026-06-26T18:57:00+00:00,341.01,341.07,340.61,341.04,490
2026-06-26T19:00:00+00:00,341.04,341.7,340.98,341.4,457
2026-06-26T19:03:00+00:00,341.4,341.55,340.89,341.46,366
2026-06-26T19:06:00+00:00,341.46,341.99,341.4,341.84,417
2026-06-26T19:09:00+00:00,341.84,341.94,341.44,341.75,391
2026-06-26T19:12:00+00:00,341.75,341.81,340.92,341.49,455
2026-06-26T19:15:00+00:00,341.49,341.74,341.39,341.62,461
2026-06-26T19:18:00+00:00,341.62,341.93,341.6,341.83,429
2026-06-26T19:21:00+00:00,341.83,342.04,341.54,341.62,499
2026-06-26T19:24:00+00:00,341.62,341.71,341.12,341.4,429
2026-06-26T19:27:00+00:00,341.4,341.45,340.86,340.91,414
2026-06-26T19:30:00+00:00,340.91,341.6,340.91,341.38,514
2026-06-26T19:33:00+00:00,341.38,341.44,340.86,341.23,411
2026-06-26T19:36:00+00:00,341.23,341.92,341,341.63,503
2026-06-26T19:39:00+00:00,341.63,341.92,341.35,341.55,570
2026-06-26T19:42:00+00:00,341.55,341.55,340.89,341.32,473
2026-06-26T19:45:00+00:00,341.32,342.01,341.27,341.61,475
2026-06-26T19:48:00+00:00,341.61,341.73,335.55,335.6,969
2026-06-26T19:51:00+00:00,335.6,336.99,333.56,335.78,1585
2026-06-26T19:54:00+00:00,335.78,337.14,333.88,334.81,1372
2026-06-26T19:57:00+00:00,334.81,336.16,333.6,334.55,1336
2026-06-29T13:30:00+00:00,334.55,344.31,334.55,343.85,553
2026-06-29T13:33:00+00:00,343.85,346.28,343.25,344.46,677
2026-06-29T13:36:00+00:00,344.46,345.82,343.89,345.04,729
2026-06-29T13:39:00+00:00,345.04,345.43,344.12,344.9,990
2026-06-29T13:42:00+00:00,344.9,344.98,343.88,343.95,716
2026-06-29T13:45:00+00:00,343.95,345.29,343.88,344.83,936
2026-06-29T13:48:00+00:00,344.83,345.04,344.06,344.91,974
2026-06-29T13:51:00+00:00,344.91,346.19,344.77,346.02,792
2026-06-29T13:54:00+00:00,346.02,346.02,344.74,345.36,865
2026-06-29T13:57:00+00:00,345.36,345.67,344.5,345.6,659
2026-06-29T14:00:00+00:00,345.6,345.84,344.66,345.1,852
2026-06-29T14:03:00+00:00,345.1,345.5,344.23,344.92,851
2026-06-29T14:06:00+00:00,344.92,346.63,344.87,346.48,851
2026-06-29T14:09:00+00:00,346.48,347.06,345.78,346.32,663
2026-06-29T14:12:00+00:00,346.32,346.44,344.91,344.98,791
2026-06-29T14:15:00+00:00,344.98,346.75,344.57,346.25,831
2026-06-29T14:18:00+00:00,346.25,346.41,345.21,345.65,598
2026-06-29T14:21:00+00:00,345.65,346.5,345.4,345.9,535
2026-06-29T14:24:00+00:00,345.9,347.85,345.6,347.32,622
2026-06-29T14:27:00+00:00,347.32,347.39,345.73,346.82,737
2026-06-29T14:30:00+00:00,346.82,347.05,345.89,346.85,624
2026-06-29T14:33:00+00:00,346.85,347.47,346.46,347,614
2026-06-29T14:36:00+00:00,347,348.4,346.68,348.33,513
2026-06-29T14:39:00+00:00,348.33,349.56,348.21,349.29,628
2026-06-29T14:42:00+00:00,349.29,349.4,347.48,347.49,765
2026-06-29T14:45:00+00:00,347.49,347.49,346.12,346.38,863
2026-06-29T14:48:00+00:00,346.38,347.51,346.26,347.22,654
2026-06-29T14:51:00+00:00,347.22,348.03,347.22,348,565
2026-06-29T14:54:00+00:00,348,348.14,347.14,347.32,526
2026-06-29T14:57:00+00:00,347.32,348.23,347.22,348.18,515
2026-06-29T15:00:00+00:00,348.18,348.61,347.89,348.47,504
2026-06-29T15:03:00+00:00,348.47,349.26,348.47,349.02,503
2026-06-29T15:06:00+00:00,349.02,349.19,348.25,348.3,452
2026-06-29T15:09:00+00:00,348.3,348.45,347.88,348,499
2026-06-29T15:12:00+00:00,348,348.32,347.88,348.1,515
2026-06-29T15:15:00+00:00,348.1,348.53,347.96,348.31,518
2026-06-29T15:18:00+00:00,348.31,349.3,348.22,349.24,549
2026-06-29T15:21:00+00:00,349.24,349.62,348.41,348.5,475
2026-06-29T15:24:00+00:00,348.5,348.7,348.07,348.46,475
2026-06-29T15:27:00+00:00,348.46,349.55,348.44,349.21,531
2026-06-29T15:30:00+00:00,349.21,349.37,348.41,348.89,684
2026-06-29T15:33:00+00:00,348.89,349.2,348.38,348.55,580
2026-06-29T15:36:00+00:00,348.55,349.29,348.39,349.17,467
2026-06-29T15:39:00+00:00,349.17,349.55,349.17,349.52,485
2026-06-29T15:42:00+00:00,349.52,350.26,349.24,350.18,525
2026-06-29T15:45:00+00:00,350.18,350.27,349.37,349.91,675
2026-06-29T15:48:00+00:00,349.91,350.05,349.06,349.54,548
2026-06-29T15:51:00+00:00,349.54,349.78,349.34,349.53,478
2026-06-29T15:54:00+00:00,349.53,350.21,349.44,350.07,500
2026-06-29T15:57:00+00:00,350.07,350.78,349.93,350.59,538
2026-06-29T16:00:00+00:00,350.59,350.7,350.25,350.32,492
2026-06-29T16:03:00+00:00,350.32,350.77,350.24,350.59,454
2026-06-29T16:06:00+00:00,350.59,350.78,350.21,350.39,442
2026-06-29T16:09:00+00:00,350.39,350.8,350.24,350.74,490
2026-06-29T16:12:00+00:00,350.74,350.82,350.4,350.46,419
2026-06-29T16:15:00+00:00,350.46,350.68,350.4,350.66,284
2026-06-29T16:18:00+00:00,350.66,350.92,350.46,350.54,379
2026-06-29T16:21:00+00:00,350.54,350.8,350.08,350.23,360
2026-06-29T16:24:00+00:00,350.23,350.34,350.03,350.17,404
2026-06-29T16:27:00+00:00,350.17,350.19,349.75,349.85,292
2026-06-29T16:30:00+00:00,349.85,350.31,349.69,350.14,433
2026-06-29T16:33:00+00:00,350.14,350.27,349.88,349.92,316
2026-06-29T16:36:00+00:00,349.92,350.04,349.28,349.39,310
2026-06-29T16:39:00+00:00,349.39,349.51,348.88,349.01,388
2026-06-29T16:42:00+00:00,349.01,349.01,348.53,348.89,331
2026-06-29T16:45:00+00:00,348.89,349.41,348.85,349.3,352
2026-06-29T16:48:00+00:00,349.3,349.98,349.27,349.94,403
2026-06-29T16:51:00+00:00,349.94,350.01,349.63,349.93,422
2026-06-29T16:54:00+00:00,349.93,350.17,349.78,349.95,325
2026-06-29T16:57:00+00:00,349.95,349.95,349.38,349.45,311
2026-06-29T17:00:00+00:00,349.45,349.9,349.38,349.83,270
2026-06-29T17:03:00+00:00,349.83,350.14,349.69,350.07,239
2026-06-29T17:06:00+00:00,350.07,350.2,349.92,350.2,240
2026-06-29T17:09:00+00:00,350.2,350.4,350.11,350.35,223
2026-06-29T17:12:00+00:00,350.35,350.77,350.31,350.59,237
2026-06-29T17:15:00+00:00,350.59,350.67,350.15,350.45,306
2026-06-29T17:18:00+00:00,350.45,350.73,350.16,350.66,259
2026-06-29T17:21:00+00:00,350.66,350.72,350.45,350.45,330
2026-06-29T17:24:00+00:00,350.45,350.7,350.25,350.37,222
2026-06-29T17:27:00+00:00,350.37,350.62,350.2,350.36,341
2026-06-29T17:30:00+00:00,350.36,351.25,350.36,350.9,392
2026-06-29T17:33:00+00:00,350.9,351.37,350.61,351.33,309
2026-06-29T17:36:00+00:00,351.33,351.42,351.19,351.26,294
2026-06-29T17:39:00+00:00,351.26,351.56,351.15,351.31,243
2026-06-29T17:42:00+00:00,351.31,351.56,351.23,351.25,271
2026-06-29T17:45:00+00:00,351.25,351.25,350.75,350.76,255
2026-06-29T17:48:00+00:00,350.76,351.2,350.68,351.01,250
2026-06-29T17:51:00+00:00,351.01,351.41,350.87,351.27,250
2026-06-29T17:54:00+00:00,351.27,351.34,350.97,351.12,248
2026-06-29T17:57:00+00:00,351.12,351.32,350.98,351.26,284
2026-06-29T18:00:00+00:00,351.26,351.52,350.9,350.95,298
2026-06-29T18:03:00+00:00,350.95,351.07,350.71,350.88,279
2026-06-29T18:06:00+00:00,350.88,351.14,350.69,350.71,236
2026-06-29T18:09:00+00:00,350.71,351.13,350.7,350.9,263
2026-06-29T18:12:00+00:00,350.9,350.99,350.68,350.75,269
2026-06-29T18:15:00+00:00,350.75,350.86,350.56,350.68,286
2026-06-29T18:18:00+00:00,350.68,350.78,350.08,350.16,295
2026-06-29T18:21:00+00:00,350.16,350.26,350,350.1,218
2026-06-29T18:24:00+00:00,350.1,350.34,350.1,350.17,155
2026-06-29T18:27:00+00:00,350.17,350.81,350.14,350.65,285
2026-06-29T18:30:00+00:00,350.65,350.94,350.47,350.75,455
2026-06-29T18:33:00+00:00,350.75,351.06,350.68,350.98,401
2026-06-29T18:36:00+00:00,350.98,351.16,350.69,350.92,317
2026-06-29T18:39:00+00:00,350.92,351.09,350.71,350.91,364
2026-06-29T18:42:00+00:00,350.91,351.3,350.89,351.01,416
2026-06-29T18:45:00+00:00,351.01,351.24,350.88,351.04,234
2026-06-29T18:48:00+00:00,351.04,351.14,350.92,351.08,215
2026-06-29T18:51:00+00:00,351.08,351.12,350.64,350.66,249
2026-06-29T18:54:00+00:00,350.66,350.72,350.37,350.46,229
2026-06-29T18:57:00+00:00,350.46,350.62,350.06,350.14,222
2026-06-29T19:00:00+00:00,350.14,350.8,350.14,350.45,354
2026-06-29T19:03:00+00:00,350.45,350.76,350.38,350.61,239
2026-06-29T19:06:00+00:00,350.61,350.82,350.48,350.57,238
2026-06-29T19:09:00+00:00,350.57,350.75,350.26,350.33,211
2026-06-29T19:12:00+00:00,350.33,350.56,350.02,350.49,233
2026-06-29T19:15:00+00:00,350.49,350.79,350.17,350.4,369
2026-06-29T19:18:00+00:00,350.4,350.6,350.22,350.46,273
2026-06-29T19:21:00+00:00,350.46,350.53,350.22,350.29,330
2026-06-29T19:24:00+00:00,350.29,350.33,349.52,349.81,305
2026-06-29T19:27:00+00:00,349.81,349.86,349.5,349.62,245
2026-06-29T19:30:00+00:00,349.62,350.38,349.61,350.24,406
2026-06-29T19:33:00+00:00,350.24,350.69,350.23,350.5,430
2026-06-29T19:36:00+00:00,350.5,350.92,350.5,350.92,331
2026-06-29T19:39:00+00:00,350.92,351.55,350.76,351.28,374
2026-06-29T19:42:00+00:00,351.28,351.73,351.2,351.58,330
2026-06-29T19:45:00+00:00,351.58,351.84,351.39,351.47,295
2026-06-29T19:48:00+00:00,351.47,351.58,350.27,350.69,535
2026-06-29T19:51:00+00:00,350.69,350.99,350.27,350.73,517
2026-06-29T19:54:00+00:00,350.73,351.42,350.64,351.05,749
2026-06-29T19:57:00+00:00,351.05,351.36,350.76,350.89,1237
2026-06-30T13:30:00+00:00,350.89,352.04,348.41,348.43,539
2026-06-30T13:33:00+00:00,348.43,349.36,348.08,348.82,552
2026-06-30T13:36:00+00:00,348.82,349.65,348.16,348.36,611
2026-06-30T13:39:00+00:00,348.36,349.2,348.21,348.59,479
2026-06-30T13:42:00+00:00,348.59,349.44,348.55,348.76,575
2026-06-30T13:45:00+00:00,348.76,350.47,348.74,349.42,757
2026-06-30T13:48:00+00:00,349.42,350,348.63,348.96,667
2026-06-30T13:51:00+00:00,348.96,349.7,348.68,348.98,666
2026-06-30T13:54:00+00:00,348.98,349.48,348.54,349.22,543
2026-06-30T13:57:00+00:00,349.22,349.56,348.76,349.28,393
2026-06-30T14:00:00+00:00,349.28,349.28,347.97,349.01,601
2026-06-30T14:03:00+00:00,349.01,350.25,348.78,350.18,517
2026-06-30T14:06:00+00:00,350.18,350.83,349.28,349.44,513
2026-06-30T14:09:00+00:00,349.44,350.1,349.26,349.52,454
2026-06-30T14:12:00+00:00,349.52,350.21,349.38,349.89,384
2026-06-30T14:15:00+00:00,349.89,350.89,349.69,350.44,332
2026-06-30T14:18:00+00:00,350.44,350.48,349.92,350.12,313
2026-06-30T14:21:00+00:00,350.12,350.81,350.04,350.75,288
2026-06-30T14:24:00+00:00,350.75,351.33,350.6,350.74,310
2026-06-30T14:27:00+00:00,350.74,350.88,350.51,350.62,296
2026-06-30T14:30:00+00:00,350.62,350.94,350.59,350.59,266
2026-06-30T14:33:00+00:00,350.59,351.07,350.53,351.03,387
2026-06-30T14:36:00+00:00,351.03,351.84,350.75,351.83,375
2026-06-30T14:39:00+00:00,351.83,352.38,351.47,352.08,465
2026-06-30T14:42:00+00:00,352.08,352.16,351.44,351.46,383
2026-06-30T14:45:00+00:00,351.46,351.55,350.73,350.86,406
2026-06-30T14:48:00+00:00,350.86,351.64,350.84,351.4,327
2026-06-30T14:51:00+00:00,351.4,351.88,351.21,351.78,372
2026-06-30T14:54:00+00:00,351.78,352.54,351.46,352.32,357
2026-06-30T14:57:00+00:00,352.32,352.71,351.61,351.89,390
2026-06-30T15:00:00+00:00,351.89,352.34,351.51,352.07,367
2026-06-30T15:03:00+00:00,352.07,352.22,351.39,352.03,446
2026-06-30T15:06:00+00:00,352.03,352.28,351.39,351.4,385
2026-06-30T15:09:00+00:00,351.4,351.87,351.16,351.17,327
2026-06-30T15:12:00+00:00,351.17,351.93,351.16,351.89,328
2026-06-30T15:15:00+00:00,351.89,352.29,351.49,352.19,296
2026-06-30T15:18:00+00:00,352.19,353.9,352.15,353.71,496
2026-06-30T15:21:00+00:00,353.71,353.91,353.09,353.25,405
2026-06-30T15:24:00+00:00,353.25,353.75,353.09,353.61,236
2026-06-30T15:27:00+00:00,353.61,353.75,353.51,353.69,257
2026-06-30T15:30:00+00:00,353.69,353.78,353.18,353.21,219
2026-06-30T15:33:00+00:00,353.21,353.59,352.91,353.02,278
2026-06-30T15:36:00+00:00,353.02,353.07,352.73,352.94,319
2026-06-30T15:39:00+00:00,352.94,353.34,352.94,353.33,380
2026-06-30T15:42:00+00:00,353.33,353.51,352.99,353.29,314
2026-06-30T15:45:00+00:00,353.29,353.92,353.19,353.77,275
2026-06-30T15:48:00+00:00,353.77,353.79,353.28,353.31,292
2026-06-30T15:51:00+00:00,353.31,353.34,352.88,353.29,473
2026-06-30T15:54:00+00:00,353.29,353.97,353.27,353.69,385
2026-06-30T15:57:00+00:00,353.69,354.17,353.65,354.03,238
2026-06-30T16:00:00+00:00,354.03,354.53,353.88,354.02,301
2026-06-30T16:03:00+00:00,354.02,354.03,353.69,353.82,227
2026-06-30T16:06:00+00:00,353.82,354.02,353.62,353.62,215
2026-06-30T16:09:00+00:00,353.62,354,353.55,353.92,258
2026-06-30T16:12:00+00:00,353.92,354.08,353.65,353.93,200
2026-06-30T16:15:00+00:00,353.93,354.56,353.93,354.52,222
2026-06-30T16:18:00+00:00,354.52,354.59,354.27,354.57,194
2026-06-30T16:21:00+00:00,354.57,355,354.42,354.74,186
2026-06-30T16:24:00+00:00,354.74,354.8,354.31,354.4,190
2026-06-30T16:27:00+00:00,354.4,354.59,354.13,354.24,295
2026-06-30T16:30:00+00:00,354.24,354.51,354.15,354.38,207
2026-06-30T16:33:00+00:00,354.38,354.72,354.28,354.28,334
2026-06-30T16:36:00+00:00,354.28,354.79,354.28,354.71,237
2026-06-30T16:39:00+00:00,354.71,355.05,354.63,354.94,179
2026-06-30T16:42:00+00:00,354.94,355.04,354.5,354.51,228
2026-06-30T16:45:00+00:00,354.51,355.18,354.42,354.91,291
2026-06-30T16:48:00+00:00,354.91,355.23,354.64,354.69,337
2026-06-30T16:51:00+00:00,354.69,354.7,354.07,354.09,317
2026-06-30T16:54:00+00:00,354.09,354.28,354.08,354.22,257
2026-06-30T16:57:00+00:00,354.22,354.4,354.05,354.4,216
2026-06-30T17:00:00+00:00,354.4,354.61,353.51,353.87,274
2026-06-30T17:03:00+00:00,353.87,354.11,353.72,353.97,285
2026-06-30T17:06:00+00:00,353.97,354.34,353.82,354.23,310
2026-06-30T17:09:00+00:00,354.23,354.25,353.95,354.15,234
2026-06-30T17:12:00+00:00,354.15,354.24,353.94,353.98,287
2026-06-30T17:15:00+00:00,353.98,354.26,353.83,354.25,317
2026-06-30T17:18:00+00:00,354.25,354.42,353.8,353.82,306
2026-06-30T17:21:00+00:00,353.82,354.02,353.46,353.63,258
2026-06-30T17:24:00+00:00,353.63,353.68,353.2,353.2,207
2026-06-30T17:27:00+00:00,353.2,353.23,352.58,352.59,315
2026-06-30T17:30:00+00:00,352.59,352.76,352.22,352.65,366
2026-06-30T17:33:00+00:00,352.65,352.82,352.46,352.82,379
2026-06-30T17:36:00+00:00,352.82,353.05,352.48,352.78,290
2026-06-30T17:39:00+00:00,352.78,352.94,352.67,352.84,200
2026-06-30T17:42:00+00:00,352.84,352.98,352.62,352.8,220
2026-06-30T17:45:00+00:00,352.8,352.94,352.42,352.48,313
2026-06-30T17:48:00+00:00,352.48,352.97,352.4,352.91,386
2026-06-30T17:51:00+00:00,352.91,353.21,352.64,352.89,287
2026-06-30T17:54:00+00:00,352.89,353.12,352.83,352.99,227
2026-06-30T17:57:00+00:00,352.99,353.14,352.76,352.96,263
2026-06-30T18:00:00+00:00,352.96,353.34,352.39,352.51,492
2026-06-30T18:03:00+00:00,352.51,352.79,352.39,352.62,348
2026-06-30T18:06:00+00:00,352.62,353.05,352.62,352.95,272
2026-06-30T18:09:00+00:00,352.95,353.21,352.71,353.2,287
2026-06-30T18:12:00+00:00,353.2,353.4,352.95,352.95,324
2026-06-30T18:15:00+00:00,352.95,353.25,352.89,353.18,290
2026-06-30T18:18:00+00:00,353.18,353.41,353.1,353.4,252
2026-06-30T18:21:00+00:00,353.4,353.57,353.25,353.45,272
2026-06-30T18:24:00+00:00,353.45,353.59,353.31,353.41,219
2026-06-30T18:27:00+00:00,353.41,353.72,353.29,353.59,288
2026-06-30T18:30:00+00:00,353.59,353.76,353.46,353.46,280
2026-06-30T18:33:00+00:00,353.46,353.75,353.41,353.71,230
2026-06-30T18:36:00+00:00,353.71,353.75,353.44,353.69,317
2026-06-30T18:39:00+00:00,353.69,353.84,353.1,353.17,296
2026-06-30T18:42:00+00:00,353.17,353.21,352.51,352.65,275
2026-06-30T18:45:00+00:00,352.65,352.77,352.4,352.76,267
2026-06-30T18:48:00+00:00,352.76,353.4,352.61,353.38,265
2026-06-30T18:51:00+00:00,353.38,353.53,353.09,353.41,294
2026-06-30T18:54:00+00:00,353.41,353.43,353.19,353.31,207
2026-06-30T18:57:00+00:00,353.31,353.35,353.14,353.26,206
2026-06-30T19:00:00+00:00,353.26,353.6,353.09,353.48,208
2026-06-30T19:03:00+00:00,353.48,353.69,353.27,353.69,151
2026-06-30T19:06:00+00:00,353.69,353.71,353.27,353.55,223
2026-06-30T19:09:00+00:00,353.55,353.77,353.4,353.46,214
2026-06-30T19:12:00+00:00,353.46,353.9,353.4,353.66,227
2026-06-30T19:15:00+00:00,353.66,353.81,353.53,353.79,206
2026-06-30T19:18:00+00:00,353.79,353.89,353.44,353.68,252
2026-06-30T19:21:00+00:00,353.68,353.75,353.4,353.43,170
2026-06-30T19:24:00+00:00,353.43,353.58,353.26,353.53,237
2026-06-30T19:27:00+00:00,353.53,353.95,353.53,353.8,219
2026-06-30T19:30:00+00:00,353.8,354.21,353.76,354.14,373
2026-06-30T19:33:00+00:00,354.14,354.38,354.03,354.12,452
2026-06-30T19:36:00+00:00,354.12,354.27,354.03,354.19,285
2026-06-30T19:39:00+00:00,354.19,354.48,354.17,354.35,268
2026-06-30T19:42:00+00:00,354.35,354.6,354.18,354.2,274
2026-06-30T19:45:00+00:00,354.2,354.43,354.1,354.35,289
2026-06-30T19:48:00+00:00,354.35,354.4,353.69,353.82,335
2026-06-30T19:51:00+00:00,353.82,353.89,353.4,353.56,399
2026-06-30T19:54:00+00:00,353.56,354.04,353.2,353.5,1389
2026-06-30T19:57:00+00:00,353.5,353.94,352.6,352.96,1324
2026-07-01T13:30:00+00:00,352.96,356.07,352.96,354.9,1117
2026-07-01T13:33:00+00:00,354.9,357.67,353.84,355.59,1276
2026-07-01T13:36:00+00:00,355.59,357.34,355.54,356.93,1230
2026-07-01T13:39:00+00:00,356.93,358.64,356.9,357.4,1548
2026-07-01T13:42:00+00:00,357.4,357.68,355.31,355.32,1458
2026-07-01T13:45:00+00:00,355.32,356.39,354.56,355.23,1415
2026-07-01T13:48:00+00:00,355.23,355.44,353.88,354.02,1399
2026-07-01T13:51:00+00:00,354.02,354.28,352.97,353.78,1315
2026-07-01T13:54:00+00:00,353.78,354.15,352.92,353.83,1242
2026-07-01T13:57:00+00:00,353.83,354.95,353.51,354.74,847
2026-07-01T14:00:00+00:00,354.74,356.3,354.74,355.62,1178
2026-07-01T14:03:00+00:00,355.62,356.02,354.47,354.66,1008
2026-07-01T14:06:00+00:00,354.66,354.99,354.08,354.42,1108
2026-07-01T14:09:00+00:00,354.42,355.62,354.13,355.17,1072
2026-07-01T14:12:00+00:00,355.17,355.7,354.8,355.32,663
2026-07-01T14:15:00+00:00,355.32,356.05,355.2,355.23,751
2026-07-01T14:18:00+00:00,355.23,355.63,354.89,355.54,876
2026-07-01T14:21:00+00:00,355.54,355.81,355.08,355.49,739
2026-07-01T14:24:00+00:00,355.49,356.34,355.21,355.89,690
2026-07-01T14:27:00+00:00,355.89,356.7,355.68,356.55,484
2026-07-01T14:30:00+00:00,356.55,357.19,356.52,357.04,627
2026-07-01T14:33:00+00:00,357.04,357.39,356.74,356.96,958
2026-07-01T14:36:00+00:00,356.96,358.01,356.88,357.62,974
2026-07-01T14:39:00+00:00,357.62,358.06,357.53,358.04,758
2026-07-01T14:42:00+00:00,358.04,359.31,357.81,358.27,1048
2026-07-01T14:45:00+00:00,358.27,358.73,357.47,358.38,1117
2026-07-01T14:48:00+00:00,358.38,358.59,358.02,358.17,1014
2026-07-01T14:51:00+00:00,358.17,358.52,357.88,358.23,916
2026-07-01T14:54:00+00:00,358.23,358.49,357.89,358.31,779
2026-07-01T14:57:00+00:00,358.31,358.4,-1426.3899999999999,-1426.3899999999999,817.5446009389672
2026-07-01T15:00:00+00:00,357.35,357.77,357.21,357.47,994
2026-07-01T15:03:00+00:00,357.47,358.19,357.12,358.1,824
2026-07-01T15:06:00+00:00,358.1,358.1,357.39,357.77,865
2026-07-01T15:09:00+00:00,357.77,358.84,357.75,358.3,840
2026-07-01T15:12:00+00:00,358.3,358.48,357.46,357.84,792
2026-07-01T15:15:00+00:00,357.84,358.13,356.88,357.12,993
2026-07-01T15:18:00+00:00,357.12,358.16,356.99,357.93,1020
2026-07-01T15:21:00+00:00,357.93,359.08,357.92,358.35,902
2026-07-01T15:24:00+00:00,358.35,358.76,358.22,358.4,851
2026-07-01T15:27:00+00:00,358.4,358.6,358.08,358.36,748
2026-07-01T15:30:00+00:00,358.36,358.71,358.17,358.36,736
2026-07-01T15:33:00+00:00,358.36,358.46,356.99,357.16,847
2026-07-01T15:36:00+00:00,357.16,357.52,356.6,356.71,845
2026-07-01T15:39:00+00:00,356.71,356.83,356.18,356.6,693
2026-07-01T15:42:00+00:00,356.6,356.77,355.93,356.29,670
2026-07-01T15:45:00+00:00,356.29,356.53,356.07,356.41,524
2026-07-01T15:48:00+00:00,356.41,356.54,356.27,356.27,420
2026-07-01T15:51:00+00:00,356.27,356.37,355.88,356.05,708
2026-07-01T15:54:00+00:00,356.05,356.12,355.78,356.02,532
2026-07-01T15:57:00+00:00,356.02,356.17,355.71,355.98,598
2026-07-01T16:00:00+00:00,355.98,356.05,355.5,355.78,621
2026-07-01T16:03:00+00:00,355.78,356.24,355.55,355.68,625
2026-07-01T16:06:00+00:00,355.68,355.95,355.57,355.84,569
2026-07-01T16:09:00+00:00,355.84,356.07,355.49,355.57,564
2026-07-01T16:12:00+00:00,355.57,355.86,355.24,355.26,571
2026-07-01T16:15:00+00:00,355.26,355.74,355.04,355.66,575
2026-07-01T16:18:00+00:00,355.66,355.78,354.91,354.94,469
2026-07-01T16:21:00+00:00,354.94,355.69,354.91,355.64,497
2026-07-01T16:24:00+00:00,355.64,355.87,355.23,355.54,411
2026-07-01T16:27:00+00:00,355.54,355.65,355,355.16,383
2026-07-01T16:30:00+00:00,355.16,355.45,354.75,354.84,333
2026-07-01T16:33:00+00:00,354.84,355.01,354.43,354.59,358
2026-07-01T16:36:00+00:00,354.59,354.95,354.52,354.82,443
2026-07-01T16:39:00+00:00,354.82,354.95,354.43,354.48,341
2026-07-01T16:42:00+00:00,354.48,354.53,354.22,354.25,267
2026-07-01T16:45:00+00:00,354.25,354.67,354.01,354.39,413
2026-07-01T16:48:00+00:00,354.39,354.91,354.18,354.84,453
2026-07-01T16:51:00+00:00,354.84,355.17,354.69,355.1,431
2026-07-01T16:54:00+00:00,355.1,355.72,355.08,355.7,485
2026-07-01T16:57:00+00:00,355.7,355.75,354.8,354.89,381
2026-07-01T17:00:00+00:00,354.89,355.76,354.88,355.53,880
2026-07-01T17:03:00+00:00,355.53,355.96,355.52,355.73,474
2026-07-01T17:06:00+00:00,355.73,355.9,355.14,355.58,594
2026-07-01T17:09:00+00:00,355.58,355.76,355.34,355.48,512
2026-07-01T17:12:00+00:00,355.48,355.91,355.46,355.82,346
2026-07-01T17:15:00+00:00,355.82,355.86,355.23,355.25,434
2026-07-01T17:18:00+00:00,355.25,355.77,355.13,355.57,393
2026-07-01T17:21:00+00:00,355.57,355.71,355.42,355.55,303
2026-07-01T17:24:00+00:00,355.55,355.67,355.34,355.35,309
2026-07-01T17:27:00+00:00,355.35,355.61,355.31,355.39,329
2026-07-01T17:30:00+00:00,355.39,355.82,355.23,355.28,573
2026-07-01T17:33:00+00:00,355.28,355.61,355.01,355.28,656
2026-07-01T17:36:00+00:00,355.28,356.04,355.28,355.86,783
2026-07-01T17:39:00+00:00,355.86,356.2,355.56,355.64,646
2026-07-01T17:42:00+00:00,355.64,355.95,355.36,355.8,553
2026-07-01T17:45:00+00:00,355.8,355.97,355.74,355.86,465
2026-07-01T17:48:00+00:00,355.86,356.31,355.79,356.16,339
2026-07-01T17:51:00+00:00,356.16,356.24,355.8,355.95,305
2026-07-01T17:54:00+00:00,355.95,356.69,355.94,356.5,512
2026-07-01T17:57:00+00:00,356.5,356.58,356.24,356.36,297
2026-07-01T18:00:00+00:00,356.36,356.93,356.33,356.78,538
2026-07-01T18:03:00+00:00,356.78,357.37,356.65,357.07,683
2026-07-01T18:06:00+00:00,357.07,357.22,356.6,356.71,468
2026-07-01T18:09:00+00:00,356.71,357.15,356.66,356.68,558
2026-07-01T18:12:00+00:00,356.68,356.95,356.65,356.87,464
2026-07-01T18:15:00+00:00,356.87,356.98,356.49,356.83,484
2026-07-01T18:18:00+00:00,356.83,357.02,356.62,356.66,497
2026-07-01T18:21:00+00:00,356.66,356.82,356.48,356.71,403
2026-07-01T18:24:00+00:00,356.71,356.71,356.38,356.51,569
2026-07-01T18:27:00+00:00,356.51,356.67,355.87,356.08,428
2026-07-01T18:30:00+00:00,356.08,356.97,356.08,356.64,519
2026-07-01T18:33:00+00:00,356.64,356.64,356.1,356.4,456
2026-07-01T18:36:00+00:00,356.4,357,356.3,356.64,379
2026-07-01T18:39:00+00:00,356.64,356.82,356.62,356.8,255
2026-07-01T18:42:00+00:00,356.8,356.86,356.48,356.64,320
2026-07-01T18:45:00+00:00,356.64,357,356.45,356.89,333
2026-07-01T18:48:00+00:00,356.89,357.13,356.72,356.9,342
2026-07-01T18:51:00+00:00,356.9,357.16,356.83,356.98,360
2026-07-01T18:54:00+00:00,356.98,357.72,356.63,357.32,797
2026-07-01T18:57:00+00:00,357.32,357.4,356.89,356.89,373
2026-07-01T19:00:00+00:00,356.89,357.02,356.08,356.1,651
2026-07-01T19:03:00+00:00,356.1,356.51,356.08,356.47,578
2026-07-01T19:06:00+00:00,356.47,356.81,356.21,356.21,647
2026-07-01T19:09:00+00:00,356.21,356.49,356.15,356.35,437
2026-07-01T19:12:00+00:00,356.35,356.52,356.08,356.28,296
2026-07-01T19:15:00+00:00,356.28,356.87,356.2,356.67,598
2026-07-01T19:18:00+00:00,356.67,356.98,356.63,356.96,469
2026-07-01T19:21:00+00:00,356.96,357.08,356.68,357.07,455
2026-07-01T19:24:00+00:00,357.07,357.46,356.9,357.04,616
2026-07-01T19:27:00+00:00,357.04,357.17,356.65,356.69,433
2026-07-01T19:30:00+00:00,356.69,357.08,356.64,357.03,552
2026-07-01T19:33:00+00:00,357.03,357.16,356.75,356.89,440
2026-07-01T19:36:00+00:00,356.89,357.2,356.81,357.05,335
2026-07-01T19:39:00+00:00,357.05,357.56,356.79,357.56,540
2026-07-01T19:42:00+00:00,357.56,357.9,357.22,357.9,457
2026-07-01T19:45:00+00:00,357.9,358.07,357.59,357.82,461
2026-07-01T19:48:00+00:00,357.82,358.02,357.27,357.81,567
2026-07-01T19:51:00+00:00,357.81,358.03,357.36,357.77,561
2026-07-01T19:54:00+00:00,357.77,358.07,357.39,357.98,901
2026-07-01T19:57:00+00:00,357.98,358.04,356.92,357.61,1231
2026-07-02T13:30:00+00:00,357.61,359.6,354.31,355.99,468
2026-07-02T13:33:00+00:00,355.99,357.93,354.83,355.44,512
2026-07-02T13:36:00+00:00,355.44,357.7,355.41,357.68,639
2026-07-02T13:39:00+00:00,357.68,358.86,357.2,358.8,724
2026-07-02T13:42:00+00:00,358.8,359.79,357.62,358.06,537
2026-07-02T13:45:00+00:00,358.06,359.68,357.77,359.41,723
2026-07-02T13:48:00+00:00,359.41,359.8,358.67,359.3,675
2026-07-02T13:51:00+00:00,359.3,359.49,358.28,358.83,633
2026-07-02T13:54:00+00:00,358.83,360.56,358.76,359.32,561
2026-07-02T13:57:00+00:00,359.32,360.37,358.71,359.07,357
2026-07-02T14:00:00+00:00,359.07,360.23,359.07,359.42,495
2026-07-02T14:03:00+00:00,359.42,359.56,358.29,358.8,344
2026-07-02T14:06:00+00:00,358.8,359.75,358.54,359.2,351
2026-07-02T14:09:00+00:00,359.2,359.31,358.28,358.62,395
2026-07-02T14:12:00+00:00,358.62,359.06,358,358.51,367
2026-07-02T14:15:00+00:00,358.51,358.55,357.68,358.49,341
2026-07-02T14:18:00+00:00,358.49,359.36,358.37,359.06,367
2026-07-02T14:21:00+00:00,359.06,359.32,358.51,358.55,401
2026-07-02T14:24:00+00:00,358.55,359.21,358.54,358.87,417
2026-07-02T14:27:00+00:00,358.87,359.02,358.04,358.65,539
2026-07-02T14:30:00+00:00,358.65,360.41,358.59,360.04,457
2026-07-02T14:33:00+00:00,360.04,360.81,359.5,359.6,623
2026-07-02T14:36:00+00:00,359.6,360.28,359.58,359.98,387
2026-07-02T14:39:00+00:00,359.98,360.22,359.18,359.61,360
2026-07-02T14:42:00+00:00,359.61,359.61,358.33,358.67,461
2026-07-02T14:45:00+00:00,358.67,359.02,358.1,358.11,491
2026-07-02T14:48:00+00:00,358.11,358.22,357.68,357.9,448
2026-07-02T14:51:00+00:00,357.9,358.14,357.14,357.51,491
2026-07-02T14:54:00+00:00,357.51,357.51,356.94,356.94,519
2026-07-02T14:57:00+00:00,356.94,357.26,-1426.7599999999998,-1426.5099999999998,516.7261361562329
2026-07-02T15:00:00+00:00,357.22,357.3,356.51,356.51,499
2026-07-02T15:03:00+00:00,356.51,356.87,355.74,355.75,485
2026-07-02T15:06:00+00:00,355.75,355.76,354.39,354.49,657
2026-07-02T15:09:00+00:00,354.49,355.11,354.25,354.81,560
2026-07-02T15:12:00+00:00,354.81,355.6,354.67,355.09,460
2026-07-02T15:15:00+00:00,355.09,355.75,354.67,355.35,499
2026-07-02T15:18:00+00:00,355.35,355.69,354.63,354.81,627
2026-07-02T15:21:00+00:00,354.81,354.9,353.88,353.98,551
2026-07-02T15:24:00+00:00,353.98,354.32,353.38,353.96,481
2026-07-02T15:27:00+00:00,353.96,354.6,353.43,353.64,510
2026-07-02T15:30:00+00:00,353.64,354.34,353.4,354.08,535
2026-07-02T15:33:00+00:00,354.08,354.36,353.89,354.36,327
2026-07-02T15:36:00+00:00,354.36,354.62,353.88,354.06,358
2026-07-02T15:39:00+00:00,354.06,354.06,353.12,353.12,387
2026-07-02T15:42:00+00:00,353.12,353.21,352.22,352.26,375
2026-07-02T15:45:00+00:00,352.26,353.07,352.21,352.69,607
2026-07-02T15:48:00+00:00,352.69,353.07,352.28,352.37,477
2026-07-02T15:51:00+00:00,352.37,352.6,351.9,352.13,443
2026-07-02T15:54:00+00:00,352.13,352.48,352.06,352.31,446
2026-07-02T15:57:00+00:00,352.31,352.61,351.93,352.54,508
2026-07-02T16:00:00+00:00,352.54,352.65,351.94,351.94,407
2026-07-02T16:03:00+00:00,351.94,352.09,351.49,351.7,520
2026-07-02T16:06:00+00:00,351.7,351.7,350.81,351.15,446
2026-07-02T16:09:00+00:00,351.15,351.2,350.81,351.04,434
2026-07-02T16:12:00+00:00,351.04,351.53,350.88,351.53,408
2026-07-02T16:15:00+00:00,351.53,352.54,351.36,352.36,431
2026-07-02T16:18:00+00:00,352.36,352.65,352.16,352.41,288
2026-07-02T16:21:00+00:00,352.41,352.87,352.37,352.55,328
2026-07-02T16:24:00+00:00,352.55,352.66,352.16,352.19,380
2026-07-02T16:27:00+00:00,352.19,352.41,351.84,351.87,368
2026-07-02T16:30:00+00:00,351.87,352.08,351.68,351.87,443
2026-07-02T16:33:00+00:00,351.87,351.91,351.59,351.71,504
2026-07-02T16:36:00+00:00,351.71,351.9,351.39,351.71,508
2026-07-02T16:39:00+00:00,351.71,352.26,351.62,352.19,446
2026-07-02T16:42:00+00:00,352.19,352.32,351.87,352.08,276
2026-07-02T16:45:00+00:00,352.08,352.09,351.39,351.41,340
2026-07-02T16:48:00+00:00,351.41,351.66,351.24,351.32,316
2026-07-02T16:51:00+00:00,351.32,351.54,351.03,351.03,317
2026-07-02T16:54:00+00:00,351.03,351.08,350.25,350.94,535
2026-07-02T16:57:00+00:00,350.94,351.28,350.26,350.28,314
2026-07-02T17:00:00+00:00,350.28,351.4,350.2,350.92,412
2026-07-02T17:03:00+00:00,350.92,350.92,350.16,350.19,437
2026-07-02T17:06:00+00:00,350.19,350.68,350.19,350.51,368
2026-07-02T17:09:00+00:00,350.51,350.94,350.42,350.88,354
2026-07-02T17:12:00+00:00,350.88,351.6,350.87,351.37,369
2026-07-02T17:15:00+00:00,351.37,351.54,351.22,351.23,375
2026-07-02T17:18:00+00:00,351.23,351.46,351.22,351.26,243
2026-07-02T17:21:00+00:00,351.26,351.47,351.11,351.19,301
2026-07-02T17:24:00+00:00,351.19,351.56,351.11,351.23,291
2026-07-02T17:27:00+00:00,351.23,351.91,351.16,351.73,307
2026-07-02T17:30:00+00:00,351.73,352.11,351.49,351.99,321
2026-07-02T17:33:00+00:00,351.99,352.01,351.64,351.85,266
2026-07-02T17:36:00+00:00,351.85,352.3,351.68,352.27,326
2026-07-02T17:39:00+00:00,352.27,353.03,352.08,352.85,316
2026-07-02T17:42:00+00:00,352.85,353.64,352.79,353.29,330
2026-07-02T17:45:00+00:00,353.29,353.38,352.84,353.17,338
2026-07-02T17:48:00+00:00,353.17,353.81,353.03,353.74,341
2026-07-02T17:51:00+00:00,353.74,353.78,353.1,353.19,333
2026-07-02T17:54:00+00:00,353.19,353.23,352.88,353.04,202
2026-07-02T17:57:00+00:00,353.04,353.29,352.97,353.13,246
2026-07-02T18:00:00+00:00,353.13,353.6,353.01,353.43,266
2026-07-02T18:03:00+00:00,353.43,353.84,353.3,353.78,292
2026-07-02T18:06:00+00:00,353.78,354.32,353.78,354.09,268
2026-07-02T18:09:00+00:00,354.09,354.34,353.81,354.31,304
2026-07-02T18:12:00+00:00,354.31,354.84,354.19,354.68,286
2026-07-02T18:15:00+00:00,354.68,355.1,354.58,354.73,445
2026-07-02T18:18:00+00:00,354.73,355.01,354.44,354.9,457
2026-07-02T18:21:00+00:00,354.9,355.08,354.55,354.58,287
2026-07-02T18:24:00+00:00,354.58,354.88,354.49,354.82,248
2026-07-02T18:27:00+00:00,354.82,354.92,354.67,354.82,223
2026-07-02T18:30:00+00:00,354.82,355.14,354.75,354.94,346
2026-07-02T18:33:00+00:00,354.94,355.29,354.92,355.09,227
2026-07-02T18:36:00+00:00,355.09,355.21,354.89,354.95,255
2026-07-02T18:39:00+00:00,354.95,355.03,354.68,354.95,237
2026-07-02T18:42:00+00:00,354.95,355.1,354.83,354.94,258
2026-07-02T18:45:00+00:00,354.94,355.55,354.69,355.41,294
2026-07-02T18:48:00+00:00,355.41,355.5,355.14,355.17,295
2026-07-02T18:51:00+00:00,355.17,355.17,354.68,354.68,231
2026-07-02T18:54:00+00:00,354.68,354.76,354.11,354.52,313
2026-07-02T18:57:00+00:00,354.52,354.72,354.33,354.61,295
2026-07-02T19:00:00+00:00,354.61,355.2,354.52,354.53,374
2026-07-02T19:03:00+00:00,354.53,354.86,354.48,354.53,323
2026-07-02T19:06:00+00:00,354.53,355.82,354.51,355.49,333
2026-07-02T19:09:00+00:00,355.49,356,355.47,355.72,330
2026-07-02T19:12:00+00:00,355.72,355.93,355.38,355.4,340
2026-07-02T19:15:00+00:00,355.4,355.8,355.38,355.59,321
2026-07-02T19:18:00+00:00,355.59,355.74,355.38,355.45,349
2026-07-02T19:21:00+00:00,355.45,355.74,355.39,355.51,390
2026-07-02T19:24:00+00:00,355.51,356.13,355.42,355.71,380
2026-07-02T19:27:00+00:00,355.71,355.8,355.11,355.33,349
2026-07-02T19:30:00+00:00,355.33,355.63,355.29,355.52,349
2026-07-02T19:33:00+00:00,355.52,355.72,355.23,355.5,435
2026-07-02T19:36:00+00:00,355.5,355.81,355.35,355.76,346
2026-07-02T19:39:00+00:00,355.76,355.8,355.46,355.54,301
2026-07-02T19:42:00+00:00,355.54,355.82,355.46,355.53,379
2026-07-02T19:45:00+00:00,355.53,355.68,355.35,355.47,446
2026-07-02T19:48:00+00:00,355.47,356.03,354.92,355.27,808
2026-07-02T19:51:00+00:00,355.27,356.2,355.09,355.7,757
2026-07-02T19:54:00+00:00,355.7,356.31,355.1,356.23,839
2026-07-02T19:57:00+00:00,356.23,356.68,355.65,355.69,894
2026-07-06T13:30:00+00:00,355.69,360.23,355.69,358.46,674
2026-07-06T13:33:00+00:00,358.46,358.7,356.51,357.36,639
2026-07-06T13:36:00+00:00,357.36,358.64,356.82,357.14,728
2026-07-06T13:39:00+00:00,357.14,357.87,356.78,357.02,562
2026-07-06T13:42:00+00:00,357.02,357.29,355.29,356.39,551
2026-07-06T13:45:00+00:00,356.39,356.99,355.67,355.99,651
2026-07-06T13:48:00+00:00,355.99,356.04,354.28,354.77,703
2026-07-06T13:51:00+00:00,354.77,355.05,354.38,354.6,673
2026-07-06T13:54:00+00:00,354.6,354.73,354.11,354.71,614
2026-07-06T13:57:00+00:00,354.71,355.09,354.07,354.11,517
2026-07-06T14:00:00+00:00,354.11,355.03,354,354.5,599
2026-07-06T14:03:00+00:00,354.5,354.88,354.21,354.67,413
2026-07-06T14:06:00+00:00,354.67,355.38,354.33,355.1,568
2026-07-06T14:09:00+00:00,355.1,355.26,354.36,354.73,492
2026-07-06T14:12:00+00:00,354.73,356.35,354.68,356.29,511
2026-07-06T14:15:00+00:00,356.29,356.59,355.21,355.53,513
2026-07-06T14:18:00+00:00,355.53,356.2,355.17,355.9,504
2026-07-06T14:21:00+00:00,355.9,356.92,355.84,356.83,425
2026-07-06T14:24:00+00:00,356.83,357.52,356.54,357.29,360
2026-07-06T14:27:00+00:00,357.29,357.86,357.19,357.66,391
2026-07-06T14:30:00+00:00,357.66,357.98,357.42,357.89,505
2026-07-06T14:33:00+00:00,357.89,358.44,357.87,358.2,413
2026-07-06T14:36:00+00:00,358.2,358.57,357.96,358.09,384
2026-07-06T14:39:00+00:00,358.09,358.2,357.62,357.93,389
2026-07-06T14:42:00+00:00,357.93,358.13,357.67,358.05,281
2026-07-06T14:45:00+00:00,358.05,358.25,357.78,357.93,392
2026-07-06T14:48:00+00:00,357.93,358.99,357.91,358.46,456
2026-07-06T14:51:00+00:00,358.46,358.63,358.15,358.27,401
2026-07-06T14:54:00+00:00,358.27,358.85,358.2,358.54,435
2026-07-06T14:57:00+00:00,358.54,358.61,358.19,358.43,403
2026-07-06T15:00:00+00:00,358.43,358.58,357.71,357.73,421
2026-07-06T15:03:00+00:00,357.73,358.36,357.71,358.18,321
2026-07-06T15:06:00+00:00,358.18,359.27,358.17,359.27,416
2026-07-06T15:09:00+00:00,359.27,359.37,358.97,359.13,323
2026-07-06T15:12:00+00:00,359.13,359.31,358.77,359.12,400
2026-07-06T15:15:00+00:00,359.12,359.67,359.02,359.63,354
2026-07-06T15:18:00+00:00,359.63,359.95,359.4,359.91,364
2026-07-06T15:21:00+00:00,359.91,359.94,359.41,359.46,396
2026-07-06T15:24:00+00:00,359.46,359.83,359.42,359.74,360
2026-07-06T15:27:00+00:00,359.74,359.79,359.36,359.51,365
2026-07-06T15:30:00+00:00,359.51,360.03,359.41,359.96,414
2026-07-06T15:33:00+00:00,359.96,360.18,359.8,360.03,380
2026-07-06T15:36:00+00:00,360.03,360.15,359.9,359.96,331
2026-07-06T15:39:00+00:00,359.96,360.2,359.83,359.97,346
2026-07-06T15:42:00+00:00,359.97,360.44,359.91,360.33,385
2026-07-06T15:45:00+00:00,360.33,360.87,360.15,360.7,384
2026-07-06T15:48:00+00:00,360.7,360.81,360.54,360.72,318
2026-07-06T15:51:00+00:00,360.72,360.79,360.49,360.51,335
2026-07-06T15:54:00+00:00,360.51,360.88,360.38,360.73,317
2026-07-06T15:57:00+00:00,360.73,360.75,360.1,360.66,311
2026-07-06T16:00:00+00:00,360.66,361.25,360.46,360.89,439
2026-07-06T16:03:00+00:00,360.89,361.53,360.88,361.53,342
2026-07-06T16:06:00+00:00,361.53,361.71,361.12,361.21,337
2026-07-06T16:09:00+00:00,361.21,361.6,361.08,361.52,404
2026-07-06T16:12:00+00:00,361.52,361.9,361.35,361.68,420
2026-07-06T16:15:00+00:00,361.68,362.25,361.67,362.19,463
2026-07-06T16:18:00+00:00,362.19,362.37,361.71,361.76,542
2026-07-06T16:21:00+00:00,361.76,361.78,361.29,361.32,454
2026-07-06T16:24:00+00:00,361.32,361.41,360.95,361.02,350
2026-07-06T16:27:00+00:00,361.02,361.02,360.81,360.84,268
2026-07-06T16:30:00+00:00,360.84,361.1,360.82,360.97,284
2026-07-06T16:33:00+00:00,360.97,361.56,360.96,361.06,330
2026-07-06T16:36:00+00:00,361.06,361.26,361.05,361.1,348
2026-07-06T16:39:00+00:00,361.1,361.15,360.95,360.98,317
2026-07-06T16:42:00+00:00,360.98,361.22,360.95,361.22,317
2026-07-06T16:45:00+00:00,361.22,361.29,360.95,361.21,255
2026-07-06T16:48:00+00:00,361.21,361.28,361.02,361.26,196
2026-07-06T16:51:00+00:00,361.26,361.63,361.19,361.28,241
2026-07-06T16:54:00+00:00,361.28,361.48,360.97,361.13,292
2026-07-06T16:57:00+00:00,361.13,361.18,360.76,360.89,209
2026-07-06T17:00:00+00:00,360.89,361.35,360.81,361.35,194
2026-07-06T17:03:00+00:00,361.35,361.49,361.23,361.41,205
2026-07-06T17:06:00+00:00,361.41,361.78,361.34,361.69,266
2026-07-06T17:09:00+00:00,361.69,362.11,361.61,361.9,284
2026-07-06T17:12:00+00:00,361.9,362,361.49,361.76,246
2026-07-06T17:15:00+00:00,361.76,361.87,361.35,361.36,243
2026-07-06T17:18:00+00:00,361.36,361.42,361.05,361.4,253
2026-07-06T17:21:00+00:00,361.4,361.43,361.19,361.19,197
2026-07-06T17:24:00+00:00,361.19,361.54,361.07,361.49,209
2026-07-06T17:27:00+00:00,361.49,362.02,361.34,361.95,239
2026-07-06T17:30:00+00:00,361.95,362.48,361.89,362.32,370
2026-07-06T17:33:00+00:00,362.32,362.5,361.57,361.88,398
2026-07-06T17:36:00+00:00,361.88,362.01,361.76,361.99,379
2026-07-06T17:39:00+00:00,361.99,362.13,361.91,361.95,185
2026-07-06T17:42:00+00:00,361.95,362,361.39,361.64,312
2026-07-06T17:45:00+00:00,361.64,361.74,361.5,361.61,269
2026-07-06T17:48:00+00:00,361.61,361.76,361.5,361.69,220
2026-07-06T17:51:00+00:00,361.69,361.85,361.46,361.52,255
2026-07-06T17:54:00+00:00,361.52,361.63,361.18,361.19,263
2026-07-06T17:57:00+00:00,361.19,361.6,360.88,361.53,326
2026-07-06T18:00:00+00:00,361.53,361.63,361.34,361.34,287
2026-07-06T18:03:00+00:00,361.34,361.55,361.31,361.49,203
2026-07-06T18:06:00+00:00,361.49,361.84,361.43,361.8,233
2026-07-06T18:09:00+00:00,361.8,361.8,361.39,361.39,274
2026-07-06T18:12:00+00:00,361.39,361.67,361.21,361.56,300
2026-07-06T18:15:00+00:00,361.56,362,361.56,361.94,330
2026-07-06T18:18:00+00:00,361.94,362.09,361.29,361.38,314
2026-07-06T18:21:00+00:00,361.38,361.76,361.19,361.69,440
2026-07-06T18:24:00+00:00,361.69,361.91,361.58,361.68,346
2026-07-06T18:27:00+00:00,361.68,361.86,361.58,361.81,264
2026-07-06T18:30:00+00:00,361.81,362.66,361.77,362.53,437
2026-07-06T18:33:00+00:00,362.53,362.63,362.21,362.34,447
2026-07-06T18:36:00+00:00,362.34,362.45,362.16,362.42,401
2026-07-06T18:39:00+00:00,362.42,362.86,362.28,362.81,411
2026-07-06T18:42:00+00:00,362.81,362.93,362.47,362.54,529
2026-07-06T18:45:00+00:00,362.54,362.9,362.47,362.82,325
2026-07-06T18:48:00+00:00,362.82,363.48,362.73,363.32,408
2026-07-06T18:51:00+00:00,363.32,363.77,363.31,363.77,209
2026-07-06T18:54:00+00:00,363.77,363.89,363.56,363.84,267
2026-07-06T18:57:00+00:00,363.84,364.03,363.6,363.99,208
2026-07-06T19:00:00+00:00,363.99,364.22,363.88,364.18,257
2026-07-06T19:03:00+00:00,364.18,364.4,363.92,364.32,244
2026-07-06T19:06:00+00:00,364.32,364.76,364.28,364.36,294
2026-07-06T19:09:00+00:00,364.36,364.64,363.92,364.53,495
2026-07-06T19:12:00+00:00,364.53,364.62,364.16,364.33,265
2026-07-06T19:15:00+00:00,364.33,364.49,364.12,364.3,307
2026-07-06T19:18:00+00:00,364.3,364.8,364.15,364.6,317
2026-07-06T19:21:00+00:00,364.6,364.67,364.33,364.45,232
2026-07-06T19:24:00+00:00,364.45,364.92,364.27,364.83,307
2026-07-06T19:27:00+00:00,364.83,365.08,364.23,365.01,404
2026-07-06T19:30:00+00:00,365.01,365.47,364.83,365.18,558
2026-07-06T19:33:00+00:00,365.18,365.3,364.88,365.09,448
2026-07-06T19:36:00+00:00,365.09,365.25,364.91,365.06,425
2026-07-06T19:39:00+00:00,365.06,365.19,364.84,364.98,359
2026-07-06T19:42:00+00:00,364.98,365.15,364.84,365.01,302
2026-07-06T19:45:00+00:00,365.01,365.17,364.9,365.11,367
2026-07-06T19:48:00+00:00,365.11,365.22,364.21,364.22,645
2026-07-06T19:51:00+00:00,364.22,364.71,363.75,364.56,1043
2026-07-06T19:54:00+00:00,364.56,365.53,364.13,365.38,1272
2026-07-06T19:57:00+00:00,365.38,365.52,364.13,364.8,1110
2026-07-07T13:30:00+00:00,364.8,367.09,364.16,365.68,768
2026-07-07T13:33:00+00:00,365.68,366.87,364.59,366.04,783
2026-07-07T13:36:00+00:00,366.04,367.65,365.92,366.89,1142
2026-07-07T13:39:00+00:00,366.89,367.95,366.57,367.38,941
2026-07-07T13:42:00+00:00,367.38,369.8,366.86,369.38,981
2026-07-07T13:45:00+00:00,369.38,369.97,368.61,369.38,837
2026-07-07T13:48:00+00:00,369.38,370.61,369.13,370.27,815
2026-07-07T13:51:00+00:00,370.27,370.44,369.17,369.44,603
2026-07-07T13:54:00+00:00,369.44,370.72,369.09,369.3,840
2026-07-07T13:57:00+00:00,369.3,369.71,367.88,368.76,860
2026-07-07T14:00:00+00:00,368.76,369.41,368.71,368.95,822
2026-07-07T14:03:00+00:00,368.95,369.45,368.39,368.85,606
2026-07-07T14:06:00+00:00,368.85,368.94,368.3,368.71,530
2026-07-07T14:09:00+00:00,368.71,369.33,367.73,369.11,695
2026-07-07T14:12:00+00:00,369.11,369.66,368.78,369.44,579
2026-07-07T14:15:00+00:00,369.44,369.49,368.39,368.61,661
2026-07-07T14:18:00+00:00,368.61,369.27,368.41,369.01,697
2026-07-07T14:21:00+00:00,369.01,369.5,368.67,369.02,692
2026-07-07T14:24:00+00:00,369.02,369.19,367.51,367.53,609
2026-07-07T14:27:00+00:00,367.53,368.57,367.51,368.18,488
2026-07-07T14:30:00+00:00,368.18,368.33,367.68,367.75,580
2026-07-07T14:33:00+00:00,367.75,367.98,367.12,367.21,600
2026-07-07T14:36:00+00:00,367.21,367.79,367.06,367.72,722
2026-07-07T14:39:00+00:00,367.72,367.77,366.22,366.34,745
2026-07-07T14:42:00+00:00,366.34,366.58,365.91,366.33,574
2026-07-07T14:45:00+00:00,366.33,366.67,365.72,366.09,479
2026-07-07T14:48:00+00:00,366.09,366.25,365,365.14,497
2026-07-07T14:51:00+00:00,365.14,365.4,364.65,365.13,470
2026-07-07T14:54:00+00:00,365.13,365.58,364.83,365.01,465
2026-07-07T14:57:00+00:00,365.01,365.4,364.35,364.68,462
2026-07-07T15:00:00+00:00,364.68,365.03,364.35,364.66,454
2026-07-07T15:03:00+00:00,364.66,365.08,364.47,364.93,395
2026-07-07T15:06:00+00:00,364.93,365.2,364.47,364.51,392
2026-07-07T15:09:00+00:00,364.51,365.16,364.48,364.75,416
2026-07-07T15:12:00+00:00,364.75,365.21,364.24,364.88,423
2026-07-07T15:15:00+00:00,364.88,365.56,364.54,365.46,384
2026-07-07T15:18:00+00:00,365.46,365.46,364.89,365.03,406
2026-07-07T15:21:00+00:00,365.03,365.39,364.84,365.15,373
2026-07-07T15:24:00+00:00,365.15,365.79,365.13,365.75,360
2026-07-07T15:27:00+00:00,365.75,366.27,365.63,366.22,340
2026-07-07T15:30:00+00:00,366.22,366.6,366.1,366.21,308
2026-07-07T15:33:00+00:00,366.21,366.49,365.92,366.3,301
2026-07-07T15:36:00+00:00,366.3,366.32,365.88,366.09,291
2026-07-07T15:39:00+00:00,366.09,366.23,365.14,365.5,370
2026-07-07T15:42:00+00:00,365.5,365.8,365.39,365.75,348
2026-07-07T15:45:00+00:00,365.75,365.96,365.57,365.67,343
2026-07-07T15:48:00+00:00,365.67,366.12,365.64,365.77,278
2026-07-07T15:51:00+00:00,365.77,366.11,365.72,365.93,265
2026-07-07T15:54:00+00:00,365.93,366.3,365.91,365.95,216
2026-07-07T15:57:00+00:00,365.95,366.2,365.59,365.92,210
2026-07-07T16:00:00+00:00,365.92,366.13,365.05,365.11,367
2026-07-07T16:03:00+00:00,365.11,365.25,364.88,365.12,328
2026-07-07T16:06:00+00:00,365.12,365.3,364.96,365.08,284
2026-07-07T16:09:00+00:00,365.08,365.43,365.07,365.41,265
2026-07-07T16:12:00+00:00,365.41,365.52,365.03,365.14,282
2026-07-07T16:15:00+00:00,365.14,365.9,365.07,365.6,273
2026-07-07T16:18:00+00:00,365.6,365.65,365.03,365.22,249
2026-07-07T16:21:00+00:00,365.22,365.67,365.06,365.62,283
2026-07-07T16:24:00+00:00,365.62,365.7,365.38,365.59,262
2026-07-07T16:27:00+00:00,365.59,365.61,365.09,365.17,262
2026-07-07T16:30:00+00:00,365.17,365.6,365.12,365.52,274
2026-07-07T16:33:00+00:00,365.52,365.61,365.3,365.54,222
2026-07-07T16:36:00+00:00,365.54,366.14,365.54,365.97,253
2026-07-07T16:39:00+00:00,365.97,366.22,365.94,365.99,254
2026-07-07T16:42:00+00:00,365.99,366.26,365.88,366.05,212
2026-07-07T16:45:00+00:00,366.05,366.5,365.98,366.11,273
2026-07-07T16:48:00+00:00,366.11,366.32,365.88,366.17,236
2026-07-07T16:51:00+00:00,366.17,366.19,365.88,366.1,197
2026-07-07T16:54:00+00:00,366.1,366.66,365.95,366.66,335
2026-07-07T16:57:00+00:00,366.66,366.83,366.1,366.17,240
2026-07-07T17:00:00+00:00,366.17,366.25,365.88,366.01,379
2026-07-07T17:03:00+00:00,366.01,366.18,365.93,366.05,301
2026-07-07T17:06:00+00:00,366.05,366.18,365.89,366.03,348
2026-07-07T17:09:00+00:00,366.03,366.19,365.89,366.09,214
2026-07-07T17:12:00+00:00,366.09,366.3,365.94,366.26,297
2026-07-07T17:15:00+00:00,366.26,366.41,365.88,365.98,271
2026-07-07T17:18:00+00:00,365.98,366.48,365.88,366.46,270
2026-07-07T17:21:00+00:00,366.46,366.7,366.34,366.56,312
2026-07-07T17:24:00+00:00,366.56,366.99,366.54,366.74,178
2026-07-07T17:27:00+00:00,366.74,366.83,366.44,366.51,167
2026-07-07T17:30:00+00:00,366.51,366.61,366.12,366.2,293
2026-07-07T17:33:00+00:00,366.2,366.4,366.07,366.39,204
2026-07-07T17:36:00+00:00,366.39,366.47,366.16,366.21,206
2026-07-07T17:39:00+00:00,366.21,366.38,366.16,366.23,204
2026-07-07T17:42:00+00:00,366.23,366.42,365.92,366.32,259
2026-07-07T17:45:00+00:00,366.32,366.53,366.19,366.2,168
2026-07-07T17:48:00+00:00,366.2,366.26,365.91,366.25,221
2026-07-07T17:51:00+00:00,366.25,366.35,366.13,366.15,133
2026-07-07T17:54:00+00:00,366.15,366.58,366.13,366.42,188
2026-07-07T17:57:00+00:00,366.42,366.72,366.36,366.72,203
2026-07-07T18:00:00+00:00,366.72,367.14,366.58,366.89,417
2026-07-07T18:03:00+00:00,366.89,367.01,366.58,366.68,319
2026-07-07T18:06:00+00:00,366.68,366.98,366.66,366.76,337
2026-07-07T18:09:00+00:00,366.76,366.95,366.59,366.83,404
2026-07-07T18:12:00+00:00,366.83,366.94,365.93,366,347
2026-07-07T18:15:00+00:00,366,366.48,365.99,366.35,374
2026-07-07T18:18:00+00:00,366.35,366.47,365.91,366.15,372
2026-07-07T18:21:00+00:00,366.15,366.26,365.67,365.93,321
2026-07-07T18:24:00+00:00,365.93,366.1,365.74,365.83,278
2026-07-07T18:27:00+00:00,365.83,365.99,365.68,365.94,271
2026-07-07T18:30:00+00:00,365.94,366.08,365.49,365.58,494
2026-07-07T18:33:00+00:00,365.58,365.7,365.08,365.46,442
2026-07-07T18:36:00+00:00,365.46,365.68,365.29,365.62,418
2026-07-07T18:39:00+00:00,365.62,365.77,365.56,365.65,352
2026-07-07T18:42:00+00:00,365.65,366.13,365.64,365.92,558
2026-07-07T18:45:00+00:00,365.92,366.29,365.79,366.14,286
2026-07-07T18:48:00+00:00,366.14,366.17,365.48,365.88,420
2026-07-07T18:51:00+00:00,365.88,365.9,365.42,365.49,348
2026-07-07T18:54:00+00:00,365.49,365.57,365.08,365.37,359
2026-07-07T18:57:00+00:00,365.37,365.39,365.08,365.25,353
2026-07-07T19:00:00+00:00,365.25,365.46,364.96,365.08,409
2026-07-07T19:03:00+00:00,365.08,365.19,364.73,364.93,263
2026-07-07T19:06:00+00:00,364.93,365.56,364.93,365.4,384
2026-07-07T19:09:00+00:00,365.4,365.56,365.23,365.45,374
2026-07-07T19:12:00+00:00,365.45,365.51,365.17,365.38,337
2026-07-07T19:15:00+00:00,365.38,365.59,365.18,365.22,400
2026-07-07T19:18:00+00:00,365.22,365.29,364.88,364.9,441
2026-07-07T19:21:00+00:00,364.9,365.08,364.69,364.93,346
2026-07-07T19:24:00+00:00,364.93,365.28,364.88,365.21,307
2026-07-07T19:27:00+00:00,365.21,365.24,364.7,364.77,288
2026-07-07T19:30:00+00:00,364.77,364.92,364.38,364.83,344
2026-07-07T19:33:00+00:00,364.83,364.85,364.3,364.51,332
2026-07-07T19:36:00+00:00,364.51,364.68,363.89,363.89,258
2026-07-07T19:39:00+00:00,363.89,363.97,363.16,363.18,306
2026-07-07T19:42:00+00:00,363.18,363.2,362.25,362.61,420
2026-07-07T19:45:00+00:00,362.61,363.23,362.48,362.95,443
2026-07-07T19:48:00+00:00,362.95,363.74,362.44,363.68,497
2026-07-07T19:51:00+00:00,363.68,363.72,363.14,363.5,417
2026-07-07T19:54:00+00:00,363.5,364.66,363.5,364.21,806
2026-07-07T19:57:00+00:00,364.21,364.32,362.93,363.35,820
2026-07-08T13:30:00+00:00,363.35,364.58,360.64,361,732
2026-07-08T13:33:00+00:00,361,361.88,359.56,360.42,713
2026-07-08T13:36:00+00:00,360.42,361.85,360.18,360.78,523
2026-07-08T13:39:00+00:00,360.78,361.46,359.88,361.03,659
2026-07-08T13:42:00+00:00,361.03,361.77,360.59,361.58,1022
2026-07-08T13:45:00+00:00,361.58,362.1,360.66,361.65,1115
2026-07-08T13:48:00+00:00,361.65,361.65,360.48,360.9,1054
2026-07-08T13:51:00+00:00,360.9,361.1,359.88,359.95,1197
2026-07-08T13:54:00+00:00,359.95,360.45,359.88,360.41,894
2026-07-08T13:57:00+00:00,360.41,360.48,359.48,359.57,867
2026-07-08T14:00:00+00:00,359.57,359.68,358.73,359.16,1395
2026-07-08T14:03:00+00:00,359.16,359.85,359.09,359.49,1077
2026-07-08T14:06:00+00:00,359.49,360.04,359.24,360.03,881
2026-07-08T14:09:00+00:00,360.03,360.26,359.28,359.34,999
2026-07-08T14:12:00+00:00,359.34,359.87,359.28,359.45,1020
2026-07-08T14:15:00+00:00,359.45,359.79,359.28,359.54,882
2026-07-08T14:18:00+00:00,359.54,359.72,358.88,359.27,730
2026-07-08T14:21:00+00:00,359.27,359.73,359.13,359.73,653
2026-07-08T14:24:00+00:00,359.73,359.83,359.27,359.52,465
2026-07-08T14:27:00+00:00,359.52,359.52,358.88,358.89,688
2026-07-08T14:30:00+00:00,358.89,359.3,358.79,358.87,973
2026-07-08T14:33:00+00:00,358.87,359.03,358.49,358.49,1262
2026-07-08T14:36:00+00:00,358.49,358.6,358.06,358.11,1207
2026-07-08T14:39:00+00:00,358.11,358.57,357.87,358.47,1075
2026-07-08T14:42:00+00:00,358.47,358.58,358.12,358.25,815
2026-07-08T14:45:00+00:00,358.25,358.89,358.13,358.83,706
2026-07-08T14:48:00+00:00,358.83,359.3,358.71,358.79,652
2026-07-08T14:51:00+00:00,358.79,359.26,358.58,358.67,900
2026-07-08T14:54:00+00:00,358.67,358.93,358.44,358.62,868
2026-07-08T14:57:00+00:00,358.62,358.81,-1425.4399999999998,-1425.2799999999997,701.1916951080774
2026-07-08T15:00:00+00:00,358.46,358.65,358.18,358.25,841
2026-07-08T15:03:00+00:00,358.25,358.81,358.21,358.57,540
2026-07-08T15:06:00+00:00,358.57,358.77,358.2,358.27,554
2026-07-08T15:09:00+00:00,358.27,358.47,358.03,358.34,650
2026-07-08T15:12:00+00:00,358.34,358.79,358.16,358.62,921
2026-07-08T15:15:00+00:00,358.62,358.73,358.18,358.31,833
2026-07-08T15:18:00+00:00,358.31,359.18,358.25,358.81,840
2026-07-08T15:21:00+00:00,358.81,359.09,358.52,358.65,734
2026-07-08T15:24:00+00:00,358.65,358.78,357.9,357.91,887
2026-07-08T15:27:00+00:00,357.91,358.08,357.58,358.08,720
2026-07-08T15:30:00+00:00,358.08,358.19,357.58,357.79,950
2026-07-08T15:33:00+00:00,357.79,357.91,357.13,357.25,823
2026-07-08T15:36:00+00:00,357.25,358.04,357.16,357.94,779
2026-07-08T15:39:00+00:00,357.94,358.27,357.88,358.1,633
2026-07-08T15:42:00+00:00,358.1,358.32,357.96,358.06,514
2026-07-08T15:45:00+00:00,358.06,358.35,357.61,357.96,610
2026-07-08T15:48:00+00:00,357.96,358.07,357.38,357.39,561
2026-07-08T15:51:00+00:00,357.39,357.51,357.21,357.26,465
2026-07-08T15:54:00+00:00,357.26,357.3,356.82,356.96,687
2026-07-08T15:57:00+00:00,356.96,357.37,356.95,357.24,689
2026-07-08T16:00:00+00:00,357.24,357.73,357.21,357.28,774
2026-07-08T16:03:00+00:00,357.28,357.49,357.15,357.43,624
2026-07-08T16:06:00+00:00,357.43,357.49,357.18,357.37,407
2026-07-08T16:09:00+00:00,357.37,357.87,357.21,357.8,419
2026-07-08T16:12:00+00:00,357.8,358.05,357.73,357.77,363
2026-07-08T16:15:00+00:00,357.77,358.34,357.75,358.08,347
2026-07-08T16:18:00+00:00,358.08,358.29,357.77,357.92,443
2026-07-08T16:21:00+00:00,357.92,358.3,357.69,358.18,586
2026-07-08T16:24:00+00:00,358.18,358.33,357.9,358.21,554
2026-07-08T16:27:00+00:00,358.21,358.44,357.88,357.93,440
2026-07-08T16:30:00+00:00,357.93,358.55,357.88,358.47,600
2026-07-08T16:33:00+00:00,358.47,358.55,357.88,358,651
2026-07-08T16:36:00+00:00,358,358,357.68,357.86,418
2026-07-08T16:39:00+00:00,357.86,358.29,357.69,357.81,1165
2026-07-08T16:42:00+00:00,357.81,358.2,357.79,358.05,619
2026-07-08T16:45:00+00:00,358.05,358.21,357.79,357.89,687
2026-07-08T16:48:00+00:00,357.89,358.01,357.71,357.8,585
2026-07-08T16:51:00+00:00,357.8,358.14,357.8,358.05,705
2026-07-08T16:54:00+00:00,358.05,358.26,357.77,358.18,619
2026-07-08T16:57:00+00:00,358.18,358.32,357.77,357.86,389
2026-07-08T17:00:00+00:00,357.86,357.86,357.48,357.65,517
2026-07-08T17:03:00+00:00,357.65,357.76,357.45,357.66,397
2026-07-08T17:06:00+00:00,357.66,357.85,357.55,357.7,464
2026-07-08T17:09:00+00:00,357.7,357.91,357.58,357.87,448
2026-07-08T17:12:00+00:00,357.87,357.92,357.31,357.42,379
2026-07-08T17:15:00+00:00,357.42,357.76,357.38,357.64,390
2026-07-08T17:18:00+00:00,357.64,357.88,357.59,357.63,369
2026-07-08T17:21:00+00:00,357.63,357.88,357.6,357.68,328
2026-07-08T17:24:00+00:00,357.68,357.95,357.61,357.71,329
2026-07-08T17:27:00+00:00,357.71,358,357.63,357.94,178
2026-07-08T17:30:00+00:00,357.94,357.97,357.42,357.46,488
2026-07-08T17:33:00+00:00,357.46,357.59,356.66,356.76,479
2026-07-08T17:36:00+00:00,356.76,356.82,356.39,356.43,331
2026-07-08T17:39:00+00:00,356.43,356.79,356.41,356.73,406
2026-07-08T17:42:00+00:00,356.73,356.79,356.48,356.53,275
2026-07-08T17:45:00+00:00,356.53,356.85,356.48,356.59,438
2026-07-08T17:48:00+00:00,356.59,356.72,356.32,356.66,470
2026-07-08T17:51:00+00:00,356.66,356.69,356.04,356.09,325
2026-07-08T17:54:00+00:00,356.09,356.09,355.56,355.66,280
2026-07-08T17:57:00+00:00,355.66,355.69,355.41,355.45,363
2026-07-08T18:00:00+00:00,355.45,356.17,355.41,355.9,611
2026-07-08T18:03:00+00:00,355.9,356.3,355.88,356.3,475
2026-07-08T18:06:00+00:00,356.3,356.3,356.05,356.17,341
2026-07-08T18:09:00+00:00,356.17,356.21,355.74,355.84,432
2026-07-08T18:12:00+00:00,355.84,355.99,355.53,355.62,357
2026-07-08T18:15:00+00:00,355.62,355.7,355.4,355.45,325
2026-07-08T18:18:00+00:00,355.45,355.48,355.06,355.09,355
2026-07-08T18:21:00+00:00,355.09,355.27,354.98,355.27,314
2026-07-08T18:24:00+00:00,355.27,355.29,355.08,355.24,395
2026-07-08T18:27:00+00:00,355.24,355.29,355.08,355.08,356
2026-07-08T18:30:00+00:00,355.08,355.13,354.63,354.86,484
2026-07-08T18:33:00+00:00,354.86,355.01,354.53,354.55,390
2026-07-08T18:36:00+00:00,354.55,355.36,354.51,355.36,428
2026-07-08T18:39:00+00:00,355.36,355.36,354.89,355.04,508
2026-07-08T18:42:00+00:00,355.04,355.32,355,355.29,261
2026-07-08T18:45:00+00:00,355.29,355.41,355.07,355.27,300
2026-07-08T18:48:00+00:00,355.27,355.54,355.2,355.54,289
2026-07-08T18:51:00+00:00,355.54,355.74,355.39,355.5,398
2026-07-08T18:54:00+00:00,355.5,355.74,355.49,355.64,298
2026-07-08T18:57:00+00:00,355.64,355.71,355.4,355.52,209
2026-07-08T19:00:00+00:00,355.52,355.69,355.35,355.55,414
2026-07-08T19:03:00+00:00,355.55,355.7,355.36,355.68,293
2026-07-08T19:06:00+00:00,355.68,355.93,355.51,355.52,333
2026-07-08T19:09:00+00:00,355.52,355.57,355.19,355.19,405
2026-07-08T19:12:00+00:00,355.19,355.26,354.93,354.95,328
2026-07-08T19:15:00+00:00,354.95,355.2,354.7,355.2,337
2026-07-08T19:18:00+00:00,355.2,355.66,355.11,355.52,417
2026-07-08T19:21:00+00:00,355.52,355.68,355.27,355.33,411
2026-07-08T19:24:00+00:00,355.33,355.77,355.3,355.63,378
2026-07-08T19:27:00+00:00,355.63,355.75,355.47,355.57,313
2026-07-08T19:30:00+00:00,355.57,355.88,355.48,355.84,431
2026-07-08T19:33:00+00:00,355.84,355.94,355.67,355.79,299
2026-07-08T19:36:00+00:00,355.79,356.28,355.74,355.85,476
2026-07-08T19:39:00+00:00,355.85,356.41,355.82,356.38,514
2026-07-08T19:42:00+00:00,356.38,356.54,356.23,356.36,377
2026-07-08T19:45:00+00:00,356.36,356.4,355.95,356.22,637
2026-07-08T19:48:00+00:00,356.22,357.65,356.17,357.57,694
2026-07-08T19:51:00+00:00,357.57,357.85,357.41,357.84,509
2026-07-08T19:54:00+00:00,357.84,359.52,357.44,359.49,860
2026-07-08T19:57:00+00:00,359.49,359.65,358.04,358.31,1396
2026-07-09T13:30:00+00:00,358.31,358.31,350.07,354.31,708
2026-07-09T13:33:00+00:00,354.31,354.64,353.11,354.21,1081
2026-07-09T13:36:00+00:00,354.21,356.14,354.18,354.8,1187
2026-07-09T13:39:00+00:00,354.8,355.36,354.47,354.85,1136
2026-07-09T13:42:00+00:00,354.85,355.25,354.48,354.69,743
2026-07-09T13:45:00+00:00,354.69,354.72,353.57,353.93,669
2026-07-09T13:48:00+00:00,353.93,354.04,352.94,353.43,672
2026-07-09T13:51:00+00:00,353.43,353.7,353.26,353.63,492
2026-07-09T13:54:00+00:00,353.63,354.1,353.26,353.95,442
2026-07-09T13:57:00+00:00,353.95,353.96,353.15,353.56,589
2026-07-09T14:00:00+00:00,353.56,354.24,352.87,353.02,1095
2026-07-09T14:03:00+00:00,353.02,353.12,351.54,351.69,888
2026-07-09T14:06:00+00:00,351.69,352.01,351.38,351.65,634
2026-07-09T14:09:00+00:00,351.65,352.11,349.25,350.31,683
2026-07-09T14:12:00+00:00,350.31,350.92,350.05,350.56,547
2026-07-09T14:15:00+00:00,350.56,350.66,349.24,349.43,570
2026-07-09T14:18:00+00:00,349.43,349.79,349.02,349.02,565
2026-07-09T14:21:00+00:00,349.02,349.04,348.48,348.81,516
2026-07-09T14:24:00+00:00,348.81,349.63,348.65,349.39,467
2026-07-09T14:27:00+00:00,349.39,350.79,349.38,350.79,538
2026-07-09T14:30:00+00:00,350.79,351.77,350.73,351.37,595
2026-07-09T14:33:00+00:00,351.37,352.01,351.16,351.7,434
2026-07-09T14:36:00+00:00,351.7,351.83,351.05,351.24,358
2026-07-09T14:39:00+00:00,351.24,351.39,350.46,350.65,424
2026-07-09T14:42:00+00:00,350.65,350.82,349.88,349.97,624
2026-07-09T14:45:00+00:00,349.97,350.12,349.68,349.97,550
2026-07-09T14:48:00+00:00,349.97,350.46,349.63,350.4,833
2026-07-09T14:51:00+00:00,350.4,350.53,349.88,350.23,724
2026-07-09T14:54:00+00:00,350.23,350.63,350,350.16,543
2026-07-09T14:57:00+00:00,350.16,350.71,350.08,350.49,756
2026-07-09T15:00:00+00:00,350.49,350.75,350.14,350.19,575
2026-07-09T15:03:00+00:00,350.19,350.35,349.85,350.31,448
2026-07-09T15:06:00+00:00,350.31,350.64,350.2,350.5,426
2026-07-09T15:09:00+00:00,350.5,351.23,350.4,350.88,465
2026-07-09T15:12:00+00:00,350.88,350.9,350.09,350.1,373
2026-07-09T15:15:00+00:00,350.1,350.46,349.93,350.15,708
2026-07-09T15:18:00+00:00,350.15,350.8,349.88,350.45,785
2026-07-09T15:21:00+00:00,350.45,351.07,350.43,350.83,601
2026-07-09T15:24:00+00:00,350.83,351.02,350.61,350.85,428
2026-07-09T15:27:00+00:00,350.85,351.29,350.78,351.06,357
2026-07-09T15:30:00+00:00,351.06,351.3,350.68,350.7,407
2026-07-09T15:33:00+00:00,350.7,350.92,350.61,350.74,389
2026-07-09T15:36:00+00:00,350.74,350.96,350.48,350.5,368
2026-07-09T15:39:00+00:00,350.5,350.71,350.32,350.4,385
2026-07-09T15:42:00+00:00,350.4,350.56,350.32,350.47,343
2026-07-09T15:45:00+00:00,350.47,350.55,350.04,350.06,348
2026-07-09T15:48:00+00:00,350.06,350.14,349.78,349.85,364
2026-07-09T15:51:00+00:00,349.85,349.9,349.63,349.72,284
2026-07-09T15:54:00+00:00,349.72,349.97,349.63,349.9,296
2026-07-09T15:57:00+00:00,349.9,350.3,349.73,350.17,367
2026-07-09T16:00:00+00:00,350.17,350.33,349.94,350.29,342
2026-07-09T16:03:00+00:00,350.29,350.49,350.08,350.2,265
2026-07-09T16:06:00+00:00,350.2,351.21,350.08,350.89,568
2026-07-09T16:09:00+00:00,350.89,351.41,350.71,351.24,547
2026-07-09T16:12:00+00:00,351.24,351.26,350.53,350.68,414
2026-07-09T16:15:00+00:00,350.68,350.74,350.12,350.25,451
2026-07-09T16:18:00+00:00,350.25,350.75,350.24,350.59,426
2026-07-09T16:21:00+00:00,350.59,351.64,350.53,351.42,415
2026-07-09T16:24:00+00:00,351.42,351.88,351.39,351.88,343
2026-07-09T16:27:00+00:00,351.88,351.9,351.41,351.6,290
2026-07-09T16:30:00+00:00,351.6,351.93,351.54,351.83,271
2026-07-09T16:33:00+00:00,351.83,352.07,351.4,351.4,448
2026-07-09T16:36:00+00:00,351.4,352.11,351.4,352.06,331
2026-07-09T16:39:00+00:00,352.06,352.38,352.01,352.21,338
2026-07-09T16:42:00+00:00,352.21,352.48,352.13,352.39,234
2026-07-09T16:45:00+00:00,352.39,352.46,351.84,351.89,366
2026-07-09T16:48:00+00:00,351.89,352.09,351.86,351.94,299
2026-07-09T16:51:00+00:00,351.94,352.15,351.88,351.89,237
2026-07-09T16:54:00+00:00,351.89,352.35,351.86,351.94,366
2026-07-09T16:57:00+00:00,351.94,352.24,351.78,352.24,287
2026-07-09T17:00:00+00:00,352.24,352.6,352.18,352.3,306
2026-07-09T17:03:00+00:00,352.3,352.42,352.19,352.38,389
2026-07-09T17:06:00+00:00,352.38,352.4,352.08,352.14,389
2026-07-09T17:09:00+00:00,352.14,352.17,351.8,351.8,471
2026-07-09T17:12:00+00:00,351.8,352.06,351.78,351.85,333
2026-07-09T17:15:00+00:00,351.85,352.31,351.85,352.08,257
2026-07-09T17:18:00+00:00,352.08,352.35,352.05,352.29,278
2026-07-09T17:21:00+00:00,352.29,352.34,351.96,352.07,339
2026-07-09T17:24:00+00:00,352.07,352.61,351.98,352.31,330
2026-07-09T17:27:00+00:00,352.31,352.54,352.11,352.43,300
2026-07-09T17:30:00+00:00,352.43,352.56,352.12,352.46,371
2026-07-09T17:33:00+00:00,352.46,352.62,352.32,352.52,349
2026-07-09T17:36:00+00:00,352.52,352.76,352.42,352.58,420
2026-07-09T17:39:00+00:00,352.58,352.62,352.16,352.17,310
2026-07-09T17:42:00+00:00,352.17,352.41,352.16,352.36,253
2026-07-09T17:45:00+00:00,352.36,352.58,352.19,352.47,363
2026-07-09T17:48:00+00:00,352.47,352.93,352.33,352.7,286
2026-07-09T17:51:00+00:00,352.7,352.87,352.52,352.77,252
2026-07-09T17:54:00+00:00,352.77,352.87,352.5,352.82,289
2026-07-09T17:57:00+00:00,352.82,352.87,352.49,352.73,337
2026-07-09T18:00:00+00:00,352.73,353.48,352.71,353.31,380
2026-07-09T18:03:00+00:00,353.31,353.65,353.14,353.56,353
2026-07-09T18:06:00+00:00,353.56,353.6,353.16,353.37,401
2026-07-09T18:09:00+00:00,353.37,354,353.37,353.95,368
2026-07-09T18:12:00+00:00,353.95,354.06,353.42,353.66,351
2026-07-09T18:15:00+00:00,353.66,353.78,353.42,353.62,376
2026-07-09T18:18:00+00:00,353.62,354.1,353.58,353.78,355
2026-07-09T18:21:00+00:00,353.78,353.87,353.65,353.67,277
2026-07-09T18:24:00+00:00,353.67,353.74,353.43,353.5,344
2026-07-09T18:27:00+00:00,353.5,353.73,353.42,353.55,461
2026-07-09T18:30:00+00:00,353.55,353.85,353.42,353.76,484
2026-07-09T18:33:00+00:00,353.76,353.9,353.47,353.62,389
2026-07-09T18:36:00+00:00,353.62,353.73,353.41,353.56,345
2026-07-09T18:39:00+00:00,353.56,353.72,353.41,353.6,320
2026-07-09T18:42:00+00:00,353.6,353.86,353.41,353.82,338
2026-07-09T18:45:00+00:00,353.82,353.88,353.08,353.15,336
2026-07-09T18:48:00+00:00,353.15,353.38,353.1,353.31,278
2026-07-09T18:51:00+00:00,353.31,353.48,353.23,353.25,267
2026-07-09T18:54:00+00:00,353.25,353.67,353.23,353.64,343
2026-07-09T18:57:00+00:00,353.64,354.01,353.5,353.81,243
2026-07-09T19:00:00+00:00,353.81,353.83,353.59,353.66,242
2026-07-09T19:03:00+00:00,353.66,354.28,353.59,354.13,244
2026-07-09T19:06:00+00:00,354.13,354.15,353.75,354.08,260
2026-07-09T19:09:00+00:00,354.08,354.41,354.05,354.12,286
2026-07-09T19:12:00+00:00,354.12,354.66,354.09,354.55,219
2026-07-09T19:15:00+00:00,354.55,355.12,354.38,354.48,328
2026-07-09T19:18:00+00:00,354.48,354.61,354.12,354.18,304
2026-07-09T19:21:00+00:00,354.18,354.36,354.03,354.08,299
2026-07-09T19:24:00+00:00,354.08,354.54,353.95,354.53,265
2026-07-09T19:27:00+00:00,354.53,354.98,354.49,354.85,272
2026-07-09T19:30:00+00:00,354.85,355.35,354.85,355.22,294
2026-07-09T19:33:00+00:00,355.22,355.54,355.17,355.24,274
2026-07-09T19:36:00+00:00,355.24,355.34,355.01,355.03,254
2026-07-09T19:39:00+00:00,355.03,355.37,355.01,355.15,313
2026-07-09T19:42:00+00:00,355.15,355.25,355.03,355.08,214
2026-07-09T19:45:00+00:00,355.08,355.39,355.01,355.33,281
2026-07-09T19:48:00+00:00,355.33,356.13,355.33,356.01,439
2026-07-09T19:51:00+00:00,356.01,356.25,355.4,356.07,695
2026-07-09T19:54:00+00:00,356.07,356.52,355.69,356.18,946
2026-07-09T19:57:00+00:00,356.18,356.33,355.48,356.26,1157
2026-07-10T13:30:00+00:00,356.26,356.26,351.84,352.77,1012
2026-07-10T13:33:00+00:00,352.77,354.27,352.77,354.23,773
2026-07-10T13:36:00+00:00,354.23,354.76,353.89,354.25,694
2026-07-10T13:39:00+00:00,354.25,355.1,353.99,354.34,548
2026-07-10T13:42:00+00:00,354.34,354.42,353.28,353.59,616
2026-07-10T13:45:00+00:00,353.59,353.77,353.07,353.68,708
2026-07-10T13:48:00+00:00,353.68,353.99,353.53,353.61,529
2026-07-10T13:51:00+00:00,353.61,353.91,353.07,353.58,463
2026-07-10T13:54:00+00:00,353.58,354.27,353.46,354.09,484
2026-07-10T13:57:00+00:00,354.09,354.75,353.9,354.1,551
2026-07-10T14:00:00+00:00,354.1,354.89,353.39,353.62,669
2026-07-10T14:03:00+00:00,353.62,354.25,353.38,353.4,440
2026-07-10T14:06:00+00:00,353.4,353.41,352.16,352.99,627
2026-07-10T14:09:00+00:00,352.99,354.36,352.74,354.14,485
2026-07-10T14:12:00+00:00,354.14,354.56,352.78,352.8,597
2026-07-10T14:15:00+00:00,352.8,352.95,352.43,352.46,624
2026-07-10T14:18:00+00:00,352.46,353.18,352.46,353.01,532
2026-07-10T14:21:00+00:00,353.01,353.28,352.64,353,624
2026-07-10T14:24:00+00:00,353,353.26,352.83,353.24,511
2026-07-10T14:27:00+00:00,353.24,353.64,353.08,353.14,387
2026-07-10T14:30:00+00:00,353.14,353.37,351.89,351.89,631
2026-07-10T14:33:00+00:00,351.89,352.63,351.13,352.03,823
2026-07-10T14:36:00+00:00,352.03,352.62,351.72,352.26,413
2026-07-10T14:39:00+00:00,352.26,352.66,351.98,352.11,571
2026-07-10T14:42:00+00:00,352.11,352.49,351.88,352.18,354
2026-07-10T14:45:00+00:00,352.18,352.19,351.39,351.41,461
2026-07-10T14:48:00+00:00,351.41,352.01,351.14,351.68,413
2026-07-10T14:51:00+00:00,351.68,351.77,351.49,351.61,300
2026-07-10T14:54:00+00:00,351.61,351.67,350.89,350.96,432
2026-07-10T14:57:00+00:00,350.96,351.19,-1432.9999999999998,-1432.9099999999999,465.84455225389127
2026-07-10T15:00:00+00:00,350.92,351.18,350.78,350.8,443
2026-07-10T15:03:00+00:00,350.8,351.05,350.58,350.87,451
2026-07-10T15:06:00+00:00,350.87,351,350.61,350.96,321
2026-07-10T15:09:00+00:00,350.96,351.69,350.91,351.69,341
2026-07-10T15:12:00+00:00,351.69,351.69,351.31,351.41,235
2026-07-10T15:15:00+00:00,351.41,352.04,351.34,351.72,378
2026-07-10T15:18:00+00:00,351.72,351.96,351.59,351.61,319
2026-07-10T15:21:00+00:00,351.61,351.77,351.48,351.67,236
2026-07-10T15:24:00+00:00,351.67,351.96,351.48,351.78,366
2026-07-10T15:27:00+00:00,351.78,352.04,351.64,351.91,248
2026-07-10T15:30:00+00:00,351.91,352.38,351.91,352.09,284
2026-07-10T15:33:00+00:00,352.09,352.12,351.81,351.9,282
2026-07-10T15:36:00+00:00,351.9,352.14,351.83,351.87,316
2026-07-10T15:39:00+00:00,351.87,352.15,351.63,351.69,413
2026-07-10T15:42:00+00:00,351.69,352.14,351.59,351.88,422
2026-07-10T15:45:00+00:00,351.88,352.07,351.39,351.96,557
2026-07-10T15:48:00+00:00,351.96,352.5,351.94,352.22,450
2026-07-10T15:51:00+00:00,352.22,353,352.13,352.9,334
2026-07-10T15:54:00+00:00,352.9,353.04,352.58,352.67,225
2026-07-10T15:57:00+00:00,352.67,352.79,352.33,352.45,240
2026-07-10T16:00:00+00:00,352.45,352.64,352.18,352.41,320
2026-07-10T16:03:00+00:00,352.41,352.51,352.13,352.35,274
2026-07-10T16:06:00+00:00,352.35,352.48,352.18,352.37,200
2026-07-10T16:09:00+00:00,352.37,352.66,352.2,352.53,279
2026-07-10T16:12:00+00:00,352.53,352.99,352.53,352.78,200
2026-07-10T16:15:00+00:00,352.78,353.01,352.73,352.92,253
2026-07-10T16:18:00+00:00,352.92,353.04,352.76,352.83,249
2026-07-10T16:21:00+00:00,352.83,353,352.65,352.86,206
2026-07-10T16:24:00+00:00,352.86,352.98,352.71,352.72,225
2026-07-10T16:27:00+00:00,352.72,352.85,352.65,352.85,221
2026-07-10T16:30:00+00:00,352.85,353.68,352.73,353.66,311
2026-07-10T16:33:00+00:00,353.66,353.7,353.03,353.05,332
2026-07-10T16:36:00+00:00,353.05,353.17,352.88,353.01,283
2026-07-10T16:39:00+00:00,353.01,353.59,353.01,353.43,256
2026-07-10T16:42:00+00:00,353.43,353.72,353.42,353.52,308
2026-07-10T16:45:00+00:00,353.52,353.68,353.01,353.16,344
2026-07-10T16:48:00+00:00,353.16,353.4,353.07,353.31,289
2026-07-10T16:51:00+00:00,353.31,353.31,353,353.05,279
2026-07-10T16:54:00+00:00,353.05,353.31,353,353.01,310
2026-07-10T16:57:00+00:00,353.01,353.07,352.83,352.99,362
2026-07-10T17:00:00+00:00,352.99,353.01,352.58,352.62,338
2026-07-10T17:03:00+00:00,352.62,352.71,352.46,352.56,244
2026-07-10T17:06:00+00:00,352.56,352.64,352.46,352.56,147
2026-07-10T17:09:00+00:00,352.56,352.6,352.4,352.45,232
2026-07-10T17:12:00+00:00,352.45,352.49,352.28,352.46,268
2026-07-10T17:15:00+00:00,352.46,352.67,352.35,352.42,321
2026-07-10T17:18:00+00:00,352.42,352.62,352.38,352.4,157
2026-07-10T17:21:00+00:00,352.4,352.55,352.18,352.25,171
2026-07-10T17:24:00+00:00,352.25,352.46,352.09,352.11,166
2026-07-10T17:27:00+00:00,352.11,352.15,351.98,352.04,134
2026-07-10T17:30:00+00:00,352.04,352.13,351.76,351.89,174
2026-07-10T17:33:00+00:00,351.89,352.09,351.76,352.02,251
2026-07-10T17:36:00+00:00,352.02,352.15,351.9,351.99,178
2026-07-10T17:39:00+00:00,351.99,351.99,351.69,351.78,180
2026-07-10T17:42:00+00:00,351.78,351.78,351.43,351.43,225
2026-07-10T17:45:00+00:00,351.43,351.82,351.43,351.82,306
2026-07-10T17:48:00+00:00,351.82,351.9,351.68,351.82,175
2026-07-10T17:51:00+00:00,351.82,351.99,351.78,351.89,209
2026-07-10T17:54:00+00:00,351.89,352.26,351.89,352.18,308
2026-07-10T17:57:00+00:00,352.18,352.66,352.18,352.5,341
2026-07-10T18:00:00+00:00,352.5,352.57,352.29,352.44,366
2026-07-10T18:03:00+00:00,352.44,352.9,352.36,352.73,278
2026-07-10T18:06:00+00:00,352.73,353.01,352.72,352.93,335
2026-07-10T18:09:00+00:00,352.93,353.11,352.88,352.89,307
2026-07-10T18:12:00+00:00,352.89,353.11,352.79,353.05,172
2026-07-10T18:15:00+00:00,353.05,353.15,352.89,352.97,120
2026-07-10T18:18:00+00:00,352.97,353.11,352.9,352.9,235
2026-07-10T18:21:00+00:00,352.9,353.1,352.88,353.04,156
2026-07-10T18:24:00+00:00,353.04,353.37,353,353.13,259
2026-07-10T18:27:00+00:00,353.13,353.38,353.13,353.33,146
2026-07-10T18:30:00+00:00,353.33,353.45,353.13,353.19,362
2026-07-10T18:33:00+00:00,353.19,353.29,353.05,353.1,253
2026-07-10T18:36:00+00:00,353.1,353.32,353.06,353.3,233
2026-07-10T18:39:00+00:00,353.3,353.38,353.19,353.22,215
2026-07-10T18:42:00+00:00,353.22,353.64,353.2,353.48,256
2026-07-10T18:45:00+00:00,353.48,353.62,353.39,353.42,163
2026-07-10T18:48:00+00:00,353.42,353.58,353.1,353.18,225
2026-07-10T18:51:00+00:00,353.18,353.41,352.98,353.24,143
2026-07-10T18:54:00+00:00,353.24,353.35,353.05,353.24,178
2026-07-10T18:57:00+00:00,353.24,353.37,353.1,353.22,156
2026-07-10T19:00:00+00:00,353.22,353.51,353.21,353.37,256
2026-07-10T19:03:00+00:00,353.37,353.56,353.28,353.34,144
2026-07-10T19:06:00+00:00,353.34,353.55,353.3,353.45,185
2026-07-10T19:09:00+00:00,353.45,353.57,353.33,353.52,143
2026-07-10T19:12:00+00:00,353.52,353.8,353.52,353.62,193
2026-07-10T19:15:00+00:00,353.62,354.03,353.58,354.01,211
2026-07-10T19:18:00+00:00,354.01,354.24,353.99,354.14,228
2026-07-10T19:21:00+00:00,354.14,354.17,353.98,354.05,228
2026-07-10T19:24:00+00:00,354.05,354.28,353.96,354.15,325
2026-07-10T19:27:00+00:00,354.15,354.24,353.93,354.08,254
2026-07-10T19:30:00+00:00,354.08,354.19,353.88,354.01,306
2026-07-10T19:33:00+00:00,354.01,354.37,353.99,354.14,348
2026-07-10T19:36:00+00:00,354.14,354.28,353.98,354.02,253
2026-07-10T19:39:00+00:00,354.02,354.21,353.95,354.16,344
2026-07-10T19:42:00+00:00,354.16,354.24,354.01,354.23,355
2026-07-10T19:45:00+00:00,354.23,354.74,354.11,354.74,380
2026-07-10T19:48:00+00:00,354.74,354.88,354.39,354.42,415
2026-07-10T19:51:00+00:00,354.42,354.78,354.42,354.58,342
2026-07-10T19:54:00+00:00,354.58,355.32,354.17,355.2,576
2026-07-10T19:57:00+00:00,355.2,355.27,354.72,354.88,654
2026-07-13T13:30:00+00:00,354.88,354.88,351.88,353.52,454
2026-07-13T13:33:00+00:00,353.52,353.52,351.98,352.41,591
2026-07-13T13:36:00+00:00,352.41,354,352.41,353.62,774
2026-07-13T13:39:00+00:00,353.62,354.42,353.54,354.31,683
2026-07-13T13:42:00+00:00,354.31,354.91,354.25,354.86,768
2026-07-13T13:45:00+00:00,354.86,355.5,353.88,353.9,766
2026-07-13T13:48:00+00:00,353.9,354.02,352.47,352.6,918
2026-07-13T13:51:00+00:00,352.6,353.43,351.92,353.37,896
2026-07-13T13:54:00+00:00,353.37,354.06,352.99,353.39,696
2026-07-13T13:57:00+00:00,353.39,354.33,353,354.3,676
2026-07-13T14:00:00+00:00,354.3,354.42,353.31,353.49,490
2026-07-13T14:03:00+00:00,353.49,353.76,352.88,353.18,302
2026-07-13T14:06:00+00:00,353.18,353.48,352.39,352.53,362
2026-07-13T14:09:00+00:00,352.53,353.35,352.47,353.31,380
2026-07-13T14:12:00+00:00,353.31,353.67,353.06,353.14,330
2026-07-13T14:15:00+00:00,353.14,353.28,351.51,352.28,641
2026-07-13T14:18:00+00:00,352.28,352.49,351.9,352.3,326
2026-07-13T14:21:00+00:00,352.3,352.43,351.89,352.07,394
2026-07-13T14:24:00+00:00,352.07,352.78,352.07,352.6,393
2026-07-13T14:27:00+00:00,352.6,353.01,352.5,352.93,394
2026-07-13T14:30:00+00:00,352.93,352.97,352.36,352.47,549
2026-07-13T14:33:00+00:00,352.47,352.7,352.18,352.22,399
2026-07-13T14:36:00+00:00,352.22,352.47,352.18,352.23,309
2026-07-13T14:39:00+00:00,352.23,352.29,351.67,352.11,457
2026-07-13T14:42:00+00:00,352.11,352.3,351.75,351.92,516
2026-07-13T14:45:00+00:00,351.92,352.29,351.79,352.22,412
2026-07-13T14:48:00+00:00,352.22,352.64,352.17,352.61,405
2026-07-13T14:51:00+00:00,352.61,352.64,352.2,352.36,524
2026-07-13T14:54:00+00:00,352.36,353.01,352.27,352.76,504
2026-07-13T14:57:00+00:00,352.76,352.83,352.52,352.67,400
2026-07-13T15:00:00+00:00,352.67,353.03,352.4,352.9,395
2026-07-13T15:03:00+00:00,352.9,353.22,352.8,353.2,290
2026-07-13T15:06:00+00:00,353.2,353.57,353.11,353.42,349
2026-07-13T15:09:00+00:00,353.42,353.6,352.88,352.91,414
2026-07-13T15:12:00+00:00,352.91,352.94,352.39,352.52,257
2026-07-13T15:15:00+00:00,352.52,352.61,352.28,352.6,291
2026-07-13T15:18:00+00:00,352.6,352.72,352.38,352.51,250
2026-07-13T15:21:00+00:00,352.51,352.63,352.34,352.4,324
2026-07-13T15:24:00+00:00,352.4,352.54,352.03,352.18,417
2026-07-13T15:27:00+00:00,352.18,352.57,352.1,352.44,299
2026-07-13T15:30:00+00:00,352.44,352.5,351.94,352.12,367
2026-07-13T15:33:00+00:00,352.12,352.32,351.94,352.08,354
2026-07-13T15:36:00+00:00,352.08,352.19,351.9,352.09,294
2026-07-13T15:39:00+00:00,352.09,352.71,352.06,352.56,269
2026-07-13T15:42:00+00:00,352.56,352.57,352.05,352.06,291
2026-07-13T15:45:00+00:00,352.06,352.24,352.05,352.16,225
2026-07-13T15:48:00+00:00,352.16,352.33,352.05,352.14,310
2026-07-13T15:51:00+00:00,352.14,352.32,352.05,352.3,359
2026-07-13T15:54:00+00:00,352.3,352.72,352.18,352.66,332
2026-07-13T15:57:00+00:00,352.66,352.72,352.38,352.68,363
2026-07-13T16:00:00+00:00,352.68,352.91,352.52,352.76,336
2026-07-13T16:03:00+00:00,352.76,352.98,352.48,352.66,272
2026-07-13T16:06:00+00:00,352.66,352.87,352.57,352.72,342
2026-07-13T16:09:00+00:00,352.72,353.02,352.57,352.9,348
2026-07-13T16:12:00+00:00,352.9,353.01,352.74,353,296
2026-07-13T16:15:00+00:00,353,353.29,352.91,353.13,388
2026-07-13T16:18:00+00:00,353.13,353.28,352.88,352.98,401
2026-07-13T16:21:00+00:00,352.98,353.15,352.85,352.94,327
2026-07-13T16:24:00+00:00,352.94,353.18,352.81,353.07,319
2026-07-13T16:27:00+00:00,353.07,353.33,352.83,353.31,310
2026-07-13T16:30:00+00:00,353.31,353.31,352.9,353.09,432
2026-07-13T16:33:00+00:00,353.09,353.25,352.83,352.88,499
2026-07-13T16:36:00+00:00,352.88,353.31,352.77,353.23,570
2026-07-13T16:39:00+00:00,353.23,353.47,353.15,353.32,600
2026-07-13T16:42:00+00:00,353.32,353.74,353.22,353.61,404
2026-07-13T16:45:00+00:00,353.61,354.04,353.5,353.53,414
2026-07-13T16:48:00+00:00,353.53,353.6,352.81,352.82,474
2026-07-13T16:51:00+00:00,352.82,352.99,352.23,352.41,433
2026-07-13T16:54:00+00:00,352.41,352.67,352.23,352.59,349
2026-07-13T16:57:00+00:00,352.59,352.89,352.38,352.74,428
2026-07-13T17:00:00+00:00,352.74,352.89,352.6,352.77,388
2026-07-13T17:03:00+00:00,352.77,353.04,352.62,352.64,354
2026-07-13T17:06:00+00:00,352.64,352.92,352.62,352.79,327
2026-07-13T17:09:00+00:00,352.79,353.2,352.77,353.03,332
2026-07-13T17:12:00+00:00,353.03,353.4,352.97,353.23,317
2026-07-13T17:15:00+00:00,353.23,353.7,352.89,353.62,360
2026-07-13T17:18:00+00:00,353.62,353.75,353.52,353.68,250
2026-07-13T17:21:00+00:00,353.68,353.88,353.43,353.48,334
2026-07-13T17:24:00+00:00,353.48,353.72,353.26,353.6,390
2026-07-13T17:27:00+00:00,353.6,353.61,353.19,353.19,278
2026-07-13T17:30:00+00:00,353.19,353.31,352.68,352.82,474
2026-07-13T17:33:00+00:00,352.82,352.93,352.38,352.42,388
2026-07-13T17:36:00+00:00,352.42,352.98,352.39,352.54,327
2026-07-13T17:39:00+00:00,352.54,353.09,352.5,353.02,443
2026-07-13T17:42:00+00:00,353.02,353.11,352.8,353.1,360
2026-07-13T17:45:00+00:00,353.1,353.21,352.75,352.92,379
2026-07-13T17:48:00+00:00,352.92,353.26,352.82,353.25,308
2026-07-13T17:51:00+00:00,353.25,353.25,352.88,352.94,315
2026-07-13T17:54:00+00:00,352.94,353.04,352.88,352.88,282
2026-07-13T17:57:00+00:00,352.88,352.9,352.54,352.63,310
2026-07-13T18:00:00+00:00,352.63,352.77,352.49,352.7,388
2026-07-13T18:03:00+00:00,352.7,352.7,352.38,352.59,248
2026-07-13T18:06:00+00:00,352.59,352.84,352.51,352.78,250
2026-07-13T18:09:00+00:00,352.78,352.87,352.67,352.68,288
2026-07-13T18:12:00+00:00,352.68,353.46,352.68,353.34,321
2026-07-13T18:15:00+00:00,353.34,353.44,353.2,353.29,271
2026-07-13T18:18:00+00:00,353.29,353.31,352.74,353.01,351
2026-07-13T18:21:00+00:00,353.01,353.08,352.78,353.06,315
2026-07-13T18:24:00+00:00,353.06,353.3,352.92,353.02,387
2026-07-13T18:27:00+00:00,353.02,353.18,352.88,352.98,285
2026-07-13T18:30:00+00:00,352.98,352.99,352.72,352.78,467
2026-07-13T18:33:00+00:00,352.78,352.88,352.43,352.43,340
2026-07-13T18:36:00+00:00,352.43,352.75,352.38,352.62,398
2026-07-13T18:39:00+00:00,352.62,352.92,352.48,352.56,436
2026-07-13T18:42:00+00:00,352.56,352.77,352.55,352.59,357
2026-07-13T18:45:00+00:00,352.59,352.71,352.29,352.29,324
2026-07-13T18:48:00+00:00,352.29,352.54,352.16,352.32,247
2026-07-13T18:51:00+00:00,352.32,352.66,352.29,352.56,302
2026-07-13T18:54:00+00:00,352.56,352.62,352.38,352.39,182
2026-07-13T18:57:00+00:00,352.39,352.46,352.1,352.13,304
2026-07-13T19:00:00+00:00,352.13,352.3,351.88,352.23,274
2026-07-13T19:03:00+00:00,352.23,352.41,352.12,352.26,198
2026-07-13T19:06:00+00:00,352.26,352.6,352.18,352.52,316
2026-07-13T19:09:00+00:00,352.52,352.71,352.47,352.59,331
2026-07-13T19:12:00+00:00,352.59,352.62,351.92,352.09,360
2026-07-13T19:15:00+00:00,352.09,352.13,351.94,352.07,330
2026-07-13T19:18:00+00:00,352.07,352.12,351.78,351.78,260
2026-07-13T19:21:00+00:00,351.78,351.87,351.58,351.67,319
2026-07-13T19:24:00+00:00,351.67,351.8,351.4,351.4,289
2026-07-13T19:27:00+00:00,351.4,351.57,351.21,351.46,398
2026-07-13T19:30:00+00:00,351.46,351.46,351.09,351.23,334
2026-07-13T19:33:00+00:00,351.23,351.35,350.73,350.74,310
2026-07-13T19:36:00+00:00,350.74,350.75,350.21,350.33,419
2026-07-13T19:39:00+00:00,350.33,350.51,350.23,350.29,356
2026-07-13T19:42:00+00:00,350.29,350.4,350.09,350.4,289
2026-07-13T19:45:00+00:00,350.4,350.69,350.35,350.48,436
2026-07-13T19:48:00+00:00,350.48,350.68,349.86,349.9,442
2026-07-13T19:51:00+00:00,349.9,350.28,349.85,349.99,771
2026-07-13T19:54:00+00:00,349.99,350.64,349.66,350.55,951
2026-07-13T19:57:00+00:00,350.55,350.82,350.38,350.79,1165
2026-07-14T13:30:00+00:00,350.79,351.83,347.09,350.89,897
2026-07-14T13:33:00+00:00,350.89,351.48,349.88,350.45,650
2026-07-14T13:36:00+00:00,350.45,350.8,349.98,350.63,649
2026-07-14T13:39:00+00:00,350.63,351.19,349.97,351.19,588
2026-07-14T13:42:00+00:00,351.19,351.72,350.51,351.28,891
2026-07-14T13:45:00+00:00,351.28,352.48,350.89,351.02,1122
2026-07-14T13:48:00+00:00,351.02,351.26,349.92,351.18,902
2026-07-14T13:51:00+00:00,351.18,351.37,350.55,350.82,918
2026-07-14T13:54:00+00:00,350.82,351.42,350.56,351.21,877
2026-07-14T13:57:00+00:00,351.21,351.6,350.98,351.44,633
2026-07-14T14:00:00+00:00,351.44,351.71,350.92,351.4,895
2026-07-14T14:03:00+00:00,351.4,351.46,350.66,351.21,871
2026-07-14T14:06:00+00:00,351.21,352.05,350.97,351.77,839
2026-07-14T14:09:00+00:00,351.77,352.16,351.14,351.35,828
2026-07-14T14:12:00+00:00,351.35,352.2,351.26,352.14,654
2026-07-14T14:15:00+00:00,352.14,352.38,351.26,351.63,781
2026-07-14T14:18:00+00:00,351.63,352.4,351.39,352.37,778
2026-07-14T14:21:00+00:00,352.37,352.95,352.14,352.82,680
2026-07-14T14:24:00+00:00,352.82,353.88,352.66,353.59,726
2026-07-14T14:27:00+00:00,353.59,353.94,353.34,353.6,828
2026-07-14T14:30:00+00:00,353.6,354.2,353.39,354.17,619
2026-07-14T14:33:00+00:00,354.17,354.94,353.88,354.17,1045
2026-07-14T14:36:00+00:00,354.17,354.72,354,354.26,573
2026-07-14T14:39:00+00:00,354.26,355.1,354.26,354.9,463
2026-07-14T14:42:00+00:00,354.9,354.94,354.3,354.5,459
2026-07-14T14:45:00+00:00,354.5,354.85,354.28,354.38,460
2026-07-14T14:48:00+00:00,354.38,354.63,353.91,353.96,467
2026-07-14T14:51:00+00:00,353.96,354.57,353.94,354.27,437
2026-07-14T14:54:00+00:00,354.27,354.53,353.96,354.03,456
2026-07-14T14:57:00+00:00,354.03,354.75,354.01,354.54,391
2026-07-14T15:00:00+00:00,354.54,355.38,354.54,354.9,501
2026-07-14T15:03:00+00:00,354.9,355.49,354.74,355.1,834
2026-07-14T15:06:00+00:00,355.1,355.77,354.99,355.66,414
2026-07-14T15:09:00+00:00,355.66,355.73,355.33,355.66,530
2026-07-14T15:12:00+00:00,355.66,355.81,355.47,355.62,368
2026-07-14T15:15:00+00:00,355.62,355.82,355.48,355.69,407
2026-07-14T15:18:00+00:00,355.69,355.72,354.99,355.33,505
2026-07-14T15:21:00+00:00,355.33,355.48,354.91,355.19,546
2026-07-14T15:24:00+00:00,355.19,355.52,354.95,355.25,355
2026-07-14T15:27:00+00:00,355.25,355.62,355.15,355.52,416
2026-07-14T15:30:00+00:00,355.52,355.95,355.45,355.58,483
2026-07-14T15:33:00+00:00,355.58,355.75,354.88,355.02,585
2026-07-14T15:36:00+00:00,355.02,355.27,354.67,354.75,537
2026-07-14T15:39:00+00:00,354.75,354.79,353.69,353.75,544
2026-07-14T15:42:00+00:00,353.75,354.06,353.18,353.89,548
2026-07-14T15:45:00+00:00,353.89,354.07,353.76,353.96,538
2026-07-14T15:48:00+00:00,353.96,354.1,353.5,353.91,394
2026-07-14T15:51:00+00:00,353.91,354.09,353.61,354,345
2026-07-14T15:54:00+00:00,354,354.04,353.58,354.03,400
2026-07-14T15:57:00+00:00,354.03,354.18,353.48,353.56,378
2026-07-14T16:00:00+00:00,353.56,353.7,352.99,353.01,418
2026-07-14T16:03:00+00:00,353.01,353.2,352.76,353.06,374
2026-07-14T16:06:00+00:00,353.06,353.46,352.98,353.46,382
2026-07-14T16:09:00+00:00,353.46,353.59,353.21,353.37,377
2026-07-14T16:12:00+00:00,353.37,353.66,353.27,353.51,312
2026-07-14T16:15:00+00:00,353.51,353.54,353.14,353.36,496
2026-07-14T16:18:00+00:00,353.36,353.51,353.14,353.15,405
2026-07-14T16:21:00+00:00,353.15,353.15,352.75,352.84,417
2026-07-14T16:24:00+00:00,352.84,353.03,352.75,353,433
2026-07-14T16:27:00+00:00,353,353.36,353,353.14,343
2026-07-14T16:30:00+00:00,353.14,353.23,352.24,352.26,579
2026-07-14T16:33:00+00:00,352.26,352.71,352.14,352.6,403
2026-07-14T16:36:00+00:00,352.6,352.99,352.58,352.91,440
2026-07-14T16:39:00+00:00,352.91,353.67,352.91,353.57,339
2026-07-14T16:42:00+00:00,353.57,353.73,353.33,353.58,253
2026-07-14T16:45:00+00:00,353.58,353.9,353.25,353.55,308
2026-07-14T16:48:00+00:00,353.55,353.61,353.26,353.6,254
2026-07-14T16:51:00+00:00,353.6,353.77,353.36,353.56,284
2026-07-14T16:54:00+00:00,353.56,353.94,353.38,353.94,240
2026-07-14T16:57:00+00:00,353.94,353.94,353.63,353.75,195
2026-07-14T17:00:00+00:00,353.75,354.27,353.65,354.21,342
2026-07-14T17:03:00+00:00,354.21,354.37,354.01,354.18,349
2026-07-14T17:06:00+00:00,354.18,354.26,353.97,354.15,289
2026-07-14T17:09:00+00:00,354.15,354.43,354.13,354.34,241
2026-07-14T17:12:00+00:00,354.34,354.7,354.13,354.55,279
2026-07-14T17:15:00+00:00,354.55,354.82,354.25,354.57,450
2026-07-14T17:18:00+00:00,354.57,355.03,354.57,355.02,256
2026-07-14T17:21:00+00:00,355.02,355.37,354.83,355.35,293
2026-07-14T17:24:00+00:00,355.35,355.96,355.35,355.82,427
2026-07-14T17:27:00+00:00,355.82,356,355.71,355.91,255
2026-07-14T17:30:00+00:00,355.91,356.46,355.89,356.26,448
2026-07-14T17:33:00+00:00,356.26,356.55,355.91,355.91,467
2026-07-14T17:36:00+00:00,355.91,356.08,355.69,355.9,282
2026-07-14T17:39:00+00:00,355.9,356.11,355.65,355.75,235
2026-07-14T17:42:00+00:00,355.75,355.81,355.49,355.74,230
2026-07-14T17:45:00+00:00,355.74,355.89,355.43,355.66,396
2026-07-14T17:48:00+00:00,355.66,355.93,355.33,355.4,289
2026-07-14T17:51:00+00:00,355.4,355.49,355.14,355.26,296
2026-07-14T17:54:00+00:00,355.26,355.4,355.13,355.4,231
2026-07-14T17:57:00+00:00,355.4,355.51,355.16,355.21,350
2026-07-14T18:00:00+00:00,355.21,355.31,354.55,354.89,386
2026-07-14T18:03:00+00:00,354.89,355.18,354.68,354.9,376
2026-07-14T18:06:00+00:00,354.9,355.05,354.77,355.05,298
2026-07-14T18:09:00+00:00,355.05,355.2,354.83,354.9,261
2026-07-14T18:12:00+00:00,354.9,354.9,354.5,354.74,227
2026-07-14T18:15:00+00:00,354.74,355.09,354.7,354.9,290
2026-07-14T18:18:00+00:00,354.9,355.07,354.63,355.07,229
2026-07-14T18:21:00+00:00,355.07,355.09,354.77,354.83,288
2026-07-14T18:24:00+00:00,354.83,355.5,354.79,355.41,319
2026-07-14T18:27:00+00:00,355.41,355.61,354.95,354.95,169
2026-07-14T18:30:00+00:00,354.95,355.03,354.64,354.8,354
2026-07-14T18:33:00+00:00,354.8,354.85,354.52,354.56,357
2026-07-14T18:36:00+00:00,354.56,355.26,354.38,355.2,474
2026-07-14T18:39:00+00:00,355.2,355.32,354.39,355.1,488
2026-07-14T18:42:00+00:00,355.1,355.19,354.87,354.95,402
2026-07-14T18:45:00+00:00,354.95,355.25,354.93,355.24,193
2026-07-14T18:48:00+00:00,355.24,355.48,355.11,355.42,246
2026-07-14T18:51:00+00:00,355.42,355.72,355.4,355.67,213
2026-07-14T18:54:00+00:00,355.67,355.79,355.54,355.61,244
2026-07-14T18:57:00+00:00,355.61,355.87,355.54,355.83,273
2026-07-14T19:00:00+00:00,355.83,356.52,355.81,356.48,375
2026-07-14T19:03:00+00:00,356.48,356.81,356.42,356.64,352
2026-07-14T19:06:00+00:00,356.64,356.86,356.5,356.72,261
2026-07-14T19:09:00+00:00,356.72,356.99,356.4,356.51,288
2026-07-14T19:12:00+00:00,356.51,356.9,356.47,356.66,272
2026-07-14T19:15:00+00:00,356.66,356.81,356.41,356.71,306
2026-07-14T19:18:00+00:00,356.71,356.81,356.28,356.58,273
2026-07-14T19:21:00+00:00,356.58,356.94,356.46,356.89,327
2026-07-14T19:24:00+00:00,356.89,356.99,356.78,356.94,250
2026-07-14T19:27:00+00:00,356.94,357.18,356.88,357.09,344
2026-07-14T19:30:00+00:00,357.09,357.25,356.46,357.17,785
2026-07-14T19:33:00+00:00,357.17,357.2,356.86,356.92,370
2026-07-14T19:36:00+00:00,356.92,357.39,356.91,357.16,433
2026-07-14T19:39:00+00:00,357.16,357.46,357.03,357.26,301
2026-07-14T19:42:00+00:00,357.26,357.38,356.92,357.09,378
2026-07-14T19:45:00+00:00,357.09,357.45,356.95,357.21,372
2026-07-14T19:48:00+00:00,357.21,357.66,357.18,357.41,482
2026-07-14T19:51:00+00:00,357.41,357.59,356.8,357.07,544
2026-07-14T19:54:00+00:00,357.07,357.34,356.8,357.33,863
2026-07-14T19:57:00+00:00,357.33,357.56,356.64,357.34,1139
2026-07-15T13:30:00+00:00,357.34,361.3,354.88,360.42,1008
2026-07-15T13:33:00+00:00,360.42,361.2,358.92,359.95,625
2026-07-15T13:36:00+00:00,359.95,361.83,359.95,361.63,628
2026-07-15T13:39:00+00:00,361.63,361.78,360.63,361.32,725
2026-07-15T13:42:00+00:00,361.32,362.05,360.45,361.68,618
2026-07-15T13:45:00+00:00,361.68,362.06,361.36,361.82,731
2026-07-15T13:48:00+00:00,361.82,362.12,360.37,360.45,729
2026-07-15T13:51:00+00:00,360.45,361.26,360.26,360.95,780
2026-07-15T13:54:00+00:00,360.95,362.21,360.85,361.9,840
2026-07-15T13:57:00+00:00,361.9,362.01,361.03,361.63,689
2026-07-15T14:00:00+00:00,361.63,363.01,361.54,362.8,860
2026-07-15T14:03:00+00:00,362.8,363.28,362.48,362.86,594
2026-07-15T14:06:00+00:00,362.86,363,362.44,362.7,582
2026-07-15T14:09:00+00:00,362.7,363.2,362.38,362.73,697
2026-07-15T14:12:00+00:00,362.73,364.12,362.71,363.17,668
2026-07-15T14:15:00+00:00,363.17,364.77,363.17,363.92,830
2026-07-15T14:18:00+00:00,363.92,364.65,363.38,363.97,840
2026-07-15T14:21:00+00:00,363.97,364.47,363.06,363.06,780
2026-07-15T14:24:00+00:00,363.06,363.15,362.17,362.68,917
2026-07-15T14:27:00+00:00,362.68,364.49,362.57,364.11,703
2026-07-15T14:30:00+00:00,364.11,365.15,363.93,364.91,698
2026-07-15T14:33:00+00:00,364.91,366.09,364.63,365.97,757
2026-07-15T14:36:00+00:00,365.97,366.8,365.79,366.29,777
2026-07-15T14:39:00+00:00,366.29,367.06,366.11,366.28,845
2026-07-15T14:42:00+00:00,366.28,366.28,365.1,365.12,964
2026-07-15T14:45:00+00:00,365.12,366,364.77,365.37,724
2026-07-15T14:48:00+00:00,365.37,365.84,365.02,365.19,786
2026-07-15T14:51:00+00:00,365.19,365.5,364.92,365.44,582
2026-07-15T14:54:00+00:00,365.44,365.48,364.89,365.46,620
2026-07-15T14:57:00+00:00,365.46,365.49,-1418.6799999999998,-1418.6799999999998,560.1281219591308
2026-07-15T15:00:00+00:00,365.18,366.24,365.03,366.12,780
2026-07-15T15:03:00+00:00,366.12,367.3,366.09,366.9,619
2026-07-15T15:06:00+00:00,366.9,367.67,366.72,367.28,748
2026-07-15T15:09:00+00:00,367.28,368.07,367.16,367.42,641
2026-07-15T15:12:00+00:00,367.42,367.96,367.32,367.87,526
2026-07-15T15:15:00+00:00,367.87,367.95,367.43,367.53,671
2026-07-15T15:18:00+00:00,367.53,367.8,367.29,367.76,517
2026-07-15T15:21:00+00:00,367.76,367.92,367.17,367.64,575
2026-07-15T15:24:00+00:00,367.64,369.26,367.64,368.94,592
2026-07-15T15:27:00+00:00,368.94,369.42,368.6,369.19,598
2026-07-15T15:30:00+00:00,369.19,369.89,368.98,369.89,612
2026-07-15T15:33:00+00:00,369.89,370.35,369.85,370.25,603
2026-07-15T15:36:00+00:00,370.25,370.49,369.84,370.18,566
2026-07-15T15:39:00+00:00,370.18,370.21,369.4,369.78,584
2026-07-15T15:42:00+00:00,369.78,370.25,369.56,369.66,528
2026-07-15T15:45:00+00:00,369.66,370.71,369.56,370.36,573
2026-07-15T15:48:00+00:00,370.36,370.36,369.44,369.54,605
2026-07-15T15:51:00+00:00,369.54,369.6,368.59,369.06,565
2026-07-15T15:54:00+00:00,369.06,369.52,369.01,369.47,539
2026-07-15T15:57:00+00:00,369.47,370.38,369.23,369.9,543
2026-07-15T16:00:00+00:00,369.9,369.95,369.36,369.68,663
2026-07-15T16:03:00+00:00,369.68,370.65,369.47,370.63,569
2026-07-15T16:06:00+00:00,370.63,370.75,370,370.03,655
2026-07-15T16:09:00+00:00,370.03,371.46,370.02,371.25,449
2026-07-15T16:12:00+00:00,371.25,371.34,370.82,370.83,720
2026-07-15T16:15:00+00:00,370.83,371.17,370.6,371.06,698
2026-07-15T16:18:00+00:00,371.06,371.35,370.88,371.05,593
2026-07-15T16:21:00+00:00,371.05,371.18,370.28,370.92,650
2026-07-15T16:24:00+00:00,370.92,371.95,370.92,371.86,678
2026-07-15T16:27:00+00:00,371.86,371.87,371.04,371.08,662
2026-07-15T16:30:00+00:00,371.08,371.38,370.41,370.68,661
2026-07-15T16:33:00+00:00,370.68,371.16,370.52,370.62,673
2026-07-15T16:36:00+00:00,370.62,371.26,370.46,371.2,621
2026-07-15T16:39:00+00:00,371.2,371.45,370.88,371.25,607
2026-07-15T16:42:00+00:00,371.25,371.44,370.65,370.69,549
2026-07-15T16:45:00+00:00,370.69,370.78,369.99,370.13,757
2026-07-15T16:48:00+00:00,370.13,370.81,370.11,370.42,457
2026-07-15T16:51:00+00:00,370.42,370.52,369.52,370.02,499
2026-07-15T16:54:00+00:00,370.02,370.26,369.73,370.14,457
2026-07-15T16:57:00+00:00,370.14,370.7,370.01,370.7,355
2026-07-15T17:00:00+00:00,370.7,371.1,370.27,370.56,512
2026-07-15T17:03:00+00:00,370.56,370.65,370.08,370.35,509
2026-07-15T17:06:00+00:00,370.35,370.92,370.33,370.67,407
2026-07-15T17:09:00+00:00,370.67,370.76,370.23,370.31,283
2026-07-15T17:12:00+00:00,370.31,370.37,369.77,369.9,450
2026-07-15T17:15:00+00:00,369.9,370,369.13,369.14,410
2026-07-15T17:18:00+00:00,369.14,369.64,368.98,369.04,481
2026-07-15T17:21:00+00:00,369.04,369.39,368.69,369.28,375
2026-07-15T17:24:00+00:00,369.28,369.4,368.97,369.02,319
2026-07-15T17:27:00+00:00,369.02,369.48,368.88,369.4,322
2026-07-15T17:30:00+00:00,369.4,369.43,369.14,369.2,392
2026-07-15T17:33:00+00:00,369.2,369.2,368.48,368.64,410
2026-07-15T17:36:00+00:00,368.64,369.22,368.31,369.21,589
2026-07-15T17:39:00+00:00,369.21,369.24,368.83,369.08,508
2026-07-15T17:42:00+00:00,369.08,369.29,369,369.26,413
2026-07-15T17:45:00+00:00,369.26,369.42,368.88,369.3,492
2026-07-15T17:48:00+00:00,369.3,370.21,369.2,370.15,463
2026-07-15T17:51:00+00:00,370.15,370.65,369.98,370.58,463
2026-07-15T17:54:00+00:00,370.58,370.79,370.41,370.51,383
2026-07-15T17:57:00+00:00,370.51,370.84,370.41,370.74,370
2026-07-15T18:00:00+00:00,370.74,370.96,370.53,370.83,324
2026-07-15T18:03:00+00:00,370.83,370.92,370.18,370.62,370
2026-07-15T18:06:00+00:00,370.62,370.75,370.25,370.54,397
2026-07-15T18:09:00+00:00,370.54,370.66,370.21,370.63,365
2026-07-15T18:12:00+00:00,370.63,370.96,370.58,370.95,335
2026-07-15T18:15:00+00:00,370.95,371.45,370.82,371.31,297
2026-07-15T18:18:00+00:00,371.31,371.65,371.16,371.56,320
2026-07-15T18:21:00+00:00,371.56,371.97,371.5,371.78,289
2026-07-15T18:24:00+00:00,371.78,371.78,370.98,370.98,310
2026-07-15T18:27:00+00:00,370.98,371.19,370.83,370.85,270
2026-07-15T18:30:00+00:00,370.85,371.02,370.74,370.94,274
2026-07-15T18:33:00+00:00,370.94,371.16,370.87,371.1,367
2026-07-15T18:36:00+00:00,371.1,371.17,370.87,370.96,374
2026-07-15T18:39:00+00:00,370.96,371.26,370.96,371.18,286
2026-07-15T18:42:00+00:00,371.18,371.18,370.53,370.67,409
2026-07-15T18:45:00+00:00,370.67,370.74,369.6,369.97,436
2026-07-15T18:48:00+00:00,369.97,370.11,369.6,369.98,385
2026-07-15T18:51:00+00:00,369.98,370.19,369.11,369.26,465
2026-07-15T18:54:00+00:00,369.26,369.36,369.04,369.19,407
2026-07-15T18:57:00+00:00,369.19,369.32,368.98,369.1,385
2026-07-15T19:00:00+00:00,369.1,369.65,368.92,369.48,478
2026-07-15T19:03:00+00:00,369.48,369.58,368.91,369.03,442
2026-07-15T19:06:00+00:00,369.03,369.26,368.76,369.09,513
2026-07-15T19:09:00+00:00,369.09,369.32,369.01,369.16,397
2026-07-15T19:12:00+00:00,369.16,369.36,368.79,369.06,446
2026-07-15T19:15:00+00:00,369.06,369.5,368.94,369.35,449
2026-07-15T19:18:00+00:00,369.35,369.69,369.13,369.29,488
2026-07-15T19:21:00+00:00,369.29,369.53,369.16,369.29,385
2026-07-15T19:24:00+00:00,369.29,369.31,368.71,368.82,373
2026-07-15T19:27:00+00:00,368.82,369.15,368.72,369.05,357
2026-07-15T19:30:00+00:00,369.05,369.12,368.31,368.31,552
2026-07-15T19:33:00+00:00,368.31,369.37,368.31,369.2,417
2026-07-15T19:36:00+00:00,369.2,369.74,369.2,369.34,336
2026-07-15T19:39:00+00:00,369.34,369.62,369.31,369.61,358
2026-07-15T19:42:00+00:00,369.61,369.91,369.13,369.6,429
2026-07-15T19:45:00+00:00,369.6,369.82,368.49,368.75,644
2026-07-15T19:48:00+00:00,368.75,368.84,367.97,368.81,652
2026-07-15T19:51:00+00:00,368.81,369.76,368.81,369.68,522
2026-07-15T19:54:00+00:00,369.68,370.43,368.56,370.17,1150
2026-07-15T19:57:00+00:00,370.17,370.28,369.87,370.15,1037
2026-07-16T13:30:00+00:00,370.15,374.13,370.15,371.15,1004
2026-07-16T13:33:00+00:00,371.15,371.59,368.59,368.78,881
2026-07-16T13:36:00+00:00,368.78,371.56,368.62,371.01,871
2026-07-16T13:39:00+00:00,371.01,371.07,368.72,368.76,857
2026-07-16T13:42:00+00:00,368.76,369.47,368.16,368.77,804
2026-07-16T13:45:00+00:00,368.77,370.47,368.57,370.21,910
2026-07-16T13:48:00+00:00,370.21,370.41,369.13,369.48,718
2026-07-16T13:51:00+00:00,369.48,370.29,369.36,370.24,769
2026-07-16T13:54:00+00:00,370.24,370.54,369.37,370.53,699
2026-07-16T13:57:00+00:00,370.53,370.64,369.59,369.71,677
2026-07-16T14:00:00+00:00,369.71,369.98,368.89,369.84,794
2026-07-16T14:03:00+00:00,369.84,370.25,369.39,369.67,710
2026-07-16T14:06:00+00:00,369.67,369.75,368.89,369.42,751
2026-07-16T14:09:00+00:00,369.42,369.87,368.57,369.78,601
2026-07-16T14:12:00+00:00,369.78,370.12,369.47,369.66,579
2026-07-16T14:15:00+00:00,369.66,370.78,369.64,370.56,596
2026-07-16T14:18:00+00:00,370.56,371.34,370.42,371.29,592
2026-07-16T14:21:00+00:00,371.29,371.48,370.81,370.98,584
2026-07-16T14:24:00+00:00,370.98,371.29,370.88,371.13,594
2026-07-16T14:27:00+00:00,371.13,372.22,371.13,372.08,740
2026-07-16T14:30:00+00:00,372.08,373.83,372.08,373.72,821
2026-07-16T14:33:00+00:00,373.72,373.94,373.18,373.18,899
2026-07-16T14:36:00+00:00,373.18,373.68,372.89,373.25,911
2026-07-16T14:39:00+00:00,373.25,373.43,372.43,372.43,584
2026-07-16T14:42:00+00:00,372.43,373.38,372.2,372.69,517
2026-07-16T14:45:00+00:00,372.69,372.72,371.64,372.25,634
2026-07-16T14:48:00+00:00,372.25,372.6,372.07,372.16,672
2026-07-16T14:51:00+00:00,372.16,372.83,372.01,372.37,628
2026-07-16T14:54:00+00:00,372.37,372.46,370.59,371.42,964
2026-07-16T14:57:00+00:00,371.42,372.15,371.31,372.07,621
2026-07-16T15:00:00+00:00,372.07,372.44,371.56,372.19,566
2026-07-16T15:03:00+00:00,372.19,372.37,371.6,371.83,557
2026-07-16T15:06:00+00:00,371.83,371.83,370.69,370.89,563
2026-07-16T15:09:00+00:00,370.89,371.52,370.89,371.2,563
2026-07-16T15:12:00+00:00,371.2,371.46,370.89,371.06,524
2026-07-16T15:15:00+00:00,371.06,371.37,371.04,371.22,557
2026-07-16T15:18:00+00:00,371.22,371.78,371.17,371.49,426
2026-07-16T15:21:00+00:00,371.49,371.57,371.02,371.04,506
2026-07-16T15:24:00+00:00,371.04,371.75,370.92,371.43,514
2026-07-16T15:27:00+00:00,371.43,371.63,370.77,370.85,565
2026-07-16T15:30:00+00:00,370.85,371.35,370.38,371.13,480
2026-07-16T15:33:00+00:00,371.13,371.52,370.78,371.07,463
2026-07-16T15:36:00+00:00,371.07,371.16,370.55,370.68,322
2026-07-16T15:39:00+00:00,370.68,370.93,370.55,370.76,527
2026-07-16T15:42:00+00:00,370.76,371.27,370.63,371.1,375
2026-07-16T15:45:00+00:00,371.1,371.58,370.93,371.04,598
2026-07-16T15:48:00+00:00,371.04,371.68,370.67,371.66,639
2026-07-16T15:51:00+00:00,371.66,372.25,371.55,371.76,671
2026-07-16T15:54:00+00:00,371.76,371.76,370.99,371.62,550
2026-07-16T15:57:00+00:00,371.62,371.97,370.44,370.6,685
2026-07-16T16:00:00+00:00,370.6,370.72,369.7,370.17,612
2026-07-16T16:03:00+00:00,370.17,370.55,369.59,369.65,596
2026-07-16T16:06:00+00:00,369.65,370.19,369.5,369.79,753
2026-07-16T16:09:00+00:00,369.79,369.88,369.17,369.73,687
2026-07-16T16:12:00+00:00,369.73,370.53,369.73,370.34,702
2026-07-16T16:15:00+00:00,370.34,370.92,370.14,370.7,742
2026-07-16T16:18:00+00:00,370.7,370.93,370.32,370.4,533
2026-07-16T16:21:00+00:00,370.4,370.69,369.78,369.89,651
2026-07-16T16:24:00+00:00,369.89,370.25,369.52,369.97,824
2026-07-16T16:27:00+00:00,369.97,370.74,369.93,370.64,610
2026-07-16T16:30:00+00:00,370.64,371.02,370.48,370.67,535
2026-07-16T16:33:00+00:00,370.67,370.9,370.26,370.9,488
2026-07-16T16:36:00+00:00,370.9,370.91,370.38,370.85,488
2026-07-16T16:39:00+00:00,370.85,370.86,370.39,370.46,493
2026-07-16T16:42:00+00:00,370.46,370.66,370.29,370.44,507
2026-07-16T16:45:00+00:00,370.44,370.94,370.44,370.78,579
2026-07-16T16:48:00+00:00,370.78,371.17,370.58,370.98,530
2026-07-16T16:51:00+00:00,370.98,371.53,370.86,371.53,497
2026-07-16T16:54:00+00:00,371.53,371.53,371.15,371.21,538
2026-07-16T16:57:00+00:00,371.21,371.37,370.77,371.01,455
2026-07-16T17:00:00+00:00,371.01,371.08,370.68,370.79,428
2026-07-16T17:03:00+00:00,370.79,371.02,370.45,370.47,429
2026-07-16T17:06:00+00:00,370.47,370.77,370.45,370.72,436
2026-07-16T17:09:00+00:00,370.72,370.72,370.07,370.17,382
2026-07-16T17:12:00+00:00,370.17,370.41,370.13,370.22,406
2026-07-16T17:15:00+00:00,370.22,370.51,370.15,370.51,454
2026-07-16T17:18:00+00:00,370.51,370.79,370.4,370.64,340
2026-07-16T17:21:00+00:00,370.64,370.92,370.52,370.66,380
2026-07-16T17:24:00+00:00,370.66,370.87,370.58,370.82,403
2026-07-16T17:27:00+00:00,370.82,371.05,370.72,370.99,382
2026-07-16T17:30:00+00:00,370.99,371.33,370.94,371.09,303
2026-07-16T17:33:00+00:00,371.09,371.13,370.77,370.89,325
2026-07-16T17:36:00+00:00,370.89,370.89,370.43,370.47,358
2026-07-16T17:39:00+00:00,370.47,370.58,370.3,370.52,370
2026-07-16T17:42:00+00:00,370.52,370.88,370.3,370.83,540
2026-07-16T17:45:00+00:00,370.83,371.4,370.76,371.26,534
2026-07-16T17:48:00+00:00,371.26,371.31,370.79,371.08,474
2026-07-16T17:51:00+00:00,371.08,371.16,370.84,370.86,571
2026-07-16T17:54:00+00:00,370.86,371.12,370.76,370.86,410
2026-07-16T17:57:00+00:00,370.86,370.98,370.73,370.73,277
2026-07-16T18:00:00+00:00,370.73,370.81,370.38,370.52,569
2026-07-16T18:03:00+00:00,370.52,370.56,369.79,369.88,483
2026-07-16T18:06:00+00:00,369.88,369.9,363.08,363.14,1675
2026-07-16T18:09:00+00:00,363.14,364.11,360.55,362.11,1851
2026-07-16T18:12:00+00:00,362.11,363.98,360.54,363.4,1439
2026-07-16T18:15:00+00:00,363.4,365.11,362.97,364.15,1164
2026-07-16T18:18:00+00:00,364.15,364.6,361.88,362.16,1365
2026-07-16T18:21:00+00:00,362.16,363.33,361.14,361.85,1258
2026-07-16T18:24:00+00:00,361.85,361.91,359.54,359.62,1315
2026-07-16T18:27:00+00:00,359.62,361.02,358.54,360.6,1069
2026-07-16T18:30:00+00:00,360.6,360.96,359.72,360.96,959
2026-07-16T18:33:00+00:00,360.96,361.28,359.69,360.38,1100
2026-07-16T18:36:00+00:00,360.38,360.38,358.53,358.9,1093
2026-07-16T18:39:00+00:00,358.9,359.75,357.68,358.88,1055
2026-07-16T18:42:00+00:00,358.88,359.94,358.48,358.66,932
2026-07-16T18:45:00+00:00,358.66,359.81,358.47,358.68,811
2026-07-16T18:48:00+00:00,358.68,358.89,357.76,357.94,552
2026-07-16T18:51:00+00:00,357.94,358.14,356.9,357.35,613
2026-07-16T18:54:00+00:00,357.35,357.53,356.38,356.43,609
2026-07-16T18:57:00+00:00,356.43,356.77,355.78,355.81,736
2026-07-16T19:00:00+00:00,355.81,356.3,354.68,356.17,909
2026-07-16T19:03:00+00:00,356.17,356.36,355.18,356.03,837
2026-07-16T19:06:00+00:00,356.03,356.06,354.95,355.15,816
2026-07-16T19:09:00+00:00,355.15,355.33,353.08,353.46,1086
2026-07-16T19:12:00+00:00,353.46,353.65,352.94,353.28,849
2026-07-16T19:15:00+00:00,353.28,353.33,351.99,352.27,1005
2026-07-16T19:18:00+00:00,352.27,353.05,351.49,352,1221
2026-07-16T19:21:00+00:00,352,353.15,351.81,352.41,1015
2026-07-16T19:24:00+00:00,352.41,353.43,351.68,352.5,1152
2026-07-16T19:27:00+00:00,352.5,354.08,351.9,353.43,1038
2026-07-16T19:30:00+00:00,353.43,353.95,353,353.69,1177
2026-07-16T19:33:00+00:00,353.69,354.23,353.1,353.39,1085
2026-07-16T19:36:00+00:00,353.39,354.25,352.95,354.18,795
2026-07-16T19:39:00+00:00,354.18,354.46,353.41,353.58,761
2026-07-16T19:42:00+00:00,353.58,354.03,352.62,352.64,802
2026-07-16T19:45:00+00:00,352.64,353.11,352.48,352.84,1021
2026-07-16T19:48:00+00:00,352.84,353.83,352.49,353.7,1001
2026-07-16T19:51:00+00:00,353.7,354.29,353.19,353.38,1136
2026-07-16T19:54:00+00:00,353.38,353.46,352.48,353.13,1304
2026-07-16T19:57:00+00:00,353.13,353.94,352.88,353.76,1354
2026-07-17T13:30:00+00:00,353.76,353.76,343.41,346.19,1299
2026-07-17T13:33:00+00:00,346.19,346.31,344.25,344.89,1369
2026-07-17T13:36:00+00:00,344.89,344.97,342.72,342.88,1564
2026-07-17T13:39:00+00:00,342.88,343.41,342.54,342.93,1475
2026-07-17T13:42:00+00:00,342.93,343.24,341.01,341.39,1630
2026-07-17T13:45:00+00:00,341.39,342.64,341.01,342.44,1490
2026-07-17T13:48:00+00:00,342.44,343.41,341.97,342.97,1280
2026-07-17T13:51:00+00:00,342.97,344.49,342.96,344.36,1179
2026-07-17T13:54:00+00:00,344.36,345.28,344.1,344.89,1251
2026-07-17T13:57:00+00:00,344.89,345.96,344.81,345.91,1161
2026-07-17T14:00:00+00:00,345.91,346.8,345.73,346.75,1256
2026-07-17T14:03:00+00:00,346.75,346.89,345.98,346.61,977
2026-07-17T14:06:00+00:00,346.61,346.73,346.17,346.23,1015
2026-07-17T14:09:00+00:00,346.23,346.45,345.46,345.93,1336
2026-07-17T14:12:00+00:00,345.93,346.56,345.88,346.23,954
2026-07-17T14:15:00+00:00,346.23,346.53,344.55,344.71,930
2026-07-17T14:18:00+00:00,344.71,344.76,343.91,344,837
2026-07-17T14:21:00+00:00,344,345.39,343.91,345.32,855
2026-07-17T14:24:00+00:00,345.32,345.99,345.18,345.59,682
2026-07-17T14:27:00+00:00,345.59,345.66,344.54,344.65,621
2026-07-17T14:30:00+00:00,344.65,344.89,344.21,344.69,523
2026-07-17T14:33:00+00:00,344.69,344.97,344.38,344.76,620
2026-07-17T14:36:00+00:00,344.76,345.29,344.59,345.22,692
2026-07-17T14:39:00+00:00,345.22,345.79,345.08,345.78,795
2026-07-17T14:42:00+00:00,345.78,346.19,345.33,346.17,719
2026-07-17T14:45:00+00:00,346.17,347.48,345.92,347.08,1106
2026-07-17T14:48:00+00:00,347.08,347.1,346.29,346.63,754
2026-07-17T14:51:00+00:00,346.63,346.71,345.48,345.48,545
2026-07-17T14:54:00+00:00,345.48,345.82,345.15,345.44,484
2026-07-17T14:57:00+00:00,345.44,345.75,-1438.8899999999999,-1438.6899999999998,516.7839643652561
2026-07-17T15:00:00+00:00,345.13,345.16,344.56,344.64,599
2026-07-17T15:03:00+00:00,344.64,345.19,344.38,345.15,644
2026-07-17T15:06:00+00:00,345.15,345.71,344.85,345.66,549
2026-07-17T15:09:00+00:00,345.66,346.21,345.49,345.87,499
2026-07-17T15:12:00+00:00,345.87,345.89,345.15,345.43,491
2026-07-17T15:15:00+00:00,345.43,345.77,345.19,345.34,524
2026-07-17T15:18:00+00:00,345.34,345.9,345.26,345.7,447
2026-07-17T15:21:00+00:00,345.7,345.76,345.46,345.55,399
2026-07-17T15:24:00+00:00,345.55,346.65,345.46,346.5,510
2026-07-17T15:27:00+00:00,346.5,346.59,345.88,346.41,546
2026-07-17T15:30:00+00:00,346.41,347.29,346.36,346.96,567
2026-07-17T15:33:00+00:00,346.96,347.09,346.05,346.34,656
2026-07-17T15:36:00+00:00,346.34,346.7,346.15,346.65,576
2026-07-17T15:39:00+00:00,346.65,347.22,346.61,347.04,687
2026-07-17T15:42:00+00:00,347.04,347.35,346.88,347.33,822
2026-07-17T15:45:00+00:00,347.33,347.63,346.88,347.43,779
2026-07-17T15:48:00+00:00,347.43,347.52,346.71,347.14,504
2026-07-17T15:51:00+00:00,347.14,347.22,346.38,346.48,469
2026-07-17T15:54:00+00:00,346.48,347.13,346.44,346.92,554
2026-07-17T15:57:00+00:00,346.92,347.09,346.53,346.74,573
2026-07-17T16:00:00+00:00,346.74,346.88,345.39,345.75,948
2026-07-17T16:03:00+00:00,345.75,345.89,345.38,345.74,747
2026-07-17T16:06:00+00:00,345.74,346.14,345.46,345.83,491
2026-07-17T16:09:00+00:00,345.83,346.11,345.7,345.7,488
2026-07-17T16:12:00+00:00,345.7,345.91,345.38,345.54,522
2026-07-17T16:15:00+00:00,345.54,345.87,345.22,345.79,718
2026-07-17T16:18:00+00:00,345.79,346.31,345.68,346.03,879
2026-07-17T16:21:00+00:00,346.03,346.17,345.3,345.46,710
2026-07-17T16:24:00+00:00,345.46,345.56,345.13,345.42,646
2026-07-17T16:27:00+00:00,345.42,346.58,345.42,346,788
2026-07-17T16:30:00+00:00,346,346.14,345.6,346.09,818
2026-07-17T16:33:00+00:00,346.09,346.11,345.22,345.23,619
2026-07-17T16:36:00+00:00,345.23,345.82,345.13,345.68,490
2026-07-17T16:39:00+00:00,345.68,346.33,345.58,345.71,496
2026-07-17T16:42:00+00:00,345.71,346.04,345.63,345.87,384
2026-07-17T16:45:00+00:00,345.87,345.88,345.48,345.54,288
2026-07-17T16:48:00+00:00,345.54,346.03,345.48,345.84,565
2026-07-17T16:51:00+00:00,345.84,346.42,345.68,346.21,536
2026-07-17T16:54:00+00:00,346.21,346.56,345.97,346.35,507
2026-07-17T16:57:00+00:00,346.35,346.8,346.13,346.54,466
2026-07-17T17:00:00+00:00,346.54,347.07,346.18,346.31,632
2026-07-17T17:03:00+00:00,346.31,346.33,345.68,345.77,484
2026-07-17T17:06:00+00:00,345.77,345.89,345.51,345.67,486
2026-07-17T17:09:00+00:00,345.67,345.73,345.38,345.54,521
2026-07-17T17:12:00+00:00,345.54,345.57,345.19,345.34,429
2026-07-17T17:15:00+00:00,345.34,345.6,345.19,345.46,582
2026-07-17T17:18:00+00:00,345.46,345.48,345.08,345.13,470
2026-07-17T17:21:00+00:00,345.13,345.4,344.99,345.09,449
2026-07-17T17:24:00+00:00,345.09,345.1,344.79,344.96,446
2026-07-17T17:27:00+00:00,344.96,345.05,344.68,344.74,541
2026-07-17T17:30:00+00:00,344.74,344.91,344.38,344.49,498
2026-07-17T17:33:00+00:00,344.49,344.65,344.21,344.33,573
2026-07-17T17:36:00+00:00,344.33,344.6,344,344.11,540
2026-07-17T17:39:00+00:00,344.11,344.19,343.59,343.86,564
2026-07-17T17:42:00+00:00,343.86,344.02,343.31,343.4,555
2026-07-17T17:45:00+00:00,343.4,343.75,343.22,343.75,600
2026-07-17T17:48:00+00:00,343.75,343.8,343.06,343.07,635
2026-07-17T17:51:00+00:00,343.07,343.31,342.69,342.75,492
2026-07-17T17:54:00+00:00,342.75,343.41,342.64,343.41,569
2026-07-17T17:57:00+00:00,343.41,343.65,343.18,343.2,497
2026-07-17T18:00:00+00:00,343.2,343.55,342.88,343.55,517
2026-07-17T18:03:00+00:00,343.55,344.03,343.4,343.72,548
2026-07-17T18:06:00+00:00,343.72,343.75,342.88,343.1,480
2026-07-17T18:09:00+00:00,343.1,343.13,342.69,342.89,561
2026-07-17T18:12:00+00:00,342.89,342.9,342.3,342.32,520
2026-07-17T18:15:00+00:00,342.32,343.05,342.2,343.01,588
2026-07-17T18:18:00+00:00,343.01,343.11,342.69,343.09,423
2026-07-17T18:21:00+00:00,343.09,343.31,342.98,343.1,549
2026-07-17T18:24:00+00:00,343.1,343.44,343.03,343.28,365
2026-07-17T18:27:00+00:00,343.28,343.66,343.28,343.55,426
2026-07-17T18:30:00+00:00,343.55,343.9,343.52,343.67,478
2026-07-17T18:33:00+00:00,343.67,344.25,343.58,344.12,453
2026-07-17T18:36:00+00:00,344.12,344.81,344.12,344.67,424
2026-07-17T18:39:00+00:00,344.67,344.7,343.88,344.02,415
2026-07-17T18:42:00+00:00,344.02,344.27,343.88,344.08,465
2026-07-17T18:45:00+00:00,344.08,344.14,343.52,343.88,442
2026-07-17T18:48:00+00:00,343.88,344.51,343.87,344.38,438
2026-07-17T18:51:00+00:00,344.38,344.6,344.22,344.3,378
2026-07-17T18:54:00+00:00,344.3,344.38,344,344.21,357
2026-07-17T18:57:00+00:00,344.21,344.6,344.06,344.56,377
2026-07-17T19:00:00+00:00,344.56,344.77,344.03,344.03,412
2026-07-17T19:03:00+00:00,344.03,344.59,343.98,344.34,359
2026-07-17T19:06:00+00:00,344.34,344.6,344,344.59,458
2026-07-17T19:09:00+00:00,344.59,344.67,344.4,344.57,447
2026-07-17T19:12:00+00:00,344.57,344.62,344.23,344.5,429
2026-07-17T19:15:00+00:00,344.5,344.7,344.3,344.63,754
2026-07-17T19:18:00+00:00,344.63,344.68,344.29,344.4,513
2026-07-17T19:21:00+00:00,344.4,344.63,344.22,344.33,454
2026-07-17T19:24:00+00:00,344.33,344.43,344.18,344.37,518
2026-07-17T19:27:00+00:00,344.37,344.97,344.28,344.83,458
2026-07-17T19:30:00+00:00,344.83,345,344.21,344.31,911
2026-07-17T19:33:00+00:00,344.31,344.39,344.14,344.24,453
2026-07-17T19:36:00+00:00,344.24,344.3,343.54,343.62,620
2026-07-17T19:39:00+00:00,343.62,344.23,343.51,344.16,718
2026-07-17T19:42:00+00:00,344.16,344.6,343.93,344.48,563
2026-07-17T19:45:00+00:00,344.48,344.88,344.35,344.7,693
2026-07-17T19:48:00+00:00,344.7,345.28,344.48,345.09,667
2026-07-17T19:51:00+00:00,345.09,345.44,344.89,345.11,624
2026-07-17T19:54:00+00:00,345.11,346.77,344.9,346.6,941
2026-07-17T19:57:00+00:00,346.6,346.65,345.3,345.9,876
2026-07-20T13:30:00+00:00,345.9,349.53999999999996,344.19,348.85999999999996,746
2026-07-20T13:33:00+00:00,348.85999999999996,351.56,348.72999999999996,350.85999999999996,675
2026-07-20T13:36:00+00:00,350.85999999999996,352.5,350.85999999999996,352.02,747
2026-07-20T13:39:00+00:00,352.02,352.89,351.22999999999996,352.62,991
2026-07-20T13:42:00+00:00,352.62,353.87,352.52,353.52,789
2026-07-20T13:45:00+00:00,353.52,354.57,353.37,354.14,868
2026-07-20T13:48:00+00:00,354.14,354.25,352.94,353,942
2026-07-20T13:51:00+00:00,353,353.45,351.93,353.31,925
2026-07-20T13:54:00+00:00,353.31,353.84999999999997,352.71999999999997,353.59999999999997,856
2026-07-20T13:57:00+00:00,353.59999999999997,354.06,353.4,353.72999999999996,742
2026-07-20T14:00:00+00:00,353.72999999999996,354.08,353.52,354.05,633
2026-07-20T14:03:00+00:00,354.05,355.07,354.05,354.21999999999997,721
2026-07-20T14:06:00+00:00,354.21999999999997,354.58,353.99,354.18,621
2026-07-20T14:09:00+00:00,354.18,354.59,353.76,354.10999999999996,681
2026-07-20T14:12:00+00:00,354.10999999999996,354.46,353.46,354.13,706
2026-07-20T14:15:00+00:00,354.13,355.08,353.71999999999997,353.82,692
2026-07-20T14:18:00+00:00,353.82,354.31,353.71999999999997,354.03999999999996,570
2026-07-20T14:21:00+00:00,354.03999999999996,354.64,353.60999999999996,354.09,497
2026-07-20T14:24:00+00:00,354.09,354.32,353.81,354.19,434
2026-07-20T14:27:00+00:00,354.19,354.46,353.89,353.96999999999997,473
2026-07-20T14:30:00+00:00,353.96999999999997,354.58,353.4,353.64,551
2026-07-20T14:33:00+00:00,353.64,353.89,352.87,353.3,461
2026-07-20T14:36:00+00:00,353.3,353.46,352.93,353.18,395
2026-07-20T14:39:00+00:00,353.18,353.75,352.82,352.93,376
2026-07-20T14:42:00+00:00,352.93,352.97999999999996,352.13,352.26,262
2026-07-20T14:45:00+00:00,352.26,352.91999999999996,351.96,352.56,412
2026-07-20T14:48:00+00:00,352.56,352.83,351.93,352.03,280
2026-07-20T14:51:00+00:00,352.03,352.22999999999996,351.9,351.94,215
2026-07-20T14:54:00+00:00,351.94,352.24,351.52,351.62,310
2026-07-20T14:57:00+00:00,351.62,352.12,351.4,351.71999999999997,384
2026-07-20T15:00:00+00:00,351.71999999999997,351.90999999999997,351.40999999999997,351.57,519
2026-07-20T15:03:00+00:00,351.57,352.14,351.57,351.72999999999996,440
2026-07-20T15:06:00+00:00,351.72999999999996,352.08,351.49,351.91999999999996,486
2026-07-20T15:09:00+00:00,351.91999999999996,352.52,351.87,352.21999999999997,523
2026-07-20T15:12:00+00:00,352.21999999999997,352.59999999999997,351.91999999999996,351.91999999999996,500
2026-07-20T15:15:00+00:00,351.91999999999996,352.10999999999996,351.49,351.81,412
2026-07-20T15:18:00+00:00,351.81,352.03,351.77,351.82,322
2026-07-20T15:21:00+00:00,351.82,351.96999999999997,351.71,351.91999999999996,338
2026-07-20T15:24:00+00:00,351.91999999999996,352.35999999999996,351.84,351.89,473
2026-07-20T15:27:00+00:00,351.89,352.34999999999997,351.34,352.34,552
2026-07-20T15:30:00+00:00,352.34,352.56,352.03,352.52,343
2026-07-20T15:33:00+00:00,352.52,353.01,352.40999999999997,352.89,359
2026-07-20T15:36:00+00:00,352.89,353.16999999999996,352.60999999999996,353.01,406
2026-07-20T15:39:00+00:00,353.01,353.08,352.41999999999996,352.7,379
2026-07-20T15:42:00+00:00,352.7,352.82,352.40999999999997,352.71999999999997,280
2026-07-20T15:45:00+00:00,352.71999999999997,352.83,352.43,352.63,269
2026-07-20T15:48:00+00:00,352.63,352.63,351.91999999999996,352.07,397
2026-07-20T15:51:00+00:00,352.07,352.76,352.05,352.72999999999996,280
2026-07-20T15:54:00+00:00,352.72999999999996,352.75,352.21,352.26,334
2026-07-20T15:57:00+00:00,352.26,352.38,351.90999999999997,351.91999999999996,300
2026-07-20T16:00:00+00:00,351.91999999999996,352.06,351.09,351.19,374
2026-07-20T16:03:00+00:00,351.19,351.62,350.96999999999997,351.40999999999997,311
2026-07-20T16:06:00+00:00,351.40999999999997,351.59999999999997,351.14,351.28999999999996,275
2026-07-20T16:09:00+00:00,351.28999999999996,351.4,350.8,350.82,300
2026-07-20T16:12:00+00:00,350.82,351.27,350.78999999999996,350.97999999999996,328
2026-07-20T16:15:00+00:00,350.97999999999996,350.97999999999996,350.41999999999996,350.83,358
2026-07-20T16:18:00+00:00,350.83,351.24,350.76,350.93,302
2026-07-20T16:21:00+00:00,350.93,351.07,350.84,350.9,259
2026-07-20T16:24:00+00:00,350.9,351.01,350.4,350.41999999999996,207
2026-07-20T16:27:00+00:00,350.41999999999996,350.65,350.40999999999997,350.59,170
2026-07-20T16:30:00+00:00,350.59,350.99,350.46,350.51,276
2026-07-20T16:33:00+00:00,350.51,350.78,350.27,350.71999999999997,229
2026-07-20T16:36:00+00:00,350.71999999999997,351.08,350.59,351.05,246
2026-07-20T16:39:00+00:00,351.05,351.28,349.78999999999996,350.28999999999996,462
2026-07-20T16:42:00+00:00,350.28999999999996,350.96999999999997,350.18,350.38,448
2026-07-20T16:45:00+00:00,350.38,350.72999999999996,350.15,350.65,389
2026-07-20T16:48:00+00:00,350.65,351.08,350.59,350.60999999999996,244
2026-07-20T16:51:00+00:00,350.60999999999996,350.72999999999996,350.26,350.53999999999996,231
2026-07-20T16:54:00+00:00,350.53999999999996,350.53999999999996,349.85999999999996,350.06,376
2026-07-20T16:57:00+00:00,350.06,350.39,349.90999999999997,349.96,394
2026-07-20T17:00:00+00:00,349.96,350.01,348.90999999999997,349.01,509
2026-07-20T17:03:00+00:00,349.01,349.15999999999997,348.71999999999997,348.87,276
2026-07-20T17:06:00+00:00,348.87,348.93,348.59999999999997,348.71999999999997,294
2026-07-20T17:09:00+00:00,348.71999999999997,348.95,348.14,348.15999999999997,486
2026-07-20T17:12:00+00:00,348.15999999999997,348.22999999999996,347.82,347.94,691
2026-07-20T17:15:00+00:00,347.94,348,347.46999999999997,347.89,787
2026-07-20T17:18:00+00:00,347.89,348.28,347.72999999999996,348.22999999999996,615
2026-07-20T17:21:00+00:00,348.22999999999996,348.78999999999996,348.14,348.55,395
2026-07-20T17:24:00+00:00,348.55,348.57,347.99,348.19,452
2026-07-20T17:27:00+00:00,348.19,348.34,348.03,348.18,333
2026-07-20T17:30:00+00:00,348.18,348.32,348.01,348.2,463
2026-07-20T17:33:00+00:00,348.2,348.2,347.96999999999997,348.05,297
2026-07-20T17:36:00+00:00,348.05,348.31,347.78,348.14,374
2026-07-20T17:39:00+00:00,348.14,348.39,348.09,348.39,464
2026-07-20T17:42:00+00:00,348.39,348.65999999999997,348.27,348.59,294
2026-07-20T17:45:00+00:00,348.59,348.91999999999996,348.33,348.69,362
2026-07-20T17:48:00+00:00,348.69,348.87,348.64,348.71,216
2026-07-20T17:51:00+00:00,348.71,349.06,348.62,349.05,234
2026-07-20T17:54:00+00:00,349.05,349.15,348.60999999999996,348.68,266
2026-07-20T17:57:00+00:00,348.68,348.82,348.43,348.52,384
2026-07-20T18:00:00+00:00,348.52,348.94,348.51,348.59,461
2026-07-20T18:03:00+00:00,348.59,348.62,348.37,348.51,429
2026-07-20T18:06:00+00:00,348.51,348.51,348.14,348.40999999999997,459
2026-07-20T18:09:00+00:00,348.40999999999997,348.55,348.12,348.35999999999996,354
2026-07-20T18:12:00+00:00,348.35999999999996,348.38,347.9,348.34999999999997,436
2026-07-20T18:15:00+00:00,348.34999999999997,348.65,348.21,348.5,370
2026-07-20T18:18:00+00:00,348.5,348.59,348.05,348.27,303
2026-07-20T18:21:00+00:00,348.27,348.27,347.71,347.76,385
2026-07-20T18:24:00+00:00,347.76,347.76,347.40999999999997,347.43,306
2026-07-20T18:27:00+00:00,347.43,347.53999999999996,347.26,347.4,308
2026-07-20T18:30:00+00:00,347.4,347.41999999999996,346.91999999999996,346.99,424
2026-07-20T18:33:00+00:00,346.99,347.10999999999996,346.71999999999997,346.87,324
2026-07-20T18:36:00+00:00,346.87,347.09,346.8,347.01,356
2026-07-20T18:39:00+00:00,347.01,347.03,346.34999999999997,346.45,421
2026-07-20T18:42:00+00:00,346.45,346.63,346.21,346.37,487
2026-07-20T18:45:00+00:00,346.37,346.7,346.19,346.7,426
2026-07-20T18:48:00+00:00,346.7,346.78,346.39,346.66999999999996,364
2026-07-20T18:51:00+00:00,346.66999999999996,346.91999999999996,346.53999999999996,346.71,308
2026-07-20T18:54:00+00:00,346.71,346.81,346.60999999999996,346.74,269
2026-07-20T18:57:00+00:00,346.74,347.06,346.60999999999996,346.96999999999997,305
2026-07-20T19:00:00+00:00,346.96999999999997,347.47999999999996,346.91999999999996,347.34,346
2026-07-20T19:03:00+00:00,347.34,347.57,347.19,347.45,243
2026-07-20T19:06:00+00:00,347.45,347.65,347.28999999999996,347.53,263
2026-07-20T19:09:00+00:00,347.53,347.95,347.41999999999996,347.7,270
2026-07-20T19:12:00+00:00,347.7,347.88,347.33,347.34,277
2026-07-20T19:15:00+00:00,347.34,347.66999999999996,347.21999999999997,347.34999999999997,282
2026-07-20T19:18:00+00:00,347.34999999999997,347.53999999999996,347.28,347.3,239
2026-07-20T19:21:00+00:00,347.3,347.56,347.21,347.46999999999997,281
2026-07-20T19:24:00+00:00,347.46999999999997,347.58,347.2,347.28,401
2026-07-20T19:27:00+00:00,347.28,347.64,347.2,347.53,330
2026-07-20T19:30:00+00:00,347.53,348.34,347.53,348.2,418
2026-07-20T19:33:00+00:00,348.2,348.32,347.95,348.06,315
2026-07-20T19:36:00+00:00,348.06,348.46,348,348.4,307
2026-07-20T19:39:00+00:00,348.4,348.49,348.10999999999996,348.32,302
2026-07-20T19:42:00+00:00,348.32,348.39,348.10999999999996,348.21,256
2026-07-20T19:45:00+00:00,348.21,348.53999999999996,347.74,348.22999999999996,459
2026-07-20T19:48:00+00:00,348.22999999999996,348.26,347.12,347.18,583
2026-07-20T19:51:00+00:00,347.18,347.69,347.18,347.39,528
2026-07-20T19:54:00+00:00,347.39,347.78,346.74,347.62,913
2026-07-20T19:57:00+00:00,347.62,347.69,346.60999999999996,347.21999999999997,1010
2026-07-21T13:30:00+00:00,347.21999999999997,347.21999999999997,342.62,345.72999999999996,948
2026-07-21T13:33:00+00:00,345.72999999999996,345.72999999999996,344.27,344.27,836
2026-07-21T13:36:00+00:00,344.27,345.08,343.39,344.26,1016
2026-07-21T13:39:00+00:00,344.26,345.2,344.24,344.83,773
2026-07-21T13:42:00+00:00,344.83,345.43,344.47999999999996,344.96,1073
2026-07-21T13:45:00+00:00,344.96,345.35999999999996,344.05,344.18,1147
2026-07-21T13:48:00+00:00,344.18,344.21999999999997,343.21,343.51,974
2026-07-21T13:51:00+00:00,343.51,344.5,343.40999999999997,344.38,990
2026-07-21T13:54:00+00:00,344.38,344.51,344.05,344.27,905
2026-07-21T13:57:00+00:00,344.27,345.05,344.06,344.89,908
2026-07-21T14:00:00+00:00,344.89,344.89,344.27,344.41999999999996,813
2026-07-21T14:03:00+00:00,344.41999999999996,345.10999999999996,344.32,344.89,827
2026-07-21T14:06:00+00:00,344.89,345.02,344.21,344.60999999999996,939
2026-07-21T14:09:00+00:00,344.60999999999996,344.88,344.06,344.27,689
2026-07-21T14:12:00+00:00,344.27,344.72999999999996,344.13,344.62,504
2026-07-21T14:15:00+00:00,344.62,344.63,343.76,344.49,774
2026-07-21T14:18:00+00:00,344.49,344.63,344.15999999999997,344.46,620
2026-07-21T14:21:00+00:00,344.46,345.10999999999996,344.21,344.93,697
2026-07-21T14:24:00+00:00,344.93,344.94,344.24,344.47999999999996,538
2026-07-21T14:27:00+00:00,344.47999999999996,344.75,344.21999999999997,344.46,574
2026-07-21T14:30:00+00:00,344.46,344.46999999999997,343.93,344.05,528
2026-07-21T14:33:00+00:00,344.05,344.26,343.76,343.84,472
2026-07-21T14:36:00+00:00,343.84,344.15999999999997,343.71999999999997,343.85999999999996,440
2026-07-21T14:39:00+00:00,343.85999999999996,343.97999999999996,343.09,343.10999999999996,540
2026-07-21T14:42:00+00:00,343.10999999999996,343.45,343,343.28999999999996,629
2026-07-21T14:45:00+00:00,343.28999999999996,343.94,343.27,343.71,536
2026-07-21T14:48:00+00:00,343.71,344.45,343.56,344.28999999999996,728
2026-07-21T14:51:00+00:00,344.28999999999996,344.66999999999996,344.27,344.51,483
2026-07-21T14:54:00+00:00,344.51,344.81,344.01,344.01,548
2026-07-21T14:57:00+00:00,344.01,344.08,343.71,343.90999999999997,391
2026-07-21T15:00:00+00:00,343.90999999999997,345.13,343.27,343.33,2079
2026-07-21T15:03:00+00:00,343.33,343.49,343.01,343.22999999999996,673
2026-07-21T15:06:00+00:00,343.22999999999996,343.81,343.09,343.72999999999996,513
2026-07-21T15:09:00+00:00,343.72999999999996,344.03,343.65999999999997,343.78999999999996,483
2026-07-21T15:12:00+00:00,343.78999999999996,343.95,343.65,343.7,316
2026-07-21T15:15:00+00:00,343.7,343.8,343.62,343.65,256
2026-07-21T15:18:00+00:00,343.65,344.08,343.21999999999997,343.28,595
2026-07-21T15:21:00+00:00,343.28,343.65999999999997,343.21999999999997,343.60999999999996,662
2026-07-21T15:24:00+00:00,343.60999999999996,343.64,342.89,343.21,660
2026-07-21T15:27:00+00:00,343.21,343.38,343.01,343.08,519
2026-07-21T15:30:00+00:00,343.08,343.58,343.01,343.33,447
2026-07-21T15:33:00+00:00,343.33,344.15999999999997,343.09,344.03,580
2026-07-21T15:36:00+00:00,344.03,344.44,344.03,344.34999999999997,504
2026-07-21T15:39:00+00:00,344.34999999999997,344.53,344.01,344.03,543
2026-07-21T15:42:00+00:00,344.03,344.62,344.01,344.45,345
2026-07-21T15:45:00+00:00,344.45,344.60999999999996,344.21,344.3,385
2026-07-21T15:48:00+00:00,344.3,344.43,344.09,344.34,313
2026-07-21T15:51:00+00:00,344.34,344.72999999999996,344.32,344.69,261
2026-07-21T15:54:00+00:00,344.69,345,344.52,344.72999999999996,343
2026-07-21T15:57:00+00:00,344.72999999999996,344.83,344.24,344.24,397
2026-07-21T16:00:00+00:00,344.24,344.58,344.24,344.32,270
2026-07-21T16:03:00+00:00,344.32,344.46999999999997,343.96,344.03999999999996,296
2026-07-21T16:06:00+00:00,344.03999999999996,344.22999999999996,343.88,344.02,463
2026-07-21T16:09:00+00:00,344.02,344.26,344.01,344.15,290
2026-07-21T16:12:00+00:00,344.15,344.49,344.02,344.47999999999996,430
2026-07-21T16:15:00+00:00,344.47999999999996,344.56,344.02,344.03,408
2026-07-21T16:18:00+00:00,344.03,344.46999999999997,343.96999999999997,344.37,325
2026-07-21T16:21:00+00:00,344.37,344.46999999999997,344.15,344.15,402
2026-07-21T16:24:00+00:00,344.15,344.5,344.10999999999996,344.43,378
2026-07-21T16:27:00+00:00,344.43,344.68,344.37,344.59,339
2026-07-21T16:30:00+00:00,344.59,344.64,344.33,344.37,433
2026-07-21T16:33:00+00:00,344.37,344.87,344.37,344.65999999999997,510
2026-07-21T16:36:00+00:00,344.65999999999997,344.99,344.60999999999996,344.78,468
2026-07-21T16:39:00+00:00,344.78,344.82,344.55,344.65999999999997,434
2026-07-21T16:42:00+00:00,344.65999999999997,344.71999999999997,344.53999999999996,344.64,312
2026-07-21T16:45:00+00:00,344.64,344.72999999999996,344.21,344.57,384
2026-07-21T16:48:00+00:00,344.57,344.62,344.01,344.09,380
2026-07-21T16:51:00+00:00,344.09,344.28,343.82,344.21999999999997,396
2026-07-21T16:54:00+00:00,344.21999999999997,344.53,344.21,344.46,410
2026-07-21T16:57:00+00:00,344.46,344.65,344.21999999999997,344.3,393
2026-07-21T17:00:00+00:00,344.3,344.59,344.21,344.47999999999996,385
2026-07-21T17:03:00+00:00,344.47999999999996,344.49,344.09999999999997,344.09999999999997,286
2026-07-21T17:06:00+00:00,344.09999999999997,344.15999999999997,343.72999999999996,343.82,433
2026-07-21T17:09:00+00:00,343.82,344.01,343.77,343.81,253
2026-07-21T17:12:00+00:00,343.81,344.10999999999996,343.81,344.06,210
2026-07-21T17:15:00+00:00,344.06,344.13,343.85999999999996,344,338
2026-07-21T17:18:00+00:00,344,344.14,343.96,344.05,297
2026-07-21T17:21:00+00:00,344.05,344.13,344.01,344.05,264
2026-07-21T17:24:00+00:00,344.05,344.10999999999996,344.01,344.03,253
2026-07-21T17:27:00+00:00,344.03,344.13,344.01,344.02,186
2026-07-21T17:30:00+00:00,344.02,344.09,343.88,344.03999999999996,272
2026-07-21T17:33:00+00:00,344.03999999999996,344.26,344.01,344.03999999999996,316
2026-07-21T17:36:00+00:00,344.03999999999996,344.10999999999996,344.01,344.07,249
2026-07-21T17:39:00+00:00,344.07,344.34,344.07,344.25,309
2026-07-21T17:42:00+00:00,344.25,344.25,344.02,344.18,187
2026-07-21T17:45:00+00:00,344.18,344.18,343.91999999999996,343.93,207
2026-07-21T17:48:00+00:00,343.93,344.28,343.91999999999996,344.09,218
2026-07-21T17:51:00+00:00,344.09,344.22999999999996,344.08,344.10999999999996,141
2026-07-21T17:54:00+00:00,344.10999999999996,344.18,344.03999999999996,344.08,188
2026-07-21T17:57:00+00:00,344.08,344.2,344.06,344.15999999999997,149
2026-07-21T18:00:00+00:00,344.15999999999997,344.15999999999997,343.93,344.06,211
2026-07-21T18:03:00+00:00,344.06,344.09999999999997,343.94,343.99,234
2026-07-21T18:06:00+00:00,343.99,344.19,343.94,344.10999999999996,231
2026-07-21T18:09:00+00:00,344.10999999999996,344.16999999999996,343.90999999999997,343.99,168
2026-07-21T18:12:00+00:00,343.99,344.10999999999996,343.87,343.9,269
2026-07-21T18:15:00+00:00,343.9,343.97999999999996,343.72999999999996,343.91999999999996,261
2026-07-21T18:18:00+00:00,343.91999999999996,344.02,343.77,343.83,198
2026-07-21T18:21:00+00:00,343.83,344.06,343.77,344.06,234
2026-07-21T18:24:00+00:00,344.06,344.13,343.76,343.78999999999996,137
2026-07-21T18:27:00+00:00,343.78999999999996,343.90999999999997,343.72999999999996,343.84,153
2026-07-21T18:30:00+00:00,343.84,343.90999999999997,343.59,343.59,201
2026-07-21T18:33:00+00:00,343.59,343.69,343.51,343.65999999999997,254
2026-07-21T18:36:00+00:00,343.65999999999997,343.82,343.59,343.72999999999996,194
2026-07-21T18:39:00+00:00,343.72999999999996,343.77,343.47999999999996,343.47999999999996,212
2026-07-21T18:42:00+00:00,343.47999999999996,343.72999999999996,343.40999999999997,343.55,298
2026-07-21T18:45:00+00:00,343.55,343.71999999999997,343.53999999999996,343.64,181
2026-07-21T18:48:00+00:00,343.64,343.76,343.46,343.56,233
2026-07-21T18:51:00+00:00,343.56,343.69,343.46999999999997,343.55,188
2026-07-21T18:54:00+00:00,343.55,343.96999999999997,343.41999999999996,343.82,336
2026-07-21T18:57:00+00:00,343.82,343.90999999999997,343.46999999999997,343.60999999999996,293
2026-07-21T19:00:00+00:00,343.60999999999996,343.71999999999997,343.46999999999997,343.55,242
2026-07-21T19:03:00+00:00,343.55,343.97999999999996,343.49,343.9,379
2026-07-21T19:06:00+00:00,343.9,344.4,343.83,344.25,462
2026-07-21T19:09:00+00:00,344.25,344.32,343.82,344.02,527
2026-07-21T19:12:00+00:00,344.02,344.59999999999997,344,344.58,378
2026-07-21T19:15:00+00:00,344.58,344.64,344.21999999999997,344.35999999999996,463
2026-07-21T19:18:00+00:00,344.35999999999996,344.56,344.33,344.41999999999996,254
2026-07-21T19:21:00+00:00,344.41999999999996,344.41999999999996,344.03,344.09,204
2026-07-21T19:24:00+00:00,344.09,344.34999999999997,344.07,344.24,257
2026-07-21T19:27:00+00:00,344.24,344.52,344.2,344.43,231
2026-07-21T19:30:00+00:00,344.43,344.65999999999997,344.34,344.4,534
2026-07-21T19:33:00+00:00,344.4,344.5,343.96999999999997,344.12,440
2026-07-21T19:36:00+00:00,344.12,344.21,344.01,344.01,309
2026-07-21T19:39:00+00:00,344.01,344.14,343.84,343.85999999999996,281
2026-07-21T19:42:00+00:00,343.85999999999996,344.02,343.60999999999996,344.01,315
2026-07-21T19:45:00+00:00,344.01,344.08,343.52,343.65999999999997,334
2026-07-21T19:48:00+00:00,343.65999999999997,343.89,343.34999999999997,343.37,319
2026-07-21T19:51:00+00:00,343.37,343.37,342.95,342.97999999999996,714
2026-07-21T19:54:00+00:00,342.97999999999996,343.03999999999996,341.99,342.2,1053
2026-07-21T19:57:00+00:00,342.2,342.25,341.71,342.02,1056
2026-07-22T13:30:00+00:00,342.02,343.46999999999997,341.21999999999997,342.68,807
2026-07-22T13:33:00+00:00,342.68,343,341.90999999999997,342.41999999999996,672
2026-07-22T13:36:00+00:00,342.41999999999996,343.15999999999997,341.72999999999996,341.9,1033
2026-07-22T13:39:00+00:00,341.9,341.91999999999996,341.37,341.46999999999997,851
2026-07-22T13:42:00+00:00,341.46999999999997,342.19,341.41999999999996,341.85999999999996,936
2026-07-22T13:45:00+00:00,341.85999999999996,342.94,341.81,342.66999999999996,991
2026-07-22T13:48:00+00:00,342.66999999999996,343.76,342.65999999999997,343.16999999999996,1080
2026-07-22T13:51:00+00:00,343.16999999999996,343.4,342.4,342.81,1032
2026-07-22T13:54:00+00:00,342.81,343.06,342.34999999999997,342.59999999999997,1127
2026-07-22T13:57:00+00:00,342.59999999999997,343.46,342.59,343.44,971
2026-07-22T14:00:00+00:00,343.44,344.3,343.22999999999996,344.15,1112
2026-07-22T14:03:00+00:00,344.15,344.76,343.71,344.64,1075
2026-07-22T14:06:00+00:00,344.64,345.06,344.06,344.34,1030
2026-07-22T14:09:00+00:00,344.34,344.35999999999996,342.94,342.97999999999996,965
2026-07-22T14:12:00+00:00,342.97999999999996,343.59999999999997,342.8,343.21999999999997,1012
2026-07-22T14:15:00+00:00,343.21999999999997,343.49,343,343.46999999999997,752
2026-07-22T14:18:00+00:00,343.46999999999997,343.76,343.21,343.41999999999996,825
2026-07-22T14:21:00+00:00,343.41999999999996,343.43,342.59,342.75,968
2026-07-22T14:24:00+00:00,342.75,343.13,342.58,342.66999999999996,1102
2026-07-22T14:27:00+00:00,342.66999999999996,343.14,342.38,343.01,1157
2026-07-22T14:30:00+00:00,343.01,343.78,342.59,343.71,750
2026-07-22T14:33:00+00:00,343.71,343.88,343.45,343.59,694
2026-07-22T14:36:00+00:00,343.59,343.71,343.15999999999997,343.33,633
2026-07-22T14:39:00+00:00,343.33,343.43,343.12,343.14,575
2026-07-22T14:42:00+00:00,343.14,343.5,342.99,343.06,562
2026-07-22T14:45:00+00:00,343.06,343.45,342.99,343.41999999999996,583
2026-07-22T14:48:00+00:00,343.41999999999996,343.47999999999996,343.03,343.38,588
2026-07-22T14:51:00+00:00,343.38,343.5,343.21,343.22999999999996,508
2026-07-22T14:54:00+00:00,343.22999999999996,343.25,342.35999999999996,342.53999999999996,590
2026-07-22T14:57:00+00:00,342.53999999999996,343.19,342.5,343.13,664
2026-07-22T15:00:00+00:00,343.13,343.66999999999996,343.02,343.64,875
2026-07-22T15:03:00+00:00,343.64,343.64,343.21999999999997,343.33,560
2026-07-22T15:06:00+00:00,343.33,343.56,343.21,343.31,546
2026-07-22T15:09:00+00:00,343.31,343.41999999999996,342.85999999999996,343.13,700
2026-07-22T15:12:00+00:00,343.13,343.13,342.28999999999996,342.63,781
2026-07-22T15:15:00+00:00,342.63,342.8,342.28999999999996,342.31,690
2026-07-22T15:18:00+00:00,342.31,342.57,341.97999999999996,342.3,495
2026-07-22T15:21:00+00:00,342.3,342.84,342.27,342.71,861
2026-07-22T15:24:00+00:00,342.71,342.90999999999997,342.51,342.52,634
2026-07-22T15:27:00+00:00,342.52,342.59999999999997,342.21,342.34,570
2026-07-22T15:30:00+00:00,342.34,342.47999999999996,342.09999999999997,342.10999999999996,590
2026-07-22T15:33:00+00:00,342.10999999999996,342.15,341.90999999999997,342.05,404
2026-07-22T15:36:00+00:00,342.05,342.21,341.90999999999997,342.15,566
2026-07-22T15:39:00+00:00,342.15,342.52,342.09,342.34999999999997,542
2026-07-22T15:42:00+00:00,342.34999999999997,342.71999999999997,342,342.21,511
2026-07-22T15:45:00+00:00,342.21,342.46999999999997,342.21,342.44,412
2026-07-22T15:48:00+00:00,342.44,342.81,342.22999999999996,342.57,406
2026-07-22T15:51:00+00:00,342.57,342.68,342.47999999999996,342.56,334
2026-07-22T15:54:00+00:00,342.56,342.69,342.4,342.59999999999997,398
2026-07-22T15:57:00+00:00,342.59999999999997,342.77,342.51,342.77,278
2026-07-22T16:00:00+00:00,342.77,342.78999999999996,342.31,342.46,323
2026-07-22T16:03:00+00:00,342.46,342.57,342.26,342.39,380
2026-07-22T16:06:00+00:00,342.39,342.62,342.31,342.34999999999997,297
2026-07-22T16:09:00+00:00,342.34999999999997,342.53,342.33,342.46999999999997,259
2026-07-22T16:12:00+00:00,342.46999999999997,342.68,342.46,342.65,233
2026-07-22T16:15:00+00:00,342.65,343.19,342.63,342.95,491
2026-07-22T16:18:00+00:00,342.95,343.2,342.84999999999997,343.10999999999996,436
2026-07-22T16:21:00+00:00,343.10999999999996,343.33,342.95,343.13,508
2026-07-22T16:24:00+00:00,343.13,343.21,342.9,343.10999999999996,308
2026-07-22T16:27:00+00:00,343.10999999999996,343.18,342.91999999999996,342.99,287
2026-07-22T16:30:00+00:00,342.99,343.02,342.53,342.56,302
2026-07-22T16:33:00+00:00,342.56,342.97999999999996,342.52,342.81,323
2026-07-22T16:36:00+00:00,342.81,343.15,342.71,342.8,317
2026-07-22T16:39:00+00:00,342.8,342.84999999999997,342.62,342.69,254
2026-07-22T16:42:00+00:00,342.69,342.78999999999996,342.45,342.65,336
2026-07-22T16:45:00+00:00,342.65,343.02,342.57,343.02,327
2026-07-22T16:48:00+00:00,343.02,343.15,342.87,342.96999999999997,260
2026-07-22T16:51:00+00:00,342.96999999999997,342.96999999999997,342.58,342.62,199
2026-07-22T16:54:00+00:00,342.62,342.90999999999997,342.56,342.84,312
2026-07-22T16:57:00+00:00,342.84,342.95,342.72999999999996,342.74,241
2026-07-22T17:00:00+00:00,342.74,342.82,342.46,342.51,337
2026-07-22T17:03:00+00:00,342.51,342.53,342.32,342.43,332
2026-07-22T17:06:00+00:00,342.43,342.5,342.31,342.49,243
2026-07-22T17:09:00+00:00,342.49,342.57,342.4,342.53999999999996,233
2026-07-22T17:12:00+00:00,342.53999999999996,342.78999999999996,342.46,342.74,315
2026-07-22T17:15:00+00:00,342.74,343.2,342.72999999999996,343.09999999999997,325
2026-07-22T17:18:00+00:00,343.09999999999997,343.25,343.07,343.16999999999996,244
2026-07-22T17:21:00+00:00,343.16999999999996,343.21,342.95,343.09,363
2026-07-22T17:24:00+00:00,343.09,343.25,342.84,343,239
2026-07-22T17:27:00+00:00,343,343,342.71999999999997,342.76,317
2026-07-22T17:30:00+00:00,342.76,342.84999999999997,342.55,342.7,249
2026-07-22T17:33:00+00:00,342.7,343.09,342.65,342.84999999999997,416
2026-07-22T17:36:00+00:00,342.84999999999997,343.07,342.8,342.97999999999996,304
2026-07-22T17:39:00+00:00,342.97999999999996,343.21999999999997,342.87,342.89,295
2026-07-22T17:42:00+00:00,342.89,342.93,342.76,342.8,264
2026-07-22T17:45:00+00:00,342.8,342.93,342.53999999999996,342.57,275
2026-07-22T17:48:00+00:00,342.57,342.71999999999997,342.40999999999997,342.41999999999996,330
2026-07-22T17:51:00+00:00,342.41999999999996,342.65999999999997,342.40999999999997,342.51,334
2026-07-22T17:54:00+00:00,342.51,342.65999999999997,342.13,342.15999999999997,376
2026-07-22T17:57:00+00:00,342.15999999999997,342.24,341.90999999999997,341.91999999999996,324
2026-07-22T18:00:00+00:00,341.91999999999996,342.10999999999996,341.72999999999996,341.74,300
2026-07-22T18:03:00+00:00,341.74,342.13,341.72999999999996,341.93,413
2026-07-22T18:06:00+00:00,341.93,342.26,341.83,342.12,300
2026-07-22T18:09:00+00:00,342.12,342.19,341.75,341.84999999999997,261
2026-07-22T18:12:00+00:00,341.84999999999997,341.84999999999997,341.56,341.57,295
2026-07-22T18:15:00+00:00,341.57,341.64,341.38,341.39,336
2026-07-22T18:18:00+00:00,341.39,341.59999999999997,341.38,341.46999999999997,267
2026-07-22T18:21:00+00:00,341.46999999999997,341.56,341.31,341.43,240
2026-07-22T18:24:00+00:00,341.43,341.64,341.33,341.62,225
2026-07-22T18:27:00+00:00,341.62,341.7,341.52,341.59999999999997,303
2026-07-22T18:30:00+00:00,341.59999999999997,341.83,341.35999999999996,341.44,356
2026-07-22T18:33:00+00:00,341.44,341.84999999999997,341.22999999999996,341.8,356
2026-07-22T18:36:00+00:00,341.8,341.81,341.60999999999996,341.65,264
2026-07-22T18:39:00+00:00,341.65,341.89,341.62,341.82,262
2026-07-22T18:42:00+00:00,341.82,341.91999999999996,341.65,341.7,251
2026-07-22T18:45:00+00:00,341.7,342.02,341.65999999999997,341.97999999999996,210
2026-07-22T18:48:00+00:00,341.97999999999996,342.26,341.85999999999996,341.96999999999997,251
2026-07-22T18:51:00+00:00,341.96999999999997,342.14,341.71999999999997,341.89,249
2026-07-22T18:54:00+00:00,341.89,341.96999999999997,341.71,341.74,324
2026-07-22T18:57:00+00:00,341.74,341.78999999999996,341.32,341.33,344
2026-07-22T19:00:00+00:00,341.33,341.38,340.76,340.88,483
2026-07-22T19:03:00+00:00,340.88,341.18,340.85999999999996,340.97999999999996,404
2026-07-22T19:06:00+00:00,340.97999999999996,341.34999999999997,340.97999999999996,341.12,487
2026-07-22T19:09:00+00:00,341.12,341.39,341.07,341.08,318
2026-07-22T19:12:00+00:00,341.08,341.25,340.96,341.13,460
2026-07-22T19:15:00+00:00,341.13,341.19,340.76,340.76,431
2026-07-22T19:18:00+00:00,340.76,340.9,340.57,340.57,467
2026-07-22T19:21:00+00:00,340.57,340.71999999999997,340.46999999999997,340.62,424
2026-07-22T19:24:00+00:00,340.62,340.77,340.40999999999997,340.52,398
2026-07-22T19:27:00+00:00,340.52,340.77,340.40999999999997,340.53999999999996,353
2026-07-22T19:30:00+00:00,340.53999999999996,340.7,340.05,340.07,462
2026-07-22T19:33:00+00:00,340.07,340.52,340.05,340.22999999999996,568
2026-07-22T19:36:00+00:00,340.22999999999996,340.38,339.72999999999996,340.21999999999997,670
2026-07-22T19:39:00+00:00,340.21999999999997,340.65999999999997,340.2,340.60999999999996,648
2026-07-22T19:42:00+00:00,340.60999999999996,340.87,340.38,340.62,767
2026-07-22T19:45:00+00:00,340.62,340.83,340.07,340.07,644
2026-07-22T19:48:00+00:00,340.07,340.16999999999996,339.31,339.44,964
2026-07-22T19:51:00+00:00,339.44,339.60999999999996,339.15,339.41999999999996,784
2026-07-22T19:54:00+00:00,339.41999999999996,339.58,337.85999999999996,338.3,1746
2026-07-22T19:57:00+00:00,338.3,338.4,337.28,337.97999999999996,2262
2026-07-23T13:30:00+00:00,337.97999999999996,337.97999999999996,316.13,317.08,1998
2026-07-23T13:33:00+00:00,317.08,317.46,315.86999999999995,316.21999999999997,1780
2026-07-23T13:36:00+00:00,316.21999999999997,317.78,316.21999999999997,317.19,1363
2026-07-23T13:39:00+00:00,317.19,318.08,316.4,316.65999999999997,1010
2026-07-23T13:42:00+00:00,316.65999999999997,317.41999999999996,315.82,315.82,994
2026-07-23T13:45:00+00:00,315.82,316.09999999999997,314.53,314.85999999999996,1137
2026-07-23T13:48:00+00:00,314.85999999999996,315.23999999999995,313.59999999999997,315.13,1189
2026-07-23T13:51:00+00:00,315.13,316.15,314.86999999999995,316.09999999999997,1332
2026-07-23T13:54:00+00:00,316.09999999999997,316.72999999999996,315.52,315.77,1406
2026-07-23T13:57:00+00:00,315.77,315.97999999999996,315.28,315.84,1255
2026-07-23T14:00:00+00:00,315.84,316.65999999999997,315.32,315.59999999999997,1203
2026-07-23T14:03:00+00:00,315.59999999999997,316.09999999999997,315.07,315.13,865
2026-07-23T14:06:00+00:00,315.13,315.47999999999996,313.72999999999996,313.84,835
2026-07-23T14:09:00+00:00,313.84,314.03,313.25,313.84999999999997,748
2026-07-23T14:12:00+00:00,313.84999999999997,314.28999999999996,313.34,313.34,717
2026-07-23T14:15:00+00:00,313.34,314.02,313.04999999999995,313.57,647
2026-07-23T14:18:00+00:00,313.57,313.97999999999996,313.22999999999996,313.40999999999997,650
2026-07-23T14:21:00+00:00,313.40999999999997,313.7,313.06,313.21999999999997,798
2026-07-23T14:24:00+00:00,313.21999999999997,313.31,312.29999999999995,312.88,801
2026-07-23T14:27:00+00:00,312.88,313.98999999999995,312.46999999999997,313.88,770
2026-07-23T14:30:00+00:00,313.88,313.89,312.91999999999996,313.06,693
2026-07-23T14:33:00+00:00,313.06,313.63,312.65,313.31,710
2026-07-23T14:36:00+00:00,313.31,314.82,313.21999999999997,314.72999999999996,636
2026-07-23T14:39:00+00:00,314.72999999999996,315.27,314.4,314.54999999999995,821
2026-07-23T14:42:00+00:00,314.54999999999995,314.66999999999996,314.15,314.36999999999995,611
2026-07-23T14:45:00+00:00,314.36999999999995,314.36999999999995,313.35999999999996,313.59,713
2026-07-23T14:48:00+00:00,313.59,313.71999999999997,312.5,312.9,877
2026-07-23T14:51:00+00:00,312.9,313.21,312.71999999999997,313.11999999999995,812
2026-07-23T14:54:00+00:00,313.11999999999995,313.2,312.86999999999995,313.17999999999995,468
2026-07-23T14:57:00+00:00,313.17999999999995,313.64,312.71999999999997,312.77,767
2026-07-23T15:00:00+00:00,312.77,312.88,312.15999999999997,312.29999999999995,1081
2026-07-23T15:03:00+00:00,312.29999999999995,312.71,311.89,311.98999999999995,980
2026-07-23T15:06:00+00:00,311.98999999999995,312.21999999999997,311.59,311.94,814
2026-07-23T15:09:00+00:00,311.94,311.96999999999997,311.29999999999995,311.48999999999995,936
2026-07-23T15:12:00+00:00,311.48999999999995,311.66999999999996,310.96999999999997,311.04999999999995,847
2026-07-23T15:15:00+00:00,311.04999999999995,311.09999999999997,310.61999999999995,311.03,683
2026-07-23T15:18:00+00:00,311.03,312.51,310.96,312.42999999999995,617
2026-07-23T15:21:00+00:00,312.42999999999995,312.82,312.31,312.44,588
2026-07-23T15:24:00+00:00,312.44,312.46,311.61999999999995,311.73999999999995,688
2026-07-23T15:27:00+00:00,311.73999999999995,312.34,311.64,312.21999999999997,535
2026-07-23T15:30:00+00:00,312.21999999999997,313.25,312.21999999999997,313,688
2026-07-23T15:33:00+00:00,313,313.27,312.72999999999996,313.16999999999996,514
2026-07-23T15:36:00+00:00,313.16999999999996,313.69,312.88,313.66999999999996,414
2026-07-23T15:39:00+00:00,313.66999999999996,314.5,313.63,314.14,565
2026-07-23T15:42:00+00:00,314.14,314.31,313.59999999999997,313.84,553
2026-07-23T15:45:00+00:00,313.84,314.10999999999996,313.33,314.10999999999996,548
2026-07-23T15:48:00+00:00,314.10999999999996,314.78,313.94,314.53999999999996,686
2026-07-23T15:51:00+00:00,314.53999999999996,315.23999999999995,314.33,315.03999999999996,625
2026-07-23T15:54:00+00:00,315.03999999999996,315.4,314.95,315.17999999999995,577
2026-07-23T15:57:00+00:00,315.17999999999995,315.44,314.96999999999997,314.96999999999997,653
2026-07-23T16:00:00+00:00,314.96999999999997,315.22999999999996,314.71,314.75,591
2026-07-23T16:03:00+00:00,314.75,314.75,314.09999999999997,314.5,648
2026-07-23T16:06:00+00:00,314.5,315.71,314.5,315.53999999999996,720
2026-07-23T16:09:00+00:00,315.53999999999996,316.11999999999995,315.53999999999996,315.84,648
2026-07-23T16:12:00+00:00,315.84,316.09999999999997,315.71999999999997,315.83,502
2026-07-23T16:15:00+00:00,315.83,316.47999999999996,315.82,316.47999999999996,442
2026-07-23T16:18:00+00:00,316.47999999999996,316.75,315.98999999999995,316.33,468
2026-07-23T16:21:00+00:00,316.33,316.5,316.02,316.5,715
2026-07-23T16:24:00+00:00,316.5,316.88,316.34,316.71999999999997,709
2026-07-23T16:27:00+00:00,316.71999999999997,317.25,316.52,316.64,862
2026-07-23T16:30:00+00:00,316.64,316.91999999999996,316.32,316.90999999999997,735
2026-07-23T16:33:00+00:00,316.90999999999997,317.10999999999996,315.59999999999997,315.73999999999995,762
2026-07-23T16:36:00+00:00,315.73999999999995,315.98999999999995,315.21999999999997,315.32,626
2026-07-23T16:39:00+00:00,315.32,315.46,314.96999999999997,315.16999999999996,493
2026-07-23T16:42:00+00:00,315.16999999999996,315.29999999999995,314.84999999999997,314.84999999999997,569
2026-07-23T16:45:00+00:00,314.84999999999997,315.02,314.54999999999995,314.72999999999996,616
2026-07-23T16:48:00+00:00,314.72999999999996,315.22999999999996,314.63,314.96999999999997,677
2026-07-23T16:51:00+00:00,314.96999999999997,315.14,314.65,314.96,502
2026-07-23T16:54:00+00:00,314.96,315.31,314.91999999999996,315.11999999999995,586
2026-07-23T16:57:00+00:00,315.11999999999995,315.78999999999996,314.91999999999996,315.75,493
2026-07-23T17:00:00+00:00,315.75,315.75,315.03999999999996,315.22999999999996,499
2026-07-23T17:03:00+00:00,315.22999999999996,315.71,315.17999999999995,315.57,461
2026-07-23T17:06:00+00:00,315.57,315.73999999999995,315.22999999999996,315.38,442
2026-07-23T17:09:00+00:00,315.38,315.89,315.33,315.44,474
2026-07-23T17:12:00+00:00,315.44,315.89,315.33,315.73999999999995,376
2026-07-23T17:15:00+00:00,315.73999999999995,315.94,315.63,315.72999999999996,283
2026-07-23T17:18:00+00:00,315.72999999999996,316.22999999999996,315.71999999999997,316.21999999999997,417
2026-07-23T17:21:00+00:00,316.21999999999997,316.39,315.85999999999996,316.26,377
2026-07-23T17:24:00+00:00,316.26,316.65999999999997,316.25,316.47999999999996,354
2026-07-23T17:27:00+00:00,316.47999999999996,316.67999999999995,316.07,316.19,400
2026-07-23T17:30:00+00:00,316.19,316.21,315.85999999999996,315.86999999999995,461
2026-07-23T17:33:00+00:00,315.86999999999995,316.06,315.54999999999995,315.56,668
2026-07-23T17:36:00+00:00,315.56,315.76,315.33,315.34999999999997,509
2026-07-23T17:39:00+00:00,315.34999999999997,315.61999999999995,315.23999999999995,315.29999999999995,444
2026-07-23T17:42:00+00:00,315.29999999999995,315.7,315.29999999999995,315.59,428
2026-07-23T17:45:00+00:00,315.59,315.69,315.32,315.46,446
2026-07-23T17:48:00+00:00,315.46,315.54999999999995,315.25,315.25,363
2026-07-23T17:51:00+00:00,315.25,315.73999999999995,315.04999999999995,315.65999999999997,539
2026-07-23T17:54:00+00:00,315.65999999999997,315.75,315.22999999999996,315.40999999999997,448
2026-07-23T17:57:00+00:00,315.40999999999997,315.53,315.09,315.40999999999997,473
2026-07-23T18:00:00+00:00,315.40999999999997,315.89,315.38,315.82,571
2026-07-23T18:03:00+00:00,315.82,315.96999999999997,315.63,315.65999999999997,647
2026-07-23T18:06:00+00:00,315.65999999999997,315.83,315.53,315.53,506
2026-07-23T18:09:00+00:00,315.53,315.83,315.52,315.72999999999996,505
2026-07-23T18:12:00+00:00,315.72999999999996,316.15999999999997,315.71999999999997,316.08,475
2026-07-23T18:15:00+00:00,316.08,316.21,315.91999999999996,315.95,364
2026-07-23T18:18:00+00:00,315.95,316.06,315.75,315.88,365
2026-07-23T18:21:00+00:00,315.88,315.95,315.66999999999996,315.84,367
2026-07-23T18:24:00+00:00,315.84,315.97999999999996,315.52,315.52,353
2026-07-23T18:27:00+00:00,315.52,315.69,315.46999999999997,315.65,313
2026-07-23T18:30:00+00:00,315.65,315.65,315.16999999999996,315.27,350
2026-07-23T18:33:00+00:00,315.27,315.51,315.04999999999995,315.04999999999995,351
2026-07-23T18:36:00+00:00,315.04999999999995,315.21999999999997,314.63,314.72999999999996,338
2026-07-23T18:39:00+00:00,314.72999999999996,314.78999999999996,314.29999999999995,314.34,458
2026-07-23T18:42:00+00:00,314.34,314.94,314.32,314.84999999999997,354
2026-07-23T18:45:00+00:00,314.84999999999997,315.09,314.78,315.07,331
2026-07-23T18:48:00+00:00,315.07,315.22999999999996,314.81,315.02,398
2026-07-23T18:51:00+00:00,315.02,315.23999999999995,314.96999999999997,315.14,426
2026-07-23T18:54:00+00:00,315.14,315.14,314.13,314.38,549
2026-07-23T18:57:00+00:00,314.38,314.64,314.27,314.44,476
2026-07-23T19:00:00+00:00,314.44,314.86999999999995,314.42999999999995,314.71,302
2026-07-23T19:03:00+00:00,314.71,314.77,314.28,314.48999999999995,258
2026-07-23T19:06:00+00:00,314.48999999999995,314.5,314.14,314.36999999999995,323
2026-07-23T19:09:00+00:00,314.36999999999995,314.38,313.92999999999995,314.07,378
2026-07-23T19:12:00+00:00,314.07,314.35999999999996,314.04999999999995,314.09,564
2026-07-23T19:15:00+00:00,314.09,314.21999999999997,313.97999999999996,314.11999999999995,683
2026-07-23T19:18:00+00:00,314.11999999999995,314.34999999999997,314.04999999999995,314.28999999999996,622
2026-07-23T19:21:00+00:00,314.28999999999996,314.61999999999995,314.14,314.21999999999997,702
2026-07-23T19:24:00+00:00,314.21999999999997,314.28,313.96999999999997,314.26,516
2026-07-23T19:27:00+00:00,314.26,314.65,314.17999999999995,314.28,487
2026-07-23T19:30:00+00:00,314.28,314.42999999999995,313.95,314.34999999999997,667
2026-07-23T19:33:00+00:00,314.34999999999997,314.58,314.17999999999995,314.2,474
2026-07-23T19:36:00+00:00,314.2,314.23999999999995,313.86999999999995,313.97999999999996,591
2026-07-23T19:39:00+00:00,313.97999999999996,314.09,313.63,313.73999999999995,507
2026-07-23T19:42:00+00:00,313.73999999999995,314.11999999999995,313.48999999999995,314.03,609
2026-07-23T19:45:00+00:00,314.03,314.96,313.92999999999995,314.71999999999997,585
2026-07-23T19:48:00+00:00,314.71999999999997,314.71999999999997,313.95,314.45,663
2026-07-23T19:51:00+00:00,314.45,314.61999999999995,313.97999999999996,314.57,760
2026-07-23T19:54:00+00:00,314.57,315.03,314.51,314.63,1015
2026-07-23T19:57:00+00:00,314.63,314.63,313.72999999999996,313.96,2024
2026-07-24T13:30:00+00:00,313.96,316.03,313.21999999999997,314.15999999999997,833
2026-07-24T13:33:00+00:00,314.15999999999997,316.04999999999995,314.15999999999997,315.54999999999995,586
2026-07-24T13:36:00+00:00,315.54999999999995,316.59,315.53,316.02,861
2026-07-24T13:39:00+00:00,316.02,316.26,315.32,315.96999999999997,877
2026-07-24T13:42:00+00:00,315.96999999999997,316.23999999999995,315.21999999999997,315.96999999999997,670
2026-07-24T13:45:00+00:00,315.96999999999997,316.46999999999997,315.41999999999996,316.21,778
2026-07-24T13:48:00+00:00,316.21,318.71,315.92999999999995,318.11999999999995,1000
2026-07-24T13:51:00+00:00,318.11999999999995,318.23999999999995,316.71999999999997,317.11999999999995,829
2026-07-24T13:54:00+00:00,317.11999999999995,318.40999999999997,316.90999999999997,318.33,956
2026-07-24T13:57:00+00:00,318.33,319.64,318.03,318.03,1108
2026-07-24T14:00:00+00:00,318.03,318.66999999999996,317.81,318.41999999999996,1008
2026-07-24T14:03:00+00:00,318.41999999999996,318.42999999999995,316.21999999999997,316.52,948
2026-07-24T14:06:00+00:00,316.52,316.53,315.28,315.82,736
2026-07-24T14:09:00+00:00,315.82,316.42999999999995,315.82,315.96999999999997,748
2026-07-24T14:12:00+00:00,315.96999999999997,316.63,315.71999999999997,316.52,676
2026-07-24T14:15:00+00:00,316.52,316.67999999999995,315.96,316.46999999999997,603
2026-07-24T14:18:00+00:00,316.46999999999997,317.08,316.36999999999995,316.69,603
2026-07-24T14:21:00+00:00,316.69,316.96999999999997,316.28,316.28,603
2026-07-24T14:24:00+00:00,316.28,316.79999999999995,316.14,316.38,453
2026-07-24T14:27:00+00:00,316.38,316.69,315.48999999999995,315.5,454
2026-07-24T14:30:00+00:00,315.5,315.5,314.52,314.61999999999995,564
2026-07-24T14:33:00+00:00,314.61999999999995,314.83,314.26,314.28,399
2026-07-24T14:36:00+00:00,314.28,314.48999999999995,314.16999999999996,314.39,670
2026-07-24T14:39:00+00:00,314.39,314.45,313.76,313.96999999999997,756
2026-07-24T14:42:00+00:00,313.96999999999997,314.06,313.35999999999996,313.46,528
2026-07-24T14:45:00+00:00,313.46,313.71999999999997,313.21999999999997,313.28999999999996,447
2026-07-24T14:48:00+00:00,313.28999999999996,314.19,313.22999999999996,314.19,467
2026-07-24T14:51:00+00:00,314.19,314.66999999999996,314.03999999999996,314.59,424
2026-07-24T14:54:00+00:00,314.59,314.59,314.15,314.22999999999996,414
2026-07-24T14:57:00+00:00,314.22999999999996,315.60999999999996,314.22999999999996,315.60999999999996,577
2026-07-24T15:00:00+00:00,315.60999999999996,315.86999999999995,315.33,315.53999999999996,701
2026-07-24T15:03:00+00:00,315.53999999999996,315.67999999999995,315.38,315.56,459
2026-07-24T15:06:00+00:00,315.56,315.84999999999997,315.52,315.53999999999996,487
2026-07-24T15:09:00+00:00,315.53999999999996,316.11999999999995,315.23999999999995,315.79999999999995,591
2026-07-24T15:12:00+00:00,315.79999999999995,316.41999999999996,315.67999999999995,316.21999999999997,557
2026-07-24T15:15:00+00:00,316.21999999999997,316.45,315.56,315.57,707
2026-07-24T15:18:00+00:00,315.57,315.84999999999997,315.06,315.10999999999996,432
2026-07-24T15:21:00+00:00,315.10999999999996,315.81,314.96999999999997,315.81,353
2026-07-24T15:24:00+00:00,315.81,316.40999999999997,315.71999999999997,316.23999999999995,494
2026-07-24T15:27:00+00:00,316.23999999999995,317.21,316.21999999999997,317.06,600
2026-07-24T15:30:00+00:00,317.06,317.46,316.96999999999997,316.96999999999997,436
2026-07-24T15:33:00+00:00,316.96999999999997,317.01,316.42999999999995,316.47999999999996,371
2026-07-24T15:36:00+00:00,316.47999999999996,317.19,316.32,317.07,430
2026-07-24T15:39:00+00:00,317.07,317.32,316.71999999999997,316.85999999999996,458
2026-07-24T15:42:00+00:00,316.85999999999996,316.85999999999996,316.22999999999996,316.26,372
2026-07-24T15:45:00+00:00,316.26,316.38,315.89,316.09,450
2026-07-24T15:48:00+00:00,316.09,316.32,315.71999999999997,316.03999999999996,395
2026-07-24T15:51:00+00:00,316.03999999999996,316.28,315.72999999999996,316.01,352
2026-07-24T15:54:00+00:00,316.01,316.08,315.61999999999995,315.72999999999996,332
2026-07-24T15:57:00+00:00,315.72999999999996,315.78,315.32,315.57,264
2026-07-24T16:00:00+00:00,315.57,315.59,315.23999999999995,315.41999999999996,278
2026-07-24T16:03:00+00:00,315.41999999999996,315.56,315.32,315.34,222
2026-07-24T16:06:00+00:00,315.34,315.47999999999996,314.94,315.40999999999997,359
2026-07-24T16:09:00+00:00,315.40999999999997,315.46999999999997,315.02,315.04999999999995,317
2026-07-24T16:12:00+00:00,315.04999999999995,315.19,314.72999999999996,314.97999999999996,351
2026-07-24T16:15:00+00:00,314.97999999999996,315.15,314.84999999999997,314.98999999999995,353
2026-07-24T16:18:00+00:00,314.98999999999995,315.52,314.96999999999997,315.21,385
2026-07-24T16:21:00+00:00,315.21,315.33,315.04999999999995,315.11999999999995,319
2026-07-24T16:24:00+00:00,315.11999999999995,315.34999999999997,315.09999999999997,315.21999999999997,224
2026-07-24T16:27:00+00:00,315.21999999999997,315.32,314.78999999999996,314.81,295
2026-07-24T16:30:00+00:00,314.81,314.83,314.21999999999997,314.31,389
2026-07-24T16:33:00+00:00,314.31,314.52,313.86999999999995,314.34,487
2026-07-24T16:36:00+00:00,314.34,315.02,314.34,314.73999999999995,418
2026-07-24T16:39:00+00:00,314.73999999999995,314.91999999999996,314.61999999999995,314.61999999999995,399
2026-07-24T16:42:00+00:00,314.61999999999995,314.82,314.22999999999996,314.34999999999997,414
2026-07-24T16:45:00+00:00,314.34999999999997,314.35999999999996,314,314.02,434
2026-07-24T16:48:00+00:00,314.02,314.39,313.96999999999997,314.39,309
2026-07-24T16:51:00+00:00,314.39,314.60999999999996,314.28999999999996,314.44,510
2026-07-24T16:54:00+00:00,314.44,314.83,314.36999999999995,314.71999999999997,530
2026-07-24T16:57:00+00:00,314.71999999999997,314.78,314.52,314.59999999999997,446
2026-07-24T17:00:00+00:00,314.59999999999997,314.98999999999995,314.46,314.72999999999996,528
2026-07-24T17:03:00+00:00,314.72999999999996,314.76,314.52,314.56,275
2026-07-24T17:06:00+00:00,314.56,315.13,314.08,314.77,627
2026-07-24T17:09:00+00:00,314.77,315.03999999999996,314.59,314.88,434
2026-07-24T17:12:00+00:00,314.88,315.42999999999995,314.86999999999995,315.23999999999995,431
2026-07-24T17:15:00+00:00,315.23999999999995,315.63,315.07,315.47999999999996,456
2026-07-24T17:18:00+00:00,315.47999999999996,315.63,315.33,315.53,367
2026-07-24T17:21:00+00:00,315.53,315.7,315.42999999999995,315.56,475
2026-07-24T17:24:00+00:00,315.56,315.95,315.46999999999997,315.83,405
2026-07-24T17:27:00+00:00,315.83,316.01,315.5,315.65999999999997,457
2026-07-24T17:30:00+00:00,315.65999999999997,316.01,315.61999999999995,315.89,426
2026-07-24T17:33:00+00:00,315.89,315.98999999999995,315.61999999999995,315.63,406
2026-07-24T17:36:00+00:00,315.63,315.78999999999996,315.16999999999996,315.16999999999996,366
2026-07-24T17:39:00+00:00,315.16999999999996,315.22999999999996,315.01,315.17999999999995,414
2026-07-24T17:42:00+00:00,315.17999999999995,315.23999999999995,314.86999999999995,314.86999999999995,278
2026-07-24T17:45:00+00:00,314.86999999999995,314.96999999999997,314.61999999999995,314.64,317
2026-07-24T17:48:00+00:00,314.64,315.11999999999995,314.58,315.07,371
2026-07-24T17:51:00+00:00,315.07,315.15999999999997,314.79999999999995,314.95,263
2026-07-24T17:54:00+00:00,314.95,315.38,314.95,315.23999999999995,358
2026-07-24T17:57:00+00:00,315.23999999999995,315.34999999999997,315.15,315.25,304
2026-07-24T18:00:00+00:00,315.25,315.40999999999997,315.14,315.29999999999995,303
2026-07-24T18:03:00+00:00,315.29999999999995,315.82,315.21,315.71999999999997,237
2026-07-24T18:06:00+00:00,315.71999999999997,316.34999999999997,315.65999999999997,316.21999999999997,480
2026-07-24T18:09:00+00:00,316.21999999999997,316.27,315.84,315.97999999999996,362
2026-07-24T18:12:00+00:00,315.97999999999996,316.31,315.96999999999997,316.09,358
2026-07-24T18:15:00+00:00,316.09,316.35999999999996,316.06,316.07,430
2026-07-24T18:18:00+00:00,316.07,316.28999999999996,315.78999999999996,315.86999999999995,339
2026-07-24T18:21:00+00:00,315.86999999999995,315.95,315.71999999999997,315.89,449
2026-07-24T18:24:00+00:00,315.89,315.98999999999995,315.38,315.60999999999996,398
2026-07-24T18:27:00+00:00,315.60999999999996,315.75,315.33,315.34999999999997,395
2026-07-24T18:30:00+00:00,315.34999999999997,315.56,315.27,315.44,464
2026-07-24T18:33:00+00:00,315.44,315.51,314.97999999999996,315.35999999999996,397
2026-07-24T18:36:00+00:00,315.35999999999996,315.35999999999996,314.89,315.07,415
2026-07-24T18:39:00+00:00,315.07,315.19,314.84999999999997,314.88,378
2026-07-24T18:42:00+00:00,314.88,314.94,314.58,314.59999999999997,388
2026-07-24T18:45:00+00:00,314.59999999999997,314.86999999999995,314.46999999999997,314.77,398
2026-07-24T18:48:00+00:00,314.77,314.81,314.47999999999996,314.59,309
2026-07-24T18:51:00+00:00,314.59,314.73999999999995,314.52,314.53999999999996,282
2026-07-24T18:54:00+00:00,314.53999999999996,314.66999999999996,314.28,314.52,306
2026-07-24T18:57:00+00:00,314.52,314.69,314.40999999999997,314.63,217
2026-07-24T19:00:00+00:00,314.63,315.14,314.61999999999995,314.96999999999997,352
2026-07-24T19:03:00+00:00,314.96999999999997,315.09,314.84999999999997,314.97999999999996,415
2026-07-24T19:06:00+00:00,314.97999999999996,315.33,314.92999999999995,315.19,554
2026-07-24T19:09:00+00:00,315.19,315.23999999999995,314.94,315.22999999999996,564
2026-07-24T19:12:00+00:00,315.22999999999996,315.48999999999995,315.11999999999995,315.21,367
2026-07-24T19:15:00+00:00,315.21,315.35999999999996,315.11999999999995,315.15,436
2026-07-24T19:18:00+00:00,315.15,315.38,314.82,314.83,412
2026-07-24T19:21:00+00:00,314.83,315.10999999999996,314.77,314.83,465
2026-07-24T19:24:00+00:00,314.83,315.03999999999996,314.65,314.95,341
2026-07-24T19:27:00+00:00,314.95,314.95,314.66999999999996,314.71999999999997,344
2026-07-24T19:30:00+00:00,314.71999999999997,314.82,314.46999999999997,314.81,591
2026-07-24T19:33:00+00:00,314.81,315.09,314.60999999999996,314.94,695
2026-07-24T19:36:00+00:00,314.94,315.06,314.81,314.96,499
2026-07-24T19:39:00+00:00,314.96,315.48999999999995,314.96,315.33,476
2026-07-24T19:42:00+00:00,315.33,315.48999999999995,314.96,315.47999999999996,368
2026-07-24T19:45:00+00:00,315.47999999999996,315.54999999999995,315.02,315.06,467
2026-07-24T19:48:00+00:00,315.06,315.53999999999996,314.90999999999997,314.91999999999996,521
2026-07-24T19:51:00+00:00,314.91999999999996,315.16999999999996,314.90999999999997,315.16999999999996,666
2026-07-24T19:54:00+00:00,315.16999999999996,315.71999999999997,314.96999999999997,314.98999999999995,888
2026-07-24T19:57:00+00:00,314.98999999999995,315.07,314.39,314.82,1177
2026-07-27T13:30:00+00:00,314.82,322.65999999999997,314.82,322.29999999999995,555
2026-07-27T13:33:00+00:00,322.29999999999995,323.66999999999996,320.95,323.63,639
2026-07-27T13:36:00+00:00,323.63,324.13,323.28999999999996,323.71999999999997,613
2026-07-27T13:39:00+00:00,323.71999999999997,323.96999999999997,322.73999999999995,323.83,583
2026-07-27T13:42:00+00:00,323.83,324.34999999999997,323.71999999999997,323.86999999999995,1068
2026-07-27T13:45:00+00:00,323.86999999999995,324.53,323.84,323.96,1360
2026-07-27T13:48:00+00:00,323.96,324.14,322.5,323.46,1539
2026-07-27T13:51:00+00:00,323.46,324.03999999999996,323.31,324.03999999999996,1102
2026-07-27T13:54:00+00:00,324.03999999999996,324.41999999999996,323.40999999999997,323.41999999999996,1308
2026-07-27T13:57:00+00:00,323.41999999999996,323.73999999999995,322.81,322.91999999999996,1183
2026-07-27T14:00:00+00:00,322.91999999999996,323.66999999999996,322.72999999999996,323.58,1210
2026-07-27T14:03:00+00:00,323.58,324.03,323.27,323.67999999999995,1187
2026-07-27T14:06:00+00:00,323.67999999999995,324.91999999999996,323.38,324.90999999999997,978
2026-07-27T14:09:00+00:00,324.90999999999997,325.03,323.9,324.58,1284
2026-07-27T14:12:00+00:00,324.58,325.27,324.4,325.01,1180
2026-07-27T14:15:00+00:00,325.01,325.73999999999995,325.01,325.46,1269
2026-07-27T14:18:00+00:00,325.46,325.46999999999997,324.85999999999996,325.02,1170
2026-07-27T14:21:00+00:00,325.02,325.09,323.75,323.82,998
2026-07-27T14:24:00+00:00,323.82,323.95,323.22999999999996,323.28,1157
2026-07-27T14:27:00+00:00,323.28,323.28,321.97999999999996,322,1616
2026-07-27T14:30:00+00:00,322,322.26,321.4,321.71999999999997,1450
2026-07-27T14:33:00+00:00,321.71999999999997,322.23999999999995,321.27,321.45,1429
2026-07-27T14:36:00+00:00,321.45,321.85999999999996,320.75,321.11999999999995,1318
2026-07-27T14:39:00+00:00,321.11999999999995,321.58,320.22999999999996,320.22999999999996,1205
2026-07-27T14:42:00+00:00,320.22999999999996,320.78,320.22999999999996,320.60999999999996,1123
2026-07-27T14:45:00+00:00,320.60999999999996,321.61999999999995,320.60999999999996,321.61999999999995,931
2026-07-27T14:48:00+00:00,321.61999999999995,322.88,321.61999999999995,322.64,1138
2026-07-27T14:51:00+00:00,322.64,323.29999999999995,322.39,322.94,997
2026-07-27T14:54:00+00:00,322.94,323.85999999999996,322.73999999999995,323.85999999999996,1065
2026-07-27T14:57:00+00:00,323.85999999999996,323.96999999999997,323.23999999999995,323.28999999999996,662
2026-07-27T15:00:00+00:00,323.28999999999996,324.72999999999996,323.07,324.65,724
2026-07-27T15:03:00+00:00,324.65,325.41999999999996,324.65,325.23999999999995,865
2026-07-27T15:06:00+00:00,325.23999999999995,325.33,324.72999999999996,325.2,688
2026-07-27T15:09:00+00:00,325.2,325.27,324.19,324.64,877
2026-07-27T15:12:00+00:00,324.64,325.28999999999996,324.5,325.04999999999995,602
2026-07-27T15:15:00+00:00,325.04999999999995,325.10999999999996,324.16999999999996,324.17999999999995,690
2026-07-27T15:18:00+00:00,324.17999999999995,324.59,323.77,324.2,1009
2026-07-27T15:21:00+00:00,324.2,324.33,323.88,324.10999999999996,854
2026-07-27T15:24:00+00:00,324.10999999999996,324.39,324.02,324.28999999999996,708
2026-07-27T15:27:00+00:00,324.28999999999996,324.36999999999995,323.56,323.88,807
2026-07-27T15:30:00+00:00,323.88,323.88,323.23999999999995,323.31,782
2026-07-27T15:33:00+00:00,323.31,323.46999999999997,322.88,322.89,780
2026-07-27T15:36:00+00:00,322.89,323.32,322.78999999999996,323.23999999999995,918
2026-07-27T15:39:00+00:00,323.23999999999995,323.46999999999997,323.16999999999996,323.28,888
2026-07-27T15:42:00+00:00,323.28,323.53999999999996,323.06,323.22999999999996,919
2026-07-27T15:45:00+00:00,323.22999999999996,323.4,322.95,323.29999999999995,615
2026-07-27T15:48:00+00:00,323.29999999999995,324.11999999999995,323.17999999999995,324.11999999999995,755
2026-07-27T15:51:00+00:00,324.11999999999995,324.57,323.73999999999995,323.96,713
2026-07-27T15:54:00+00:00,323.96,324.53,323.90999999999997,324.28,524
2026-07-27T15:57:00+00:00,324.28,324.42999999999995,323.91999999999996,324.08,595
2026-07-27T16:00:00+00:00,324.08,324.45,324.01,324.15,559
2026-07-27T16:03:00+00:00,324.15,324.72999999999996,324.15,324.41999999999996,450
2026-07-27T16:06:00+00:00,324.41999999999996,324.56,324.22999999999996,324.47999999999996,524
2026-07-27T16:09:00+00:00,324.47999999999996,324.5,324.09999999999997,324.21999999999997,565
2026-07-27T16:12:00+00:00,324.21999999999997,324.29999999999995,323.4,323.53,643
2026-07-27T16:15:00+00:00,323.53,323.88,323.40999999999997,323.53,636
2026-07-27T16:18:00+00:00,323.53,323.73999999999995,323.4,323.45,445
2026-07-27T16:21:00+00:00,323.45,323.46999999999997,323.13,323.39,540
2026-07-27T16:24:00+00:00,323.39,324.21,323.38,323.85999999999996,1346
2026-07-27T16:27:00+00:00,323.85999999999996,324.15999999999997,323.4,323.46999999999997,808
2026-07-27T16:30:00+00:00,323.46999999999997,323.88,323.38,323.71999999999997,755
2026-07-27T16:33:00+00:00,323.71999999999997,323.90999999999997,323.44,323.79999999999995,538
2026-07-27T16:36:00+00:00,323.79999999999995,323.84999999999997,323.52,323.53999999999996,605
2026-07-27T16:39:00+00:00,323.53999999999996,323.53999999999996,323.13,323.15,410
2026-07-27T16:42:00+00:00,323.15,323.26,322.91999999999996,322.97999999999996,454
2026-07-27T16:45:00+00:00,322.97999999999996,323.38,322.97999999999996,323.26,462
2026-07-27T16:48:00+00:00,323.26,323.34999999999997,322.83,322.83,395
2026-07-27T16:51:00+00:00,322.83,322.86999999999995,322.27,322.29999999999995,508
2026-07-27T16:54:00+00:00,322.29999999999995,322.46999999999997,322.21999999999997,322.42999999999995,452
2026-07-27T16:57:00+00:00,322.42999999999995,322.48999999999995,322.03,322.23999999999995,345
2026-07-27T17:00:00+00:00,322.23999999999995,322.32,321.51,321.69,435
2026-07-27T17:03:00+00:00,321.69,322,321.59999999999997,321.95,673
2026-07-27T17:06:00+00:00,321.95,322.22999999999996,321.81,322.02,613
2026-07-27T17:09:00+00:00,322.02,322.34999999999997,321.92999999999995,322.23999999999995,527
2026-07-27T17:12:00+00:00,322.23999999999995,322.56,322.13,322.47999999999996,469
2026-07-27T17:15:00+00:00,322.47999999999996,322.54999999999995,322.10999999999996,322.16999999999996,455
2026-07-27T17:18:00+00:00,322.16999999999996,322.86999999999995,322.10999999999996,322.84999999999997,383
2026-07-27T17:21:00+00:00,322.84999999999997,322.89,322.33,322.38,473
2026-07-27T17:24:00+00:00,322.38,322.51,322.22999999999996,322.27,182
2026-07-27T17:27:00+00:00,322.27,322.5,322.27,322.36999999999995,223
2026-07-27T17:30:00+00:00,322.36999999999995,322.5,322.26,322.41999999999996,345
2026-07-27T17:33:00+00:00,322.41999999999996,322.44,321.95,322.01,344
2026-07-27T17:36:00+00:00,322.01,322.29999999999995,321.86999999999995,322.10999999999996,358
2026-07-27T17:39:00+00:00,322.10999999999996,322.19,321.84,322.16999999999996,266
2026-07-27T17:42:00+00:00,322.16999999999996,322.22999999999996,321.91999999999996,322,296
2026-07-27T17:45:00+00:00,322,322.38,321.92999999999995,322.07,353
2026-07-27T17:48:00+00:00,322.07,322.16999999999996,321.95,322.06,320
2026-07-27T17:51:00+00:00,322.06,322.25,321.95,322.21,357
2026-07-27T17:54:00+00:00,322.21,322.32,-1457.61,-1457.4299999999998,463.09334406253595
2026-07-27T17:57:00+00:00,326.26,326.4,325.91,325.91,8
2026-07-27T18:00:00+00:00,325.91,325.91,325.61,325.61,4
2026-07-27T18:03:00+00:00,-1458.02,325.72,-1458.1699999999998,325.72,268.17531381416256
2026-07-27T18:06:00+00:00,-1457.9099999999999,-1457.7399999999998,-1457.9599999999998,-1457.87,493.5524818591517
2026-07-27T18:09:00+00:00,-1457.8999999999999,325.72,-1458.1999999999998,325.71,307.7051191720179
2026-07-27T18:12:00+00:00,325.71,326.11,-1457.6899999999998,-1457.6899999999998,171.09306683322924
2026-07-27T18:15:00+00:00,326.05,326.05,325.71,325.88,202
2026-07-27T18:18:00+00:00,325.88,326.03,325.6,325.62,256
2026-07-27T18:21:00+00:00,325.62,325.79,325.56,325.62,228
2026-07-27T18:24:00+00:00,325.62,325.99,325.61,325.86,223
2026-07-27T18:27:00+00:00,325.86,326.03,325.73,325.94,228
2026-07-27T18:30:00+00:00,325.94,325.97,325.48,325.69,436
2026-07-27T18:33:00+00:00,325.69,325.76,325.48,325.64,405
2026-07-27T18:36:00+00:00,325.64,325.83,325.59,325.68,325
2026-07-27T18:39:00+00:00,325.68,326.33,325.63,326.2,471
2026-07-27T18:42:00+00:00,326.2,326.4,326.15,326.35,366
2026-07-27T18:45:00+00:00,326.35,326.71,326.24,326.67,279
2026-07-27T18:48:00+00:00,326.67,326.76,326.54,326.66,272
2026-07-27T18:51:00+00:00,326.66,327.36,326.52,327.36,325
2026-07-27T18:54:00+00:00,327.36,327.66,327.17,327.39,446
2026-07-27T18:57:00+00:00,327.39,327.54,327.21,327.31,469
2026-07-27T19:00:00+00:00,327.31,327.35,326.99,327,226
2026-07-27T19:03:00+00:00,327,327.03,326.81,326.94,291
2026-07-27T19:06:00+00:00,326.94,327,326.78,326.81,202
2026-07-27T19:09:00+00:00,326.81,327.31,326.77,327.13,529
2026-07-27T19:12:00+00:00,327.13,327.21,326.93,327.11,336
2026-07-27T19:15:00+00:00,327.11,327.32,327.11,327.2,264
2026-07-27T19:18:00+00:00,327.2,327.46,327.12,327.43,249
2026-07-27T19:21:00+00:00,327.43,327.5,327.3,327.32,248
2026-07-27T19:24:00+00:00,327.32,327.48,327.26,327.29,251
2026-07-27T19:27:00+00:00,327.29,327.38,327.15,327.26,261
2026-07-27T19:30:00+00:00,327.26,327.47,327.09,327.43,318
2026-07-27T19:33:00+00:00,327.43,327.75,327.39,327.4,284
2026-07-27T19:36:00+00:00,327.4,327.7,327.22,327.56,417
2026-07-27T19:39:00+00:00,327.56,327.62,327.28,327.39,293
2026-07-27T19:42:00+00:00,327.39,327.52,327.23,327.33,309
2026-07-27T19:45:00+00:00,327.33,327.33,326.91,327.28,584
2026-07-27T19:48:00+00:00,327.28,327.37,327.08,327.16,523
2026-07-27T19:51:00+00:00,327.16,327.28,326.77,326.79,517
2026-07-27T19:54:00+00:00,326.79,327.07,326.58,326.81,627
2026-07-27T19:57:00+00:00,326.81,326.87,325.92,326.44,1192
2026-07-28T13:30:00+00:00,326.44,329.97,326.38,327.21,976
2026-07-28T13:33:00+00:00,327.21,328.05,326.93,327.63,964
2026-07-28T13:36:00+00:00,327.63,328.65,327.4,327.83,1072
2026-07-28T13:39:00+00:00,327.83,327.92,325.7,325.72,1718
2026-07-28T13:42:00+00:00,325.72,325.83,325.01,325.47,1761
2026-07-28T13:45:00+00:00,325.47,325.75,324.38,324.47,1740
2026-07-28T13:48:00+00:00,324.47,325.72,324.47,325.3,1883
2026-07-28T13:51:00+00:00,325.3,327.54,325.3,327.29,1887
2026-07-28T13:54:00+00:00,327.29,327.48,325.78,325.85,1571
2026-07-28T13:57:00+00:00,325.85,326.13,325,325.08,1024
2026-07-28T14:00:00+00:00,325.08,326.77,324.92,326.77,1246
2026-07-28T14:03:00+00:00,326.77,326.87,326.06,326.57,1369
2026-07-28T14:06:00+00:00,326.57,327.14,326.34,327.1,1140
2026-07-28T14:09:00+00:00,327.1,327.5,326.21,326.28,1278
2026-07-28T14:12:00+00:00,326.28,326.9,326.23,326.79,1016
2026-07-28T14:15:00+00:00,326.79,327.18,326.46,326.72,1476
2026-07-28T14:18:00+00:00,326.72,327.38,326.44,327.14,1315
2026-07-28T14:21:00+00:00,327.14,327.71,326.58,327.71,1869
2026-07-28T14:24:00+00:00,327.71,327.71,326.72,327.19,1509
2026-07-28T14:27:00+00:00,327.19,327.7,326.99,327.48,1421
2026-07-28T14:30:00+00:00,327.48,327.68,327.07,327.51,1019
2026-07-28T14:33:00+00:00,327.51,327.77,327.19,327.39,1194
2026-07-28T14:36:00+00:00,327.39,327.63,327.08,327.37,1051
2026-07-28T14:39:00+00:00,327.37,327.37,326.88,327.25,1102
2026-07-28T14:42:00+00:00,327.25,327.83,327.25,327.71,926
2026-07-28T14:45:00+00:00,327.71,328.54,327.54,328.38,819
2026-07-28T14:48:00+00:00,328.38,328.49,328,328.01,992
2026-07-28T14:51:00+00:00,328.01,328.6,327.98,328.26,808
2026-07-28T14:54:00+00:00,328.26,328.77,328.23,328.58,686
2026-07-28T14:57:00+00:00,328.58,328.66,328.19,328.35,615
2026-07-28T15:00:00+00:00,328.35,329.55,328.34,328.95,1050
2026-07-28T15:03:00+00:00,328.95,329.05,328.38,329.02,877
2026-07-28T15:06:00+00:00,329.02,329.67,329,329.19,913
2026-07-28T15:09:00+00:00,329.19,329.34,328.49,329.03,1183
2026-07-28T15:12:00+00:00,329.03,330.05,328.89,329.95,1006
2026-07-28T15:15:00+00:00,329.95,331.05,329.88,331.05,1058
2026-07-28T15:18:00+00:00,331.05,332.39,330.93,332.26,1406
2026-07-28T15:21:00+00:00,332.26,332.57,331.48,331.79,1342
2026-07-28T15:24:00+00:00,331.79,331.81,331.1,331.76,1095
2026-07-28T15:27:00+00:00,331.76,332.1,331.72,331.81,948
2026-07-28T15:30:00+00:00,331.81,332.13,331.68,331.84,1009
2026-07-28T15:33:00+00:00,331.84,332.31,331.82,332.25,1019
2026-07-28T15:36:00+00:00,332.25,332.83,332.2,332.7,896
2026-07-28T15:39:00+00:00,332.7,333.1,332.54,332.6,810
2026-07-28T15:42:00+00:00,332.6,332.79,332.42,332.69,725
2026-07-28T15:45:00+00:00,332.69,332.85,332.09,332.5,679
2026-07-28T15:48:00+00:00,332.5,332.6,331.73,331.73,854
2026-07-28T15:51:00+00:00,331.73,332.61,331.64,332.5,650
2026-07-28T15:54:00+00:00,332.5,332.85,332.38,332.74,769
2026-07-28T15:57:00+00:00,332.74,332.93,332.63,332.82,632
2026-07-28T16:00:00+00:00,332.82,332.94,332.38,332.46,830
2026-07-28T16:03:00+00:00,332.46,332.55,332.19,332.21,751
2026-07-28T16:06:00+00:00,332.21,332.67,332.19,332.63,597
2026-07-28T16:09:00+00:00,332.63,332.63,332.24,332.47,748
2026-07-28T16:12:00+00:00,332.47,332.6,332.33,332.5,602
2026-07-28T16:15:00+00:00,332.5,333.27,332.46,333.14,720
2026-07-28T16:18:00+00:00,333.14,333.49,333.03,333.23,646
2026-07-28T16:21:00+00:00,333.23,333.35,333.03,333.12,496
2026-07-28T16:24:00+00:00,333.12,333.23,332.88,333.02,613
2026-07-28T16:27:00+00:00,333.02,333.24,332.72,332.78,376
2026-07-28T16:30:00+00:00,332.78,332.86,332.42,332.5,675
2026-07-28T16:33:00+00:00,332.5,332.59,332.28,332.49,393
2026-07-28T16:36:00+00:00,332.49,332.98,332.42,332.85,416
2026-07-28T16:39:00+00:00,332.85,333.16,332.79,333.16,340
2026-07-28T16:42:00+00:00,333.16,333.23,332.92,332.93,351
2026-07-28T16:45:00+00:00,332.93,332.99,332.7,332.88,354
2026-07-28T16:48:00+00:00,332.88,333.2,332.74,333.2,369
2026-07-28T16:51:00+00:00,333.2,333.59,333.15,333.45,365
2026-07-28T16:54:00+00:00,333.45,333.64,333.3,333.63,400
2026-07-28T16:57:00+00:00,333.63,333.76,333.45,333.74,337
2026-07-28T17:00:00+00:00,333.74,333.98,333.59,333.84,499
2026-07-28T17:03:00+00:00,333.84,333.91,333.45,333.59,673
2026-07-28T17:06:00+00:00,333.59,333.66,333.21,333.21,675
2026-07-28T17:09:00+00:00,333.21,333.46,332.88,333.4,507
2026-07-28T17:12:00+00:00,333.4,333.53,333.29,333.48,495
2026-07-28T17:15:00+00:00,333.48,333.73,333.45,333.47,458
2026-07-28T17:18:00+00:00,333.47,333.98,333.47,333.76,650
2026-07-28T17:21:00+00:00,333.76,334.15,333.73,333.96,651
2026-07-28T17:24:00+00:00,333.96,334.13,333.79,334.09,439
2026-07-28T17:27:00+00:00,334.09,334.43,333.89,334.2,624
2026-07-28T17:30:00+00:00,334.2,334.82,334.18,334.53,481
2026-07-28T17:33:00+00:00,334.53,335.02,334.49,334.7,453
2026-07-28T17:36:00+00:00,334.7,334.97,334.69,334.79,320
2026-07-28T17:39:00+00:00,334.79,334.98,334.58,334.75,503
2026-07-28T17:42:00+00:00,334.75,334.83,333.88,333.96,702
2026-07-28T17:45:00+00:00,333.96,334.13,333.76,334.11,603
2026-07-28T17:48:00+00:00,334.11,334.86,334.11,334.67,754
2026-07-28T17:51:00+00:00,334.67,334.77,334.29,334.38,479
2026-07-28T17:54:00+00:00,334.38,334.67,334.24,334.65,459
2026-07-28T17:57:00+00:00,334.65,334.99,334.6,334.95,339
2026-07-28T18:00:00+00:00,334.95,334.95,334.29,334.43,649
2026-07-28T18:03:00+00:00,334.43,334.59,333.9,333.9,547
2026-07-28T18:06:00+00:00,333.9,333.91,333.59,333.73,458
2026-07-28T18:09:00+00:00,333.73,333.94,333.58,333.64,420
2026-07-28T18:12:00+00:00,333.64,333.85,333.47,333.85,353
2026-07-28T18:15:00+00:00,333.85,333.89,333.58,333.74,506
2026-07-28T18:18:00+00:00,333.74,334.31,333.74,334.25,359
2026-07-28T18:21:00+00:00,334.25,334.45,334.22,334.31,288
2026-07-28T18:24:00+00:00,334.31,334.39,333.74,334.02,639
2026-07-28T18:27:00+00:00,334.02,334.27,333.86,334.06,464
2026-07-28T18:30:00+00:00,334.06,334.23,333.74,333.98,676
2026-07-28T18:33:00+00:00,333.98,334.35,333.94,334.12,369
2026-07-28T18:36:00+00:00,334.12,334.42,334.09,334.33,366
2026-07-28T18:39:00+00:00,334.33,334.57,334.14,334.4,571
2026-07-28T18:42:00+00:00,334.4,334.73,334.28,334.67,454
2026-07-28T18:45:00+00:00,334.67,335.01,334.62,334.88,390
2026-07-28T18:48:00+00:00,334.88,335.07,334.81,335.07,314
2026-07-28T18:51:00+00:00,335.07,335.07,334.68,334.7,434
2026-07-28T18:54:00+00:00,334.7,334.86,334.45,334.5,366
2026-07-28T18:57:00+00:00,334.5,334.65,334.36,334.42,376
2026-07-28T19:00:00+00:00,334.42,334.6,334.34,334.5,528
2026-07-28T19:03:00+00:00,334.5,334.58,334.32,334.45,302
2026-07-28T19:06:00+00:00,334.45,334.51,333.95,334,491
2026-07-28T19:09:00+00:00,334,334.05,333.3,333.37,366
2026-07-28T19:12:00+00:00,333.37,333.65,333.22,333.55,472
2026-07-28T19:15:00+00:00,333.55,333.66,333.37,333.54,441
2026-07-28T19:18:00+00:00,333.54,333.56,333.31,333.32,546
2026-07-28T19:21:00+00:00,333.32,333.36,333.07,333.09,355
2026-07-28T19:24:00+00:00,333.09,333.19,332.99,333.08,410
2026-07-28T19:27:00+00:00,333.08,333.54,333.04,333.48,508
2026-07-28T19:30:00+00:00,333.48,333.8,333.34,333.58,633
2026-07-28T19:33:00+00:00,333.58,333.75,333.06,333.23,667
2026-07-28T19:36:00+00:00,333.23,333.59,333.13,333.52,434
2026-07-28T19:39:00+00:00,333.52,333.74,333.21,333.32,532
2026-07-28T19:42:00+00:00,333.32,333.62,333.15,333.43,430
2026-07-28T19:45:00+00:00,333.43,333.51,332.72,332.89,701
2026-07-28T19:48:00+00:00,332.89,333.07,332.43,332.43,723
2026-07-28T19:51:00+00:00,332.43,332.67,332.21,332.54,827
2026-07-28T19:54:00+00:00,332.54,332.75,332.11,332.49,1475
2026-07-28T19:57:00+00:00,332.49,332.73,332.01,332.58,1813
2026-07-29T13:30:00+00:00,332.58,334.58,332.48,333.02,478
2026-07-29T13:33:00+00:00,333.02,334.26,332.77,334.19,498
2026-07-29T13:36:00+00:00,334.19,334.49,333.35,333.98,612
2026-07-29T13:39:00+00:00,333.98,335.42,333.96,334.27,722
2026-07-29T13:42:00+00:00,334.27,334.31,333.46,333.58,930
2026-07-29T13:45:00+00:00,333.58,334.19,332.3,332.3,1226
2026-07-29T13:48:00+00:00,332.3,332.46,331.69,331.8,1056
2026-07-29T13:51:00+00:00,331.8,331.89,330.9,331.13,1252
2026-07-29T13:54:00+00:00,331.13,332.03,331.04,331.63,1083
2026-07-29T13:57:00+00:00,331.63,331.82,331.04,331.56,1129
2026-07-29T14:00:00+00:00,331.56,331.94,331.18,331.26,1112
2026-07-29T14:03:00+00:00,331.26,332.02,331.1,331.75,889
2026-07-29T14:06:00+00:00,331.75,331.84,331.21,331.34,877
2026-07-29T14:09:00+00:00,331.34,331.59,330.99,331.01,828
2026-07-29T14:12:00+00:00,331.01,331.1,330.19,330.46,545
2026-07-29T14:15:00+00:00,330.46,330.95,330.37,330.6,515
2026-07-29T14:18:00+00:00,330.6,331.46,330.6,331.37,457
2026-07-29T14:21:00+00:00,331.37,332.46,331.34,332.16,428
2026-07-29T14:24:00+00:00,332.16,332.2,331.08,331.14,570
2026-07-29T14:27:00+00:00,331.14,331.31,330.78,331.15,484
2026-07-29T14:30:00+00:00,331.15,331.72,330.98,331.69,441
2026-07-29T14:33:00+00:00,331.69,332.03,331.52,331.96,403
2026-07-29T14:36:00+00:00,331.96,332.1,331.56,331.81,314
2026-07-29T14:39:00+00:00,331.81,331.92,331.02,331.24,491
2026-07-29T14:42:00+00:00,331.24,331.7,331.19,331.52,383
2026-07-29T14:45:00+00:00,331.52,332.04,331.45,331.66,470
2026-07-29T14:48:00+00:00,331.66,332.11,331.43,332.08,469
2026-07-29T14:51:00+00:00,332.08,333.17,331.75,333.13,471
2026-07-29T14:54:00+00:00,333.13,333.15,332.51,332.58,417
2026-07-29T14:57:00+00:00,332.58,333.33,-1451.04,-1450.9299999999998,396.3131357322542
2026-07-29T15:00:00+00:00,332.86,333.5,332.43,333.41,401
2026-07-29T15:03:00+00:00,333.41,333.84,332.94,333.3,644
2026-07-29T15:06:00+00:00,333.3,334.29,333.1,333.91,713
2026-07-29T15:09:00+00:00,333.91,334.14,332.91,332.93,870
2026-07-29T15:12:00+00:00,332.93,333.24,332.73,333.04,900
2026-07-29T15:15:00+00:00,333.04,333.61,332.76,333.25,825
2026-07-29T15:18:00+00:00,333.25,333.53,332.96,333.14,729
2026-07-29T15:21:00+00:00,333.14,333.28,332.77,333.09,765
2026-07-29T15:24:00+00:00,333.09,333.26,332.59,332.61,795
2026-07-29T15:27:00+00:00,332.61,332.87,332.4,332.57,678
2026-07-29T15:30:00+00:00,332.57,333.19,332.49,333,704
2026-07-29T15:33:00+00:00,333,333.27,332.74,333.18,812
2026-07-29T15:36:00+00:00,333.18,333.37,332.39,332.44,765
2026-07-29T15:39:00+00:00,332.44,332.64,332.08,332.29,767
2026-07-29T15:42:00+00:00,332.29,332.58,332.15,332.45,685
2026-07-29T15:45:00+00:00,332.45,332.84,332.35,332.7,837
2026-07-29T15:48:00+00:00,332.7,332.85,332.18,332.56,740
2026-07-29T15:51:00+00:00,332.56,332.56,332.07,332.07,723
2026-07-29T15:54:00+00:00,332.07,332.12,331.52,331.73,746
2026-07-29T15:57:00+00:00,331.73,331.87,331.18,331.69,985
2026-07-29T16:00:00+00:00,331.69,332.14,331.64,331.89,594
2026-07-29T16:03:00+00:00,331.89,332.18,331.8,332.13,695
2026-07-29T16:06:00+00:00,332.13,332.92,332.06,332.92,925
2026-07-29T16:09:00+00:00,332.92,333.73,332.72,333.66,706
2026-07-29T16:12:00+00:00,333.66,333.71,333,333,899
2026-07-29T16:15:00+00:00,333,333.59,332.88,333.26,914
2026-07-29T16:18:00+00:00,333.26,333.46,332.92,333.21,862
2026-07-29T16:21:00+00:00,333.21,334.1,333.11,333.74,809
2026-07-29T16:24:00+00:00,333.74,334.16,333.61,334.11,649
2026-07-29T16:27:00+00:00,334.11,334.72,334.11,334.46,783
2026-07-29T16:30:00+00:00,334.46,334.73,334.31,334.35,679
2026-07-29T16:33:00+00:00,334.35,334.48,334.11,334.25,605
2026-07-29T16:36:00+00:00,334.25,334.37,334.02,334.12,541
2026-07-29T16:39:00+00:00,334.12,334.22,333.92,333.98,628
2026-07-29T16:42:00+00:00,333.98,334.12,333.57,334.06,560
2026-07-29T16:45:00+00:00,334.06,334.47,333.89,334.47,654
2026-07-29T16:48:00+00:00,334.47,334.78,334.3,334.73,582
2026-07-29T16:51:00+00:00,334.73,334.94,334.46,334.82,513
2026-07-29T16:54:00+00:00,334.82,335.06,334.52,335.01,589
2026-07-29T16:57:00+00:00,335.01,335.63,334.94,335.5,472
2026-07-29T17:00:00+00:00,335.5,335.58,334.88,335.35,794
2026-07-29T17:03:00+00:00,335.35,335.8,335.09,335.13,727
2026-07-29T17:06:00+00:00,335.13,335.61,334.95,335.41,762
2026-07-29T17:09:00+00:00,335.41,336.39,335.34,336.27,727
2026-07-29T17:12:00+00:00,336.27,336.66,336.08,336.49,1105
2026-07-29T17:15:00+00:00,336.49,337.05,336.34,336.95,956
2026-07-29T17:18:00+00:00,336.95,336.98,336.54,336.59,831
2026-07-29T17:21:00+00:00,336.59,337.14,336.57,337.1,720
2026-07-29T17:24:00+00:00,337.1,337.14,336.38,336.57,1109
2026-07-29T17:27:00+00:00,336.57,336.62,336.09,336.1,719
2026-07-29T17:30:00+00:00,336.1,336.18,335.72,335.96,867
2026-07-29T17:33:00+00:00,335.96,336.24,335.41,335.57,786
2026-07-29T17:36:00+00:00,335.57,335.58,334.96,335.01,683
2026-07-29T17:39:00+00:00,335.01,335.37,334.91,335.23,871
2026-07-29T17:42:00+00:00,335.23,335.45,335.09,335.29,931
2026-07-29T17:45:00+00:00,335.29,335.46,335.18,335.4,582
2026-07-29T17:48:00+00:00,335.4,335.75,335.29,335.75,675
2026-07-29T17:51:00+00:00,335.75,335.94,335.58,335.86,490
2026-07-29T17:54:00+00:00,335.86,336.43,335.77,336.42,417
2026-07-29T17:57:00+00:00,336.42,336.97,336.3,336.86,483
2026-07-29T18:00:00+00:00,336.86,339.26,336.84,338.68,1560
2026-07-29T18:03:00+00:00,338.68,339.09,338.09,338.23,1241
2026-07-29T18:06:00+00:00,338.23,338.96,337.91,338.44,1337
2026-07-29T18:09:00+00:00,338.44,339.21,337.9,338.61,1194
2026-07-29T18:12:00+00:00,338.61,338.74,337.98,338.28,968
2026-07-29T18:15:00+00:00,338.28,339.29,338.25,339.27,821
2026-07-29T18:18:00+00:00,339.27,339.32,338.44,338.68,1053
2026-07-29T18:21:00+00:00,338.68,339.08,338.48,338.51,833
2026-07-29T18:24:00+00:00,338.51,338.74,338.22,338.48,818
2026-07-29T18:27:00+00:00,338.48,339.16,338.3,339.12,812
2026-07-29T18:30:00+00:00,339.12,339.45,338.38,338.78,1490
2026-07-29T18:33:00+00:00,338.78,339.07,338.47,338.76,1226
2026-07-29T18:36:00+00:00,338.76,339.57,338.39,339.42,884
2026-07-29T18:39:00+00:00,339.42,340.31,339.39,340.03,1062
2026-07-29T18:42:00+00:00,340.03,340.48,339.65,340.27,1164
2026-07-29T18:45:00+00:00,340.27,340.76,340.25,340.59,834
2026-07-29T18:48:00+00:00,340.59,340.76,340.09,340.58,697
2026-07-29T18:51:00+00:00,340.58,341.17,340.28,341.09,844
2026-07-29T18:54:00+00:00,341.09,341.8,341.08,341.41,909
2026-07-29T18:57:00+00:00,341.41,341.41,340.74,341.12,1044
2026-07-29T19:00:00+00:00,341.12,341.57,340.54,341.5,1114
2026-07-29T19:03:00+00:00,341.5,341.52,340.07,340.17,1386
2026-07-29T19:06:00+00:00,340.17,340.27,339.48,339.63,1162
2026-07-29T19:09:00+00:00,339.63,339.95,339.14,339.84,1474
2026-07-29T19:12:00+00:00,339.84,339.93,339.37,339.61,1101
2026-07-29T19:15:00+00:00,339.61,339.96,339.35,339.41,1120
2026-07-29T19:18:00+00:00,339.41,339.41,337.83,337.86,1191
2026-07-29T19:21:00+00:00,337.86,337.88,336.94,337.29,1427
2026-07-29T19:24:00+00:00,337.29,337.47,335.98,336.13,1135
2026-07-29T19:27:00+00:00,336.13,336.58,336.13,336.54,1069
2026-07-29T19:30:00+00:00,336.54,336.77,335.99,336.27,1356
2026-07-29T19:33:00+00:00,336.27,336.36,335.28,335.63,1403
2026-07-29T19:36:00+00:00,335.63,335.98,335.09,335.1,1070
2026-07-29T19:39:00+00:00,335.1,335.87,334.79,335.68,1566
2026-07-29T19:42:00+00:00,335.68,335.87,334.96,335.57,1535
2026-07-29T19:45:00+00:00,335.57,336.3,335.38,336.05,1725
2026-07-29T19:48:00+00:00,336.05,336.55,335.2,335.43,1739
2026-07-29T19:51:00+00:00,335.43,335.84,334.77,335.27,1296
2026-07-29T19:54:00+00:00,335.27,335.9,334.88,335.17,1756
2026-07-29T19:57:00+00:00,335.17,336.08,334.25,335.66,2122
2026-07-30T13:30:00+00:00,335.66,335.66,331.07,331.07,526
2026-07-30T13:33:00+00:00,331.07,332.36,330.68,332.23,668
2026-07-30T13:36:00+00:00,332.23,332.71,331.2,331.47,718
2026-07-30T13:39:00+00:00,331.47,332.49,331.08,331.93,902
2026-07-30T13:42:00+00:00,331.93,332.66,331.2,331.22,2005
2026-07-30T13:45:00+00:00,331.22,332.59,330.89,332.54,2168
2026-07-30T13:48:00+00:00,332.54,333.07,330.57,331.21,1862
2026-07-30T13:51:00+00:00,331.21,331.34,329.6,331.04,1698
2026-07-30T13:54:00+00:00,331.04,331.88,331.03,331.76,1602
2026-07-30T13:57:00+00:00,331.76,331.78,330.94,331.55,1380
2026-07-30T14:00:00+00:00,331.55,332.37,331.03,332.33,1987
2026-07-30T14:03:00+00:00,332.33,333.39,331.96,333.23,1637
2026-07-30T14:06:00+00:00,333.23,334.54,333.2,333.44,1433
2026-07-30T14:09:00+00:00,333.44,333.59,331.68,332.31,1363
2026-07-30T14:12:00+00:00,332.31,332.51,331.76,332.16,1179
2026-07-30T14:15:00+00:00,332.16,332.69,331.45,331.88,1262
2026-07-30T14:18:00+00:00,331.88,332.42,331.88,332.26,1469
2026-07-30T14:21:00+00:00,332.26,332.8,332.13,332.2,1217
2026-07-30T14:24:00+00:00,332.2,332.36,331.95,332.11,1372
2026-07-30T14:27:00+00:00,332.11,332.11,330.88,330.9,1182
2026-07-30T14:30:00+00:00,330.9,331.91,330.76,331.61,1192
2026-07-30T14:33:00+00:00,331.61,331.87,331.18,331.61,1250
2026-07-30T14:36:00+00:00,331.61,332.39,331.59,332.03,1184
2026-07-30T14:39:00+00:00,332.03,332.88,331.88,332.86,964
2026-07-30T14:42:00+00:00,332.86,332.9,331.37,331.69,1035
2026-07-30T14:45:00+00:00,331.69,332.49,331.44,331.9,988
2026-07-30T14:48:00+00:00,331.9,332.26,331.62,332.21,943
2026-07-30T14:51:00+00:00,332.21,332.26,331.7,332,951
2026-07-30T14:54:00+00:00,332,332.22,331.26,331.55,742
2026-07-30T14:57:00+00:00,331.55,332.68,331.34,332.08,995
2026-07-30T15:00:00+00:00,332.08,332.2,331.33,331.47,1121
2026-07-30T15:03:00+00:00,331.47,332.14,331.47,331.78,1220
2026-07-30T15:06:00+00:00,331.78,332.17,331.56,331.79,1180
2026-07-30T15:09:00+00:00,331.79,332.1,330.98,331.08,1106
2026-07-30T15:12:00+00:00,331.08,331.26,330.88,331.11,824
2026-07-30T15:15:00+00:00,331.11,331.58,330.86,331.15,1140
2026-07-30T15:18:00+00:00,331.15,331.6,330.98,331.33,791
2026-07-30T15:21:00+00:00,331.33,331.65,331.18,331.41,983
2026-07-30T15:24:00+00:00,331.41,331.42,330.53,331.18,993
2026-07-30T15:27:00+00:00,331.18,331.41,330.77,330.79,974
2026-07-30T15:30:00+00:00,330.79,331.25,330.68,331.18,1073
2026-07-30T15:33:00+00:00,331.18,331.62,330.89,331.23,745
2026-07-30T15:36:00+00:00,331.23,331.8,331.21,331.53,725
2026-07-30T15:39:00+00:00,331.53,332.15,331.38,332.14,564
2026-07-30T15:42:00+00:00,332.14,333.1,332.02,332.89,738
2026-07-30T15:45:00+00:00,332.89,333.45,332.86,333.21,505
2026-07-30T15:48:00+00:00,333.21,333.39,332.7,332.82,708
2026-07-30T15:51:00+00:00,332.82,333.06,332.29,333.06,717
2026-07-30T15:54:00+00:00,333.06,333.52,332.9,332.99,472
2026-07-30T15:57:00+00:00,332.99,333.11,332.15,332.15,808
2026-07-30T16:00:00+00:00,332.15,332.97,332.09,332.9,763
2026-07-30T16:03:00+00:00,332.9,333.47,332.89,333.22,583
2026-07-30T16:06:00+00:00,333.22,333.5,333.07,333.17,508
2026-07-30T16:09:00+00:00,333.17,333.33,332.98,333.25,593
2026-07-30T16:12:00+00:00,333.25,333.71,333.19,333.32,538
2026-07-30T16:15:00+00:00,333.32,333.7,333.22,333.69,527
2026-07-30T16:18:00+00:00,333.69,333.83,333.4,333.79,460
2026-07-30T16:21:00+00:00,333.79,334.09,333.41,333.62,518
2026-07-30T16:24:00+00:00,333.62,334.03,333.57,333.93,540
2026-07-30T16:27:00+00:00,333.93,334.46,333.88,334.22,626
2026-07-30T16:30:00+00:00,334.22,334.43,334.07,334.24,782
2026-07-30T16:33:00+00:00,334.24,334.73,334.24,334.49,772
2026-07-30T16:36:00+00:00,334.49,334.74,334.21,334.24,537
2026-07-30T16:39:00+00:00,334.24,334.37,333.88,334.01,949
2026-07-30T16:42:00+00:00,334.01,334.19,333.74,334.02,876
2026-07-30T16:45:00+00:00,334.02,334.19,333.41,333.42,788
2026-07-30T16:48:00+00:00,333.42,333.57,333,333.06,938
2026-07-30T16:51:00+00:00,333.06,333.46,333.05,333.23,749
2026-07-30T16:54:00+00:00,333.23,333.95,333.18,333.93,557
2026-07-30T16:57:00+00:00,333.93,334.11,333.54,334.06,609
2026-07-30T17:00:00+00:00,334.06,334.59,333.98,334.3,926
2026-07-30T17:03:00+00:00,334.3,334.6,334.28,334.4,674
2026-07-30T17:06:00+00:00,334.4,334.73,334.38,334.53,608
2026-07-30T17:09:00+00:00,334.53,334.67,334.39,334.59,577
2026-07-30T17:12:00+00:00,334.59,334.63,333.9,333.91,646
2026-07-30T17:15:00+00:00,333.91,334.01,333.39,333.4,597
2026-07-30T17:18:00+00:00,333.4,333.43,333.1,333.26,548
2026-07-30T17:21:00+00:00,333.26,333.62,332.98,333,497
2026-07-30T17:24:00+00:00,333,333.02,332.39,332.48,936
2026-07-30T17:27:00+00:00,332.48,332.8,332.46,332.52,835
2026-07-30T17:30:00+00:00,332.52,332.76,332.27,332.45,599
2026-07-30T17:33:00+00:00,332.45,332.56,332.09,332.46,515
2026-07-30T17:36:00+00:00,332.46,332.7,332.18,332.37,1185
2026-07-30T17:39:00+00:00,332.37,332.59,332.19,332.4,793
2026-07-30T17:42:00+00:00,332.4,334.07,332.33,332.95,931
2026-07-30T17:45:00+00:00,332.95,332.95,332.05,332.63,756
2026-07-30T17:48:00+00:00,332.63,333.6,332.59,333.58,293
2026-07-30T17:51:00+00:00,333.58,334.42,333.58,333.61,560
2026-07-30T17:54:00+00:00,333.61,334,333.61,333.8,258
2026-07-30T17:57:00+00:00,333.8,334.05,332.83,332.88,442
2026-07-30T18:00:00+00:00,332.88,332.97,332.18,332.39,545
2026-07-30T18:03:00+00:00,332.39,332.43,332,332.24,344
2026-07-30T18:06:00+00:00,332.24,333.06,332.15,332.85,248
2026-07-30T18:09:00+00:00,332.85,332.92,332.54,332.7,336
2026-07-30T18:12:00+00:00,332.7,332.87,332.39,332.49,307
2026-07-30T18:15:00+00:00,332.49,332.77,332.38,332.59,205
2026-07-30T18:18:00+00:00,332.59,332.84,332.28,332.35,326
2026-07-30T18:21:00+00:00,332.35,332.76,332.33,332.64,241
2026-07-30T18:24:00+00:00,332.64,332.71,332.1,332.18,428
2026-07-30T18:27:00+00:00,332.18,332.29,331.92,331.99,392
2026-07-30T18:30:00+00:00,331.99,332.42,331.9,332.37,420
2026-07-30T18:33:00+00:00,332.37,333.03,332.3,332.98,344
2026-07-30T18:36:00+00:00,332.98,333.38,332.74,332.97,549
2026-07-30T18:39:00+00:00,332.97,333.58,332.95,333.42,424
2026-07-30T18:42:00+00:00,333.42,333.92,333.39,333.9,168
2026-07-30T18:45:00+00:00,333.9,334.41,333.88,334.41,137
2026-07-30T18:48:00+00:00,334.41,334.48,333.95,334.34,123
2026-07-30T18:51:00+00:00,334.34,334.59,334.33,334.56,155
2026-07-30T18:54:00+00:00,334.56,334.65,334.38,334.42,175
2026-07-30T18:57:00+00:00,334.42,334.5,334.12,334.47,172
2026-07-30T19:00:00+00:00,334.47,334.52,334.2,334.2,233
2026-07-30T19:03:00+00:00,334.2,334.43,334.14,334.25,173
2026-07-30T19:06:00+00:00,334.25,334.33,333.95,334.25,192
2026-07-30T19:09:00+00:00,334.25,334.65,334.13,334.31,186
2026-07-30T19:12:00+00:00,334.31,334.43,334.13,334.26,252
2026-07-30T19:15:00+00:00,334.26,334.44,334.13,334.13,260
2026-07-30T19:18:00+00:00,334.13,334.54,334.03,334.07,441
2026-07-30T19:21:00+00:00,334.07,334.21,333.88,334.08,554
2026-07-30T19:24:00+00:00,334.08,334.24,333.88,334.12,451
2026-07-30T19:27:00+00:00,334.12,334.41,333.91,333.96,514
2026-07-30T19:30:00+00:00,333.96,334.12,333.75,333.93,798
2026-07-30T19:33:00+00:00,333.93,334.19,333.7,333.72,893
2026-07-30T19:36:00+00:00,333.72,334.04,333.61,333.77,725
2026-07-30T19:39:00+00:00,333.77,334.01,333.67,333.73,625
2026-07-30T19:42:00+00:00,333.73,334.08,333.61,333.97,582
2026-07-30T19:45:00+00:00,333.97,334.15,333.73,333.93,527
2026-07-30T19:48:00+00:00,333.93,334.2,333.73,333.74,840
2026-07-30T19:51:00+00:00,333.74,333.9,333.53,333.73,709
2026-07-30T19:54:00+00:00,333.73,334.02,333.01,333.47,997
2026-07-30T19:57:00+00:00,333.47,333.73,333.17,333.73,1293
2026-07-31T13:30:00+00:00,333.73,342.94,333.73,341.97,1111
2026-07-31T13:33:00+00:00,341.97,342.94,340.24,342.85,811
2026-07-31T13:36:00+00:00,342.85,345.35,342.7,343.95,1638
2026-07-31T13:39:00+00:00,343.95,344.01,340.58,340.6,1289
2026-07-31T13:42:00+00:00,340.6,341.64,340.4,340.98,1448
2026-07-31T13:45:00+00:00,340.98,343.37,340.88,342.1,1765
2026-07-31T13:48:00+00:00,342.1,342.69,341.69,341.81,1822
2026-07-31T13:51:00+00:00,341.81,343.06,341.71,342.38,1957
2026-07-31T13:54:00+00:00,342.38,343.03,341.89,342.88,1650
2026-07-31T13:57:00+00:00,342.88,344.1,342.73,342.97,1427
2026-07-31T14:00:00+00:00,342.97,345.66,342.91,345.49,1210
2026-07-31T14:03:00+00:00,345.49,346.23,345.02,345.69,1814
2026-07-31T14:06:00+00:00,345.69,346.06,344.74,345.05,1721
2026-07-31T14:09:00+00:00,345.05,346.06,345.05,345.59,1869
2026-07-31T14:12:00+00:00,345.59,345.89,344.58,345.78,1724
2026-07-31T14:15:00+00:00,345.78,347.13,345.02,346.43,1597
2026-07-31T14:18:00+00:00,346.43,346.88,345.39,345.51,1565
2026-07-31T14:21:00+00:00,345.51,346.89,345.16,346.69,1558
2026-07-31T14:24:00+00:00,346.69,346.7,345.69,346.46,1596
2026-07-31T14:27:00+00:00,346.46,347.46,346.04,346.92,1484
2026-07-31T14:30:00+00:00,346.92,347.5,346.62,347.08,1391
2026-07-31T14:33:00+00:00,347.08,347.25,346.23,346.96,1308
2026-07-31T14:36:00+00:00,346.96,348.11,346.76,348,1155
2026-07-31T14:39:00+00:00,348,348.44,347.7,347.9,1217
2026-07-31T14:42:00+00:00,347.9,348.86,347.65,348.55,1109
2026-07-31T14:45:00+00:00,348.55,349.43,348.52,349.33,1041
2026-07-31T14:48:00+00:00,349.33,350.23,349.03,349.89,1301
2026-07-31T14:51:00+00:00,349.89,351.44,349.56,351.2,1387
2026-07-31T14:54:00+00:00,351.2,352.2,349.94,352.2,1524
2026-07-31T14:57:00+00:00,352.2,352.71,351.6,351.61,1613
2026-07-31T15:00:00+00:00,351.61,352.94,351.26,352.59,1798
2026-07-31T15:03:00+00:00,352.59,352.73,350.63,350.7,1631
2026-07-31T15:06:00+00:00,350.7,351.46,350.17,350.17,1600
2026-07-31T15:09:00+00:00,350.17,350.49,348.78,348.79,1332
2026-07-31T15:12:00+00:00,348.79,349.31,347.95,348.92,1169
2026-07-31T15:15:00+00:00,348.92,350.12,348.73,349.03,1363
2026-07-31T15:18:00+00:00,349.03,349.63,348.98,349.34,952
2026-07-31T15:21:00+00:00,349.34,349.69,348.92,349.3,1080
2026-07-31T15:24:00+00:00,349.3,349.44,348.69,348.82,1138
2026-07-31T15:27:00+00:00,348.82,349.01,348.1,348.25,1217
2026-07-31T15:30:00+00:00,348.25,348.47,347.79,348.2,1310
2026-07-31T15:33:00+00:00,348.2,349.06,348.11,348.79,1228
2026-07-31T15:36:00+00:00,348.79,349.94,348.79,349.78,985
2026-07-31T15:39:00+00:00,349.78,350.01,348.88,349.26,925
2026-07-31T15:42:00+00:00,349.26,349.62,348.96,349.34,928
2026-07-31T15:45:00+00:00,349.34,349.38,348.74,348.83,835
2026-07-31T15:48:00+00:00,348.83,349.9,348.5,349.9,781
2026-07-31T15:51:00+00:00,349.9,352.25,349.8,351.54,1294
2026-07-31T15:54:00+00:00,351.54,351.73,350.61,351.32,913
2026-07-31T15:57:00+00:00,351.32,351.51,350.75,351.3,780
2026-07-31T16:00:00+00:00,351.3,351.77,351.17,351.56,698
2026-07-31T16:03:00+00:00,351.56,351.95,351.43,351.82,628
2026-07-31T16:06:00+00:00,351.82,352.24,351.63,352.16,694
2026-07-31T16:09:00+00:00,352.16,352.4,351.89,352.02,526
2026-07-31T16:12:00+00:00,352.02,352.57,351.95,352.48,371
2026-07-31T16:15:00+00:00,352.48,352.68,352,352.39,776
2026-07-31T16:18:00+00:00,352.39,353.24,352.22,353.2,424
2026-07-31T16:21:00+00:00,353.2,353.55,352.92,353.21,842
2026-07-31T16:24:00+00:00,353.21,353.52,353.06,353.4,635
2026-07-31T16:27:00+00:00,353.4,354.13,353.36,353.93,669
2026-07-31T16:30:00+00:00,353.93,354.31,353.68,353.85,926
2026-07-31T16:33:00+00:00,353.85,354.08,353.1,353.11,825
2026-07-31T16:36:00+00:00,353.11,353.2,352.88,352.91,673
2026-07-31T16:39:00+00:00,352.91,353.48,352.88,352.89,932
2026-07-31T16:42:00+00:00,352.89,353.04,352.67,352.83,814
2026-07-31T16:45:00+00:00,352.83,353.21,352.66,352.93,944
2026-07-31T16:48:00+00:00,352.93,353.54,352.88,353.33,836
2026-07-31T16:51:00+00:00,353.33,353.4,353.06,353.1,853
2026-07-31T16:54:00+00:00,353.1,353.36,352.57,352.69,753
2026-07-31T16:57:00+00:00,352.69,353.02,352.62,352.89,662
2026-07-31T17:00:00+00:00,352.89,353.59,352.61,353.07,963
2026-07-31T17:03:00+00:00,353.07,353.33,352.78,353.02,760
2026-07-31T17:06:00+00:00,353.02,353.12,352.48,352.63,862
2026-07-31T17:09:00+00:00,352.63,353.24,352.53,353.06,640
2026-07-31T17:12:00+00:00,353.06,353.33,352.95,353.07,663
2026-07-31T17:15:00+00:00,353.07,353.74,352.92,353.04,572
2026-07-31T17:18:00+00:00,353.04,354.08,352.96,353.89,704
2026-07-31T17:21:00+00:00,353.89,354.16,353.43,354.16,621
2026-07-31T17:24:00+00:00,354.16,354.25,353.81,353.99,673
2026-07-31T17:27:00+00:00,353.99,354.44,353.96,354.17,617
2026-07-31T17:30:00+00:00,354.17,354.74,353.96,354.41,771
2026-07-31T17:33:00+00:00,354.41,354.43,354.03,354.12,841
2026-07-31T17:36:00+00:00,354.12,354.3,353.53,353.54,664
2026-07-31T17:39:00+00:00,353.54,353.92,353.35,353.64,667
2026-07-31T17:42:00+00:00,353.64,353.94,353.61,353.82,780
2026-07-31T17:45:00+00:00,353.82,353.97,353.17,353.21,641
2026-07-31T17:48:00+00:00,353.21,353.94,353.15,353.4,702
2026-07-31T17:51:00+00:00,353.4,353.68,353.2,353.57,785
2026-07-31T17:54:00+00:00,353.57,353.75,353.25,353.69,707
2026-07-31T17:57:00+00:00,353.69,354.11,353.62,353.84,543
2026-07-31T18:00:00+00:00,353.84,354.57,353.76,354.39,937
2026-07-31T18:03:00+00:00,354.39,354.52,353.89,354.15,775
2026-07-31T18:06:00+00:00,354.15,354.76,354.09,354.49,646
2026-07-31T18:09:00+00:00,354.49,354.71,354.4,354.58,590
2026-07-31T18:12:00+00:00,354.58,354.82,354.38,354.72,534
2026-07-31T18:15:00+00:00,354.72,355.43,354.7,355.43,657
2026-07-31T18:18:00+00:00,355.43,355.92,355.19,355.92,586
2026-07-31T18:21:00+00:00,355.92,356.1,355.74,356.05,431
2026-07-31T18:24:00+00:00,356.05,356.07,355.6,355.75,549
2026-07-31T18:27:00+00:00,355.75,355.91,355.6,355.91,581
2026-07-31T18:30:00+00:00,355.91,356.13,355.84,355.93,608
2026-07-31T18:33:00+00:00,355.93,355.94,355.23,355.4,692
2026-07-31T18:36:00+00:00,355.4,355.5,355.17,355.46,516
2026-07-31T18:39:00+00:00,355.46,355.47,355.17,355.27,582
2026-07-31T18:42:00+00:00,355.27,355.56,355.21,355.25,489
2026-07-31T18:45:00+00:00,355.25,355.39,355.06,355.25,479
2026-07-31T18:48:00+00:00,355.25,355.59,355.21,355.46,496
2026-07-31T18:51:00+00:00,355.46,355.6,355.31,355.36,638
2026-07-31T18:54:00+00:00,355.36,355.45,354.9,355.06,685
2026-07-31T18:57:00+00:00,355.06,355.23,354.92,355.18,596
2026-07-31T19:00:00+00:00,355.18,355.55,355.06,355.53,582
2026-07-31T19:03:00+00:00,355.53,355.53,354.96,355.12,569
2026-07-31T19:06:00+00:00,355.12,355.36,354.92,355.29,635
2026-07-31T19:09:00+00:00,355.29,355.38,355.02,355.15,598
2026-07-31T19:12:00+00:00,355.15,355.7,355.11,355.46,495
2026-07-31T19:15:00+00:00,355.46,355.49,354.56,354.61,569
2026-07-31T19:18:00+00:00,354.61,355.38,354.54,355.27,732
2026-07-31T19:21:00+00:00,355.27,355.78,355.13,355.72,544
2026-07-31T19:24:00+00:00,355.72,356,355.52,355.78,665
2026-07-31T19:27:00+00:00,355.78,355.86,355.51,355.64,727
2026-07-31T19:30:00+00:00,355.64,356.26,355.18,355.59,872
2026-07-31T19:33:00+00:00,355.59,356.28,355.57,356.26,775
2026-07-31T19:36:00+00:00,356.26,356.9,356.22,356.36,678
2026-07-31T19:39:00+00:00,356.36,357.27,356.36,357.04,634
2026-07-31T19:42:00+00:00,357.04,357.56,356.56,357.23,866
2026-07-31T19:45:00+00:00,357.23,357.86,357.21,357.54,702
2026-07-31T19:48:00+00:00,357.54,357.89,356.94,357.74,948
2026-07-31T19:51:00+00:00,357.74,358.57,357.65,358.54,877
2026-07-31T19:54:00+00:00,358.54,358.71,356.3,357.27,1315
2026-07-31T19:57:00+00:00,357.27,357.56,355.79,356.59,1280
2026-08-03T13:30:00+00:00,356.59,367.01,356.59,366.65,889
2026-08-03T13:33:00+00:00,366.65,369.64,365.34,369.13,895
2026-08-03T13:36:00+00:00,369.13,370.13,367.88,370.03,1155
2026-08-03T13:39:00+00:00,370.03,372.04,369.91,371.16,1004
2026-08-03T13:42:00+00:00,371.16,372.7,370.38,372.49,832
2026-08-03T13:45:00+00:00,372.49,373.53,371.87,372.88,1051
2026-08-03T13:48:00+00:00,372.88,373.63,371.91,372.22,869
2026-08-03T13:51:00+00:00,372.22,373.77,372.06,373.56,813
2026-08-03T13:54:00+00:00,373.56,374.15,372.52,372.76,802
2026-08-03T13:57:00+00:00,372.76,372.86,370.96,371.15,798
2026-08-03T14:00:00+00:00,371.15,372.16,370.42,372.06,1151
2026-08-03T14:03:00+00:00,372.06,372.34,370.19,370.4,1225
2026-08-03T14:06:00+00:00,370.4,370.95,369.5,369.75,1225
2026-08-03T14:09:00+00:00,369.75,370.25,368.39,368.48,1133
2026-08-03T14:12:00+00:00,368.48,368.78,367.94,368.52,1060
2026-08-03T14:15:00+00:00,368.52,368.9,367.68,367.68,1003
2026-08-03T14:18:00+00:00,367.68,367.94,367.15,367.32,904
2026-08-03T14:21:00+00:00,367.32,368.14,367.29,368.08,734
2026-08-03T14:24:00+00:00,368.08,368.24,366.88,367.68,623
2026-08-03T14:27:00+00:00,367.68,367.93,367.12,367.24,727
2026-08-03T14:30:00+00:00,367.24,367.99,367.03,367.13,762
2026-08-03T14:33:00+00:00,367.13,367.18,366.22,366.35,616
2026-08-03T14:36:00+00:00,366.35,367.78,366.35,367.59,554
2026-08-03T14:39:00+00:00,367.59,367.9,367.38,367.59,457
2026-08-03T14:42:00+00:00,367.59,368.48,367.59,368.04,591
2026-08-03T14:45:00+00:00,368.04,368.17,367.61,367.83,473
2026-08-03T14:48:00+00:00,367.83,367.97,367.01,367.24,608
2026-08-03T14:51:00+00:00,367.24,367.73,366.96,367.69,739
2026-08-03T14:54:00+00:00,367.69,368.23,367.31,368.07,759
2026-08-03T14:57:00+00:00,368.07,368.75,367.88,368.22,757
2026-08-03T15:00:00+00:00,368.22,368.7,368.07,368.35,666
2026-08-03T15:03:00+00:00,368.35,368.55,367.47,368.02,521
2026-08-03T15:06:00+00:00,368.02,369.27,367.86,369.18,691
2026-08-03T15:09:00+00:00,369.18,369.84,369.04,369.34,476
2026-08-03T15:12:00+00:00,369.34,369.73,368.87,369.31,430
2026-08-03T15:15:00+00:00,369.31,369.47,368.84,369.18,566
2026-08-03T15:18:00+00:00,369.18,370.49,369.11,370.18,453
2026-08-03T15:21:00+00:00,370.18,371.23,369.91,371.23,507
2026-08-03T15:24:00+00:00,371.23,372.04,371.04,371.82,634
2026-08-03T15:27:00+00:00,371.82,372.47,371.78,372.06,630
2026-08-03T15:30:00+00:00,372.06,372.97,371.96,372.91,683
2026-08-03T15:33:00+00:00,372.91,373.32,372.73,373.21,555
2026-08-03T15:36:00+00:00,373.21,373.96,373.15,373.91,686
2026-08-03T15:39:00+00:00,373.91,373.91,373.17,373.69,533
2026-08-03T15:42:00+00:00,373.69,374.81,373.6,374.5,637
2026-08-03T15:45:00+00:00,374.5,375.11,374.23,374.85,778
2026-08-03T15:48:00+00:00,374.85,374.96,374.38,374.46,485
2026-08-03T15:51:00+00:00,374.46,374.69,374.07,374.69,508
2026-08-03T15:54:00+00:00,374.69,374.91,374.09,374.14,515
2026-08-03T15:57:00+00:00,374.14,374.4,373.78,374.07,467
2026-08-03T16:00:00+00:00,374.07,374.3,373.66,374.15,461
2026-08-03T16:03:00+00:00,374.15,374.39,373.88,373.9,462
2026-08-03T16:06:00+00:00,373.9,374.63,373.88,374.63,374
2026-08-03T16:09:00+00:00,374.63,374.71,374.3,374.59,447
2026-08-03T16:12:00+00:00,374.59,375.04,374.55,374.73,402
2026-08-03T16:15:00+00:00,374.73,375.08,374.48,374.93,433
2026-08-03T16:18:00+00:00,374.93,375.1,373.88,374.1,581
2026-08-03T16:21:00+00:00,374.1,374.48,374.08,374.35,426
2026-08-03T16:24:00+00:00,374.35,374.73,374.32,374.7,447
2026-08-03T16:27:00+00:00,374.7,374.79,374.19,374.42,559
2026-08-03T16:30:00+00:00,374.42,374.95,374.35,374.9,597
2026-08-03T16:33:00+00:00,374.9,375.41,374.58,375.33,442
2026-08-03T16:36:00+00:00,375.33,375.97,375.32,375.44,690
2026-08-03T16:39:00+00:00,375.44,375.48,374.88,374.95,465
2026-08-03T16:42:00+00:00,374.95,375.3,374.88,375.16,458
2026-08-03T16:45:00+00:00,375.16,375.19,374.81,375.05,468
2026-08-03T16:48:00+00:00,375.05,375.13,374.71,374.81,436
2026-08-03T16:51:00+00:00,374.81,374.85,374.49,374.82,428
2026-08-03T16:54:00+00:00,374.82,374.89,374.65,374.83,349
2026-08-03T16:57:00+00:00,374.83,375.35,374.83,375.03,536
2026-08-03T17:00:00+00:00,375.03,375.09,374.67,374.97,473
2026-08-03T17:03:00+00:00,374.97,375.11,374.58,374.68,528
2026-08-03T17:06:00+00:00,374.68,374.72,374.26,374.57,513
2026-08-03T17:09:00+00:00,374.57,374.67,374.2,374.26,504
2026-08-03T17:12:00+00:00,374.26,374.48,373.61,373.66,517
2026-08-03T17:15:00+00:00,373.66,373.79,373.18,373.27,511
2026-08-03T17:18:00+00:00,373.27,373.67,373.15,373.48,463
2026-08-03T17:21:00+00:00,373.48,373.86,373.48,373.66,631
2026-08-03T17:24:00+00:00,373.66,373.95,373.29,373.36,407
2026-08-03T17:27:00+00:00,373.36,373.75,373.34,373.63,407
2026-08-03T17:30:00+00:00,373.63,373.95,373.45,373.79,402
2026-08-03T17:33:00+00:00,373.79,373.85,373.46,373.65,334
2026-08-03T17:36:00+00:00,373.65,373.69,373.38,373.58,346
2026-08-03T17:39:00+00:00,373.58,373.83,373.56,373.62,346
2026-08-03T17:42:00+00:00,373.62,373.64,373.16,373.48,422
2026-08-03T17:45:00+00:00,373.48,373.63,373.26,373.5,409
2026-08-03T17:48:00+00:00,373.5,373.9,373.38,373.55,574
2026-08-03T17:51:00+00:00,373.55,373.8,373.38,373.46,583
2026-08-03T17:54:00+00:00,373.46,373.53,373.08,373.23,470
2026-08-03T17:57:00+00:00,373.23,373.24,372.59,372.94,473
2026-08-03T18:00:00+00:00,372.94,373.03,372.58,372.83,375
2026-08-03T18:03:00+00:00,372.83,373.05,372.69,372.95,434
2026-08-03T18:06:00+00:00,372.95,373.07,372.61,372.86,485
2026-08-03T18:09:00+00:00,372.86,372.94,372.31,372.33,346
2026-08-03T18:12:00+00:00,372.33,373.15,372.31,372.88,366
2026-08-03T18:15:00+00:00,372.88,372.99,372.56,372.8,340
2026-08-03T18:18:00+00:00,372.8,372.84,372.27,372.69,427
2026-08-03T18:21:00+00:00,372.69,373.12,372.33,373.05,280
2026-08-03T18:24:00+00:00,373.05,373.09,372.38,372.47,321
2026-08-03T18:27:00+00:00,372.47,372.56,372.32,372.37,373
2026-08-03T18:30:00+00:00,372.37,372.75,372.24,372.59,399
2026-08-03T18:33:00+00:00,372.59,372.73,372.42,372.69,416
2026-08-03T18:36:00+00:00,372.69,373.32,372.59,373.23,429
2026-08-03T18:39:00+00:00,373.23,373.74,373.21,373.59,416
2026-08-03T18:42:00+00:00,373.59,374.13,373.57,373.98,448
2026-08-03T18:45:00+00:00,373.98,374.11,373.55,373.6,329
2026-08-03T18:48:00+00:00,373.6,373.75,373.41,373.61,368
2026-08-03T18:51:00+00:00,373.61,373.92,373.57,373.82,321
2026-08-03T18:54:00+00:00,373.82,374.15,373.81,373.87,377
2026-08-03T18:57:00+00:00,373.87,374.35,373.86,374.02,267
2026-08-03T19:00:00+00:00,374.02,374.16,373.77,373.9,349
2026-08-03T19:03:00+00:00,373.9,374,373.62,373.82,365
2026-08-03T19:06:00+00:00,373.82,373.95,373.57,373.85,419
2026-08-03T19:09:00+00:00,373.85,373.9,373.28,373.43,341
2026-08-03T19:12:00+00:00,373.43,373.89,373.41,373.81,341
2026-08-03T19:15:00+00:00,373.81,373.87,373.18,373.28,371
2026-08-03T19:18:00+00:00,373.28,373.46,372.92,373.13,385
2026-08-03T19:21:00+00:00,373.13,373.43,373.1,373.26,306
2026-08-03T19:24:00+00:00,373.26,373.48,372.92,373.18,367
2026-08-03T19:27:00+00:00,373.18,373.32,372.88,373.04,376
2026-08-03T19:30:00+00:00,373.04,373.3,372.91,372.94,426
2026-08-03T19:33:00+00:00,372.94,373.2,372.89,373.02,382
2026-08-03T19:36:00+00:00,373.02,373.27,372.77,373.11,489
2026-08-03T19:39:00+00:00,373.11,373.26,372.93,373.13,605
2026-08-03T19:42:00+00:00,373.13,373.22,372.6,372.76,437
2026-08-03T19:45:00+00:00,372.76,372.79,372.24,372.55,558
2026-08-03T19:48:00+00:00,372.55,372.78,372.24,372.51,611
2026-08-03T19:51:00+00:00,372.51,373.37,372.24,372.95,727
2026-08-03T19:54:00+00:00,372.95,373.21,372.15,372.29,901
2026-08-03T19:57:00+00:00,372.29,372.57,371.44,372.54,1291
2026-08-04T13:30:00+00:00,372.54,372.54,365.96,370.56,509
2026-08-04T13:33:00+00:00,370.56,371.16,369.34,369.99,564
2026-08-04T13:36:00+00:00,369.99,371.32,369.17,370.13,660
2026-08-04T13:39:00+00:00,370.13,372,369.89,369.94,726
2026-08-04T13:42:00+00:00,369.94,370.03,368.68,369.23,572
2026-08-04T13:45:00+00:00,369.23,370.27,368.9,369.99,777
2026-08-04T13:48:00+00:00,369.99,371.47,369.89,371.11,848
2026-08-04T13:51:00+00:00,371.11,372.19,371.11,371.73,640
2026-08-04T13:54:00+00:00,371.73,372.82,371.59,372.82,597
2026-08-04T13:57:00+00:00,372.82,373.82,372.37,373.74,552
2026-08-04T14:00:00+00:00,373.74,374.06,373.08,373.76,474
2026-08-04T14:03:00+00:00,373.76,374.03,373.24,373.6,581
2026-08-04T14:06:00+00:00,373.6,374.78,373.48,374.45,533
2026-08-04T14:09:00+00:00,374.45,375.62,374.27,374.76,701
2026-08-04T14:12:00+00:00,374.76,375.78,374.65,375,680
2026-08-04T14:15:00+00:00,375,375.31,374.12,375.18,620
2026-08-04T14:18:00+00:00,375.18,375.48,374.9,375.07,498
2026-08-04T14:21:00+00:00,375.07,375.08,373.93,374.1,580
2026-08-04T14:24:00+00:00,374.1,374.36,373.62,374.34,541
2026-08-04T14:27:00+00:00,374.34,374.82,374.25,374.57,537
2026-08-04T14:30:00+00:00,374.57,374.71,373.25,373.58,537
2026-08-04T14:33:00+00:00,373.58,373.81,373.12,373.23,278
2026-08-04T14:36:00+00:00,373.23,373.5,372.69,373.03,564
2026-08-04T14:39:00+00:00,373.03,373.53,372.65,373.03,356
2026-08-04T14:42:00+00:00,373.03,373.47,372.97,373.25,421
2026-08-04T14:45:00+00:00,373.25,373.25,372.67,372.98,321
2026-08-04T14:48:00+00:00,372.98,372.98,372.35,372.35,317
2026-08-04T14:51:00+00:00,372.35,372.93,372.35,372.61,385
2026-08-04T14:54:00+00:00,372.61,373.36,372.39,373.15,383
2026-08-04T14:57:00+00:00,373.15,373.76,372.98,373.71,419
2026-08-04T15:00:00+00:00,373.71,374.11,373.53,374.05,512
2026-08-04T15:03:00+00:00,374.05,374.48,374,374.32,425
2026-08-04T15:06:00+00:00,374.32,374.32,373.64,374.25,579
2026-08-04T15:09:00+00:00,374.25,374.76,374.14,374.35,645
2026-08-04T15:12:00+00:00,374.35,374.57,374.04,374.3,585
2026-08-04T15:15:00+00:00,374.3,374.99,374.28,374.35,565
2026-08-04T15:18:00+00:00,374.35,374.53,373.22,373.52,485
2026-08-04T15:21:00+00:00,373.52,373.95,373.48,373.6,438
2026-08-04T15:24:00+00:00,373.6,373.81,373.39,373.46,503
2026-08-04T15:27:00+00:00,373.46,373.66,373.1,373.61,410
2026-08-04T15:30:00+00:00,373.61,373.77,373.1,373.14,296
2026-08-04T15:33:00+00:00,373.14,373.16,372.74,372.91,365
2026-08-04T15:36:00+00:00,372.91,373.37,372.76,373.24,429
2026-08-04T15:39:00+00:00,373.24,373.39,372.54,372.85,344
2026-08-04T15:42:00+00:00,372.85,373.06,372.56,372.76,456
2026-08-04T15:45:00+00:00,372.76,373.46,372.72,373.37,419
2026-08-04T15:48:00+00:00,373.37,373.51,373.05,373.4,419
2026-08-04T15:51:00+00:00,373.4,373.44,372.88,372.9,336
2026-08-04T15:54:00+00:00,372.9,373.17,372.88,372.88,346
2026-08-04T15:57:00+00:00,372.88,373.23,372.88,373.14,216
2026-08-04T16:00:00+00:00,373.14,373.52,373.05,373.48,345
2026-08-04T16:03:00+00:00,373.48,373.73,373.38,373.4,356
2026-08-04T16:06:00+00:00,373.4,373.44,373.01,373.19,366
2026-08-04T16:09:00+00:00,373.19,373.28,372.97,372.98,311
2026-08-04T16:12:00+00:00,372.98,373.12,372.88,373.11,199
2026-08-04T16:15:00+00:00,373.11,373.4,373.05,373.33,272
2026-08-04T16:18:00+00:00,373.33,373.36,372.97,373.2,334
2026-08-04T16:21:00+00:00,373.2,373.23,372.6,372.62,270
2026-08-04T16:24:00+00:00,372.62,373.4,372.54,373.24,668
2026-08-04T16:27:00+00:00,373.24,373.41,373,373.41,385
2026-08-04T16:30:00+00:00,373.41,373.88,373.26,373.69,512
2026-08-04T16:33:00+00:00,373.69,374.06,373.6,373.88,376
2026-08-04T16:36:00+00:00,373.88,374.07,373.48,373.65,301
2026-08-04T16:39:00+00:00,373.65,373.69,373.34,373.47,325
2026-08-04T16:42:00+00:00,373.47,374.05,373.42,373.91,309
2026-08-04T16:45:00+00:00,373.91,374.72,373.9,374.64,373
2026-08-04T16:48:00+00:00,374.64,375.01,374.24,374.44,518
2026-08-04T16:51:00+00:00,374.44,374.76,374.13,374.18,459
2026-08-04T16:54:00+00:00,374.18,374.38,374.01,374.16,271
2026-08-04T16:57:00+00:00,374.16,374.23,373.4,373.68,440
2026-08-04T17:00:00+00:00,373.68,374.36,373.57,374.36,405
2026-08-04T17:03:00+00:00,374.36,374.73,374.27,374.47,362
2026-08-04T17:06:00+00:00,374.47,374.77,374.28,374.71,318
2026-08-04T17:09:00+00:00,374.71,374.83,374.48,374.78,380
2026-08-04T17:12:00+00:00,374.78,374.82,374.47,374.73,340
2026-08-04T17:15:00+00:00,374.73,375.41,374.73,375.41,315
2026-08-04T17:18:00+00:00,375.41,375.44,374.79,374.83,339
2026-08-04T17:21:00+00:00,374.83,374.89,374.24,374.48,279
2026-08-04T17:24:00+00:00,374.48,374.78,374.4,374.55,429
2026-08-04T17:27:00+00:00,374.55,374.83,374.52,374.68,393
2026-08-04T17:30:00+00:00,374.68,375.2,374.63,375.11,357
2026-08-04T17:33:00+00:00,375.11,375.2,374.77,374.95,242
2026-08-04T17:36:00+00:00,374.95,375.13,374.84,375.01,204
2026-08-04T17:39:00+00:00,375.01,375.38,374.97,375.34,210
2026-08-04T17:42:00+00:00,375.34,375.75,375.28,375.68,213
2026-08-04T17:45:00+00:00,375.68,375.87,375.54,375.76,209
2026-08-04T17:48:00+00:00,375.76,375.95,375.47,375.59,298
2026-08-04T17:51:00+00:00,375.59,375.76,375.42,375.66,245
2026-08-04T17:54:00+00:00,375.66,375.91,375.6,375.91,319
2026-08-04T17:57:00+00:00,375.91,376.14,375.72,375.74,265
2026-08-04T18:00:00+00:00,375.74,375.9,375.47,375.86,290
2026-08-04T18:03:00+00:00,375.86,376.01,375.6,375.96,286
2026-08-04T18:06:00+00:00,375.96,376.25,375.82,375.85,305
2026-08-04T18:09:00+00:00,375.85,376.32,375.83,376.25,400
2026-08-04T18:12:00+00:00,376.25,376.61,376.21,376.51,311
2026-08-04T18:15:00+00:00,376.51,376.71,376.23,376.24,303
2026-08-04T18:18:00+00:00,376.24,377.06,376.22,376.96,273
2026-08-04T18:21:00+00:00,376.96,377.09,376.84,376.96,268
2026-08-04T18:24:00+00:00,376.96,377.01,376.66,376.99,210
2026-08-04T18:27:00+00:00,376.99,377.27,376.86,377.11,259
2026-08-04T18:30:00+00:00,377.11,377.42,377.09,377.14,235
2026-08-04T18:33:00+00:00,377.14,377.52,377.03,377.36,204
2026-08-04T18:36:00+00:00,377.36,377.43,377.04,377.16,224
2026-08-04T18:39:00+00:00,377.16,377.16,376.46,376.73,335
2026-08-04T18:42:00+00:00,376.73,376.78,376.48,376.59,244
2026-08-04T18:45:00+00:00,376.59,376.9,376.59,376.71,225
2026-08-04T18:48:00+00:00,376.71,376.89,376.6,376.77,273
2026-08-04T18:51:00+00:00,376.77,376.81,376.45,376.55,239
2026-08-04T18:54:00+00:00,376.55,376.58,376.18,376.28,369
2026-08-04T18:57:00+00:00,376.28,376.53,376.21,376.51,220
2026-08-04T19:00:00+00:00,376.51,376.9,376.36,376.8,286
2026-08-04T19:03:00+00:00,376.8,377.15,376.8,376.96,242
2026-08-04T19:06:00+00:00,376.96,377.02,376.68,376.89,307
2026-08-04T19:09:00+00:00,376.89,377.01,376.74,376.79,263
2026-08-04T19:12:00+00:00,376.79,377.04,376.77,376.98,243
2026-08-04T19:15:00+00:00,376.98,377.17,376.82,376.89,283
2026-08-04T19:18:00+00:00,376.89,376.9,376.6,376.68,292
2026-08-04T19:21:00+00:00,376.68,376.83,376.57,376.7,285
2026-08-04T19:24:00+00:00,376.7,376.89,376.02,376.09,340
2026-08-04T19:27:00+00:00,376.09,376.16,375.81,375.96,346
2026-08-04T19:30:00+00:00,375.96,376.42,375.88,376.41,357
2026-08-04T19:33:00+00:00,376.41,376.75,376.3,376.46,446
2026-08-04T19:36:00+00:00,376.46,377.03,376.3,376.95,371
2026-08-04T19:39:00+00:00,376.95,377.16,376.75,377.07,319
2026-08-04T19:42:00+00:00,377.07,377.34,376.96,377.13,327
2026-08-04T19:45:00+00:00,377.13,377.47,377.08,377.14,406
2026-08-04T19:48:00+00:00,377.14,377.25,376.13,376.32,535
2026-08-04T19:51:00+00:00,376.32,376.42,375.43,375.79,675
2026-08-04T19:54:00+00:00,375.79,376,374.53,375.06,800
2026-08-04T19:57:00+00:00,375.06,375.83,374.53,375.23,1026
2026-08-05T13:30:00+00:00,375.23,381.32,375.23,379.56,737
2026-08-05T13:33:00+00:00,379.56,380.92,378.48,379.9,875
2026-08-05T13:36:00+00:00,379.9,379.94,378.25,379.08,991
2026-08-05T13:39:00+00:00,379.08,379.55,378.38,379.05,691
2026-08-05T13:42:00+00:00,379.05,379.34,378.52,378.7,424
2026-08-05T13:45:00+00:00,378.7,378.89,376.68,377.22,656
2026-08-05T13:48:00+00:00,377.22,377.26,375.88,376.56,597
2026-08-05T13:51:00+00:00,376.56,377.49,376.44,377.29,453
2026-08-05T13:54:00+00:00,377.29,378.14,377.18,377.4,482
2026-08-05T13:57:00+00:00,377.4,377.41,376.44,376.91,440
2026-08-05T14:00:00+00:00,376.91,376.91,375.48,375.65,468
2026-08-05T14:03:00+00:00,375.65,377.61,375.63,377.14,512
2026-08-05T14:06:00+00:00,377.14,377.47,376.09,376.09,475
2026-08-05T14:09:00+00:00,376.09,377.38,376.09,376.56,446
2026-08-05T14:12:00+00:00,376.56,376.74,376,376.5,432
2026-08-05T14:15:00+00:00,376.5,377.06,376.16,376.91,372
2026-08-05T14:18:00+00:00,376.91,377.37,376.59,377.27,312
2026-08-05T14:21:00+00:00,377.27,377.6,377.04,377.34,374
2026-08-05T14:24:00+00:00,377.34,378.27,377.12,377.8,345
2026-08-05T14:27:00+00:00,377.8,378.5,377.72,378.35,483
2026-08-05T14:30:00+00:00,378.35,379.11,378.05,379.05,678
2026-08-05T14:33:00+00:00,379.05,379.36,378.88,379.22,490
2026-08-05T14:36:00+00:00,379.22,379.29,378.45,378.79,496
2026-08-05T14:39:00+00:00,378.79,379.18,378.67,379.03,422
2026-08-05T14:42:00+00:00,379.03,379.69,378.99,379.22,428
2026-08-05T14:45:00+00:00,379.22,379.77,379,379.29,357
2026-08-05T14:48:00+00:00,379.29,379.62,378.92,378.99,377
2026-08-05T14:51:00+00:00,378.99,379.52,378.9,378.91,340
2026-08-05T14:54:00+00:00,378.91,379.36,378.19,378.33,381
2026-08-05T14:57:00+00:00,378.33,378.72,-1405.6799999999998,-1405.32,325.0265756205592
2026-08-05T15:00:00+00:00,378.51,379.1,378.18,378.18,419
2026-08-05T15:03:00+00:00,378.18,378.71,378.08,378.36,287
2026-08-05T15:06:00+00:00,378.36,378.74,378.08,378.54,299
2026-08-05T15:09:00+00:00,378.54,378.8,377.88,377.9,263
2026-08-05T15:12:00+00:00,377.9,378.03,377.68,377.85,356
2026-08-05T15:15:00+00:00,377.85,377.89,377.22,377.27,353
2026-08-05T15:18:00+00:00,377.27,377.29,376.63,377.2,362
2026-08-05T15:21:00+00:00,377.2,377.33,376.78,377.07,302
2026-08-05T15:24:00+00:00,377.07,377.14,376.43,376.58,339
2026-08-05T15:27:00+00:00,376.58,376.69,376.1,376.12,410
2026-08-05T15:30:00+00:00,376.12,376.39,375.98,376.19,322
2026-08-05T15:33:00+00:00,376.19,376.32,375.61,375.96,305
2026-08-05T15:36:00+00:00,375.96,376.03,375.39,375.41,356
2026-08-05T15:39:00+00:00,375.41,375.53,374.71,374.82,351
2026-08-05T15:42:00+00:00,374.82,375.11,374.47,374.72,323
2026-08-05T15:45:00+00:00,374.72,375.07,374.5,374.62,334
2026-08-05T15:48:00+00:00,374.62,374.73,373.89,374.15,405
2026-08-05T15:51:00+00:00,374.15,374.87,374.07,374.54,373
2026-08-05T15:54:00+00:00,374.54,374.64,373.39,373.75,359
2026-08-05T15:57:00+00:00,373.75,373.81,372.82,372.84,476
2026-08-05T16:00:00+00:00,372.84,373.41,362.48,362.48,1380
2026-08-05T16:03:00+00:00,362.48,364.8,361.25,362.79,1505
2026-08-05T16:06:00+00:00,362.79,363.45,358.41,358.43,1285
2026-08-05T16:09:00+00:00,358.43,358.79,356.35,356.6,1163
2026-08-05T16:12:00+00:00,356.6,357.68,354.99,357.43,1427
2026-08-05T16:15:00+00:00,357.43,359.45,356.59,359.17,1023
2026-08-05T16:18:00+00:00,359.17,362.07,358.89,361.99,914
2026-08-05T16:21:00+00:00,361.99,362.39,359.99,360.4,831
2026-08-05T16:24:00+00:00,360.4,361.21,358.88,359.65,935
2026-08-05T16:27:00+00:00,359.65,362.7,359.51,362.61,714
2026-08-05T16:30:00+00:00,362.61,362.93,359.54,360.88,724
2026-08-05T16:33:00+00:00,360.88,360.95,359.19,360.75,708
2026-08-05T16:36:00+00:00,360.75,361.37,359.78,361.34,524
2026-08-05T16:39:00+00:00,361.34,361.4,359.88,360.79,545
2026-08-05T16:42:00+00:00,360.79,361.22,360.28,360.44,486
2026-08-05T16:45:00+00:00,360.44,360.62,360,360,441
2026-08-05T16:48:00+00:00,360,361.3,359.97,361.01,494
2026-08-05T16:51:00+00:00,361.01,361.48,360.39,361.2,514
2026-08-05T16:54:00+00:00,361.2,362.33,361.06,361.73,608
2026-08-05T16:57:00+00:00,361.73,362,361.38,361.65,529
2026-08-05T17:00:00+00:00,361.65,362.42,361.19,361.2,569
2026-08-05T17:03:00+00:00,361.2,361.86,361.09,361.69,424
2026-08-05T17:06:00+00:00,361.69,361.81,361.16,361.49,397
2026-08-05T17:09:00+00:00,361.49,361.51,360.56,361.33,454
2026-08-05T17:12:00+00:00,361.33,361.48,360.44,360.46,465
2026-08-05T17:15:00+00:00,360.46,360.92,360.11,360.12,499
2026-08-05T17:18:00+00:00,360.12,360.81,360.11,360.37,415
2026-08-05T17:21:00+00:00,360.37,360.9,360.24,360.35,388
2026-08-05T17:24:00+00:00,360.35,360.39,359.9,360.33,433
2026-08-05T17:27:00+00:00,360.33,360.66,359.89,359.89,364
2026-08-05T17:30:00+00:00,359.89,359.95,359.48,359.59,411
2026-08-05T17:33:00+00:00,359.59,359.68,359.25,359.41,351
2026-08-05T17:36:00+00:00,359.41,359.5,359.19,359.34,298
2026-08-05T17:39:00+00:00,359.34,359.94,359.26,359.49,473
2026-08-05T17:42:00+00:00,359.49,359.55,358.14,358.18,477
2026-08-05T17:45:00+00:00,358.18,359.75,358.18,359.57,396
2026-08-05T17:48:00+00:00,359.57,359.96,359.3,359.63,395
2026-08-05T17:51:00+00:00,359.63,360.3,359.49,360.28,395
2026-08-05T17:54:00+00:00,360.28,360.48,359.93,360.44,451
2026-08-05T17:57:00+00:00,360.44,360.68,360.12,360.12,361
2026-08-05T18:00:00+00:00,360.12,361.66,360.12,361.52,543
2026-08-05T18:03:00+00:00,361.52,362.57,361.45,362.11,557
2026-08-05T18:06:00+00:00,362.11,362.56,362.04,362.32,445
2026-08-05T18:09:00+00:00,362.32,362.32,361.65,361.98,517
2026-08-05T18:12:00+00:00,361.98,362.01,361.12,361.24,287
2026-08-05T18:15:00+00:00,361.24,361.65,360.4,360.43,474
2026-08-05T18:18:00+00:00,360.43,360.84,360.38,360.52,299
2026-08-05T18:21:00+00:00,360.52,360.85,360.28,360.74,400
2026-08-05T18:24:00+00:00,360.74,361.13,360.58,360.59,461
2026-08-05T18:27:00+00:00,360.59,360.69,360.38,360.48,352
2026-08-05T18:30:00+00:00,360.48,360.51,359.91,360.24,578
2026-08-05T18:33:00+00:00,360.24,360.8,360.18,360.68,514
2026-08-05T18:36:00+00:00,360.68,360.9,360.26,360.39,339
2026-08-05T18:39:00+00:00,360.39,360.49,360.03,360.08,348
2026-08-05T18:42:00+00:00,360.08,360.14,359.48,359.61,392
2026-08-05T18:45:00+00:00,359.61,360.29,359.49,359.58,411
2026-08-05T18:48:00+00:00,359.58,360.08,359.49,360.06,328
2026-08-05T18:51:00+00:00,360.06,360.11,359.74,359.99,348
2026-08-05T18:54:00+00:00,359.99,360.02,359.16,359.3,401
2026-08-05T18:57:00+00:00,359.3,359.41,358.9,359.08,351
2026-08-05T19:00:00+00:00,359.08,359.21,358.88,358.89,318
2026-08-05T19:03:00+00:00,358.89,359.08,358.62,359.04,332
2026-08-05T19:06:00+00:00,359.04,359.28,358.72,359.21,427
2026-08-05T19:09:00+00:00,359.21,359.26,358.72,359.03,410
2026-08-05T19:12:00+00:00,359.03,359.1,358.65,358.65,473
2026-08-05T19:15:00+00:00,358.65,359.49,358.47,359.36,574
2026-08-05T19:18:00+00:00,359.36,359.85,359.24,359.49,644
2026-08-05T19:21:00+00:00,359.49,359.83,359.24,359.51,592
2026-08-05T19:24:00+00:00,359.51,360.2,359.38,359.62,632
2026-08-05T19:27:00+00:00,359.62,359.78,359.25,359.46,391
2026-08-05T19:30:00+00:00,359.46,360.23,359.39,360.17,545
2026-08-05T19:33:00+00:00,360.17,360.21,359.53,359.68,495
2026-08-05T19:36:00+00:00,359.68,360.11,359.53,359.93,360
2026-08-05T19:39:00+00:00,359.93,360.22,359.88,360.05,506
2026-08-05T19:42:00+00:00,360.05,360.63,359.98,360.2,432
2026-08-05T19:45:00+00:00,360.2,360.2,358.57,358.85,479
2026-08-05T19:48:00+00:00,358.85,359.84,358.61,359.59,534
2026-08-05T19:51:00+00:00,359.59,359.77,359.09,359.5,508
2026-08-05T19:54:00+00:00,359.5,360.71,359.38,360.07,939
2026-08-05T19:57:00+00:00,360.07,360.32,359.31,359.82,1359
2026-08-06T13:30:00+00:00,359.82,360.40999999999997,357.77,358.86,410
2026-08-06T13:33:00+00:00,358.86,361.37,358.84,361.27,405
2026-08-06T13:36:00+00:00,361.27,361.63,360.43,360.77,701
2026-08-06T13:39:00+00:00,360.77,360.90999999999997,358.65,358.65999999999997,625
2026-08-06T13:42:00+00:00,358.65999999999997,359.15,357.97999999999996,359,980
2026-08-06T13:45:00+00:00,359,359.56,358.5,359.07,908
2026-08-06T13:48:00+00:00,359.07,360.12,358.78999999999996,360.09,871
2026-08-06T13:51:00+00:00,360.09,360.78999999999996,359.77,360.57,726
2026-08-06T13:54:00+00:00,360.57,361.07,360.01,360.43,636
2026-08-06T13:57:00+00:00,360.43,361.11,360.15,360.78999999999996,406
2026-08-06T14:00:00+00:00,360.78999999999996,360.96999999999997,360.16999999999996,360.66999999999996,571
2026-08-06T14:03:00+00:00,360.66999999999996,360.68,359.77,359.84,677
2026-08-06T14:06:00+00:00,359.84,360.21999999999997,358.88,359.14,552
2026-08-06T14:09:00+00:00,359.14,359.44,358.87,359.09999999999997,561
2026-08-06T14:12:00+00:00,359.09999999999997,359.96999999999997,359.03,359.7,641
2026-08-06T14:15:00+00:00,359.7,359.81,359.26,359.81,446
2026-08-06T14:18:00+00:00,359.81,360.25,359.65,360.11,408
2026-08-06T14:21:00+00:00,360.11,360.21,359.27,359.43,464
2026-08-06T14:24:00+00:00,359.43,359.43,358.74,358.76,507
2026-08-06T14:27:00+00:00,358.76,359.02,358.09999999999997,358.36,537
2026-08-06T14:30:00+00:00,358.36,358.57,358.09999999999997,358.3,506
2026-08-06T14:33:00+00:00,358.3,358.49,358.02,358.08,590
2026-08-06T14:36:00+00:00,358.08,358.46999999999997,357.87,358.33,446
2026-08-06T14:39:00+00:00,358.33,358.34,357.66999999999996,357.69,426
2026-08-06T14:42:00+00:00,357.69,358.09999999999997,357.46999999999997,357.51,390
2026-08-06T14:45:00+00:00,357.51,357.83,357.28,357.83,591
2026-08-06T14:48:00+00:00,357.83,358.09999999999997,357.68,358.06,465
2026-08-06T14:51:00+00:00,358.06,358.52,357.8,358.4,501
2026-08-06T14:54:00+00:00,358.4,359.44,358.21,359.25,513
2026-08-06T14:57:00+00:00,359.25,360.09999999999997,359.16999999999996,359.84,383
2026-08-06T15:00:00+00:00,359.84,360.07,358.89,358.9,403
2026-08-06T15:03:00+00:00,358.9,359.03999999999996,357.84999999999997,357.87,458
2026-08-06T15:06:00+00:00,357.87,357.96999999999997,357.41999999999996,357.8,350
2026-08-06T15:09:00+00:00,357.8,358.01,357.41999999999996,357.65999999999997,292
2026-08-06T15:12:00+00:00,357.65999999999997,357.66999999999996,357.09999999999997,357.09999999999997,292
2026-08-06T15:15:00+00:00,357.09999999999997,357.34999999999997,356.99,357.05,435
2026-08-06T15:18:00+00:00,357.05,357.71999999999997,356.78999999999996,357.5,626
2026-08-06T15:21:00+00:00,357.5,357.65999999999997,357.02,357.65,525
2026-08-06T15:24:00+00:00,357.65,357.90999999999997,357.4,357.90999999999997,539
2026-08-06T15:27:00+00:00,357.90999999999997,358.41999999999996,357.78,358.40999999999997,475
2026-08-06T15:30:00+00:00,358.40999999999997,358.59999999999997,358.28,358.49,848
2026-08-06T15:33:00+00:00,358.49,358.65,358.28,358.31,626
2026-08-06T15:36:00+00:00,358.31,358.45,358.07,358.12,446
2026-08-06T15:39:00+00:00,358.12,358.28,357.84999999999997,358.07,423
2026-08-06T15:42:00+00:00,358.07,358.47999999999996,358.02,358.33,489
2026-08-06T15:45:00+00:00,358.33,358.46,357.93,358.31,475
2026-08-06T15:48:00+00:00,358.31,358.72999999999996,358.15999999999997,358.51,416
2026-08-06T15:51:00+00:00,358.51,358.59999999999997,357.83,358.18,502
2026-08-06T15:54:00+00:00,358.18,358.18,357.46,357.64,522
2026-08-06T15:57:00+00:00,357.64,357.87,357.33,357.57,447
2026-08-06T16:00:00+00:00,357.57,357.57,357.16999999999996,357.53999999999996,496
2026-08-06T16:03:00+00:00,357.53999999999996,357.64,357.18,357.41999999999996,506
2026-08-06T16:06:00+00:00,357.41999999999996,357.58,357.15,357.4,344
2026-08-06T16:09:00+00:00,357.4,357.75,357.26,357.36,485
2026-08-06T16:12:00+00:00,357.36,358.01,357.28,357.88,432
2026-08-06T16:15:00+00:00,357.88,358.21999999999997,357.71,357.95,650
2026-08-06T16:18:00+00:00,357.95,358.15999999999997,357.68,357.93,540
2026-08-06T16:21:00+00:00,357.93,358.13,357.68,357.78,579
2026-08-06T16:24:00+00:00,357.78,358.05,357.68,357.78999999999996,483
2026-08-06T16:27:00+00:00,357.78999999999996,358.2,357.68,358.13,637
2026-08-06T16:30:00+00:00,358.13,358.22999999999996,357.95,357.97999999999996,488
2026-08-06T16:33:00+00:00,357.97999999999996,358.03999999999996,357.77,357.84999999999997,460
2026-08-06T16:36:00+00:00,357.84999999999997,358.13,357.82,358.13,575
2026-08-06T16:39:00+00:00,358.13,358.13,357.27,357.34999999999997,434
2026-08-06T16:42:00+00:00,357.34999999999997,357.39,356.66999999999996,356.9,417
2026-08-06T16:45:00+00:00,356.9,356.9,356.37,356.41999999999996,509
2026-08-06T16:48:00+00:00,356.41999999999996,356.62,356.37,356.46,592
2026-08-06T16:51:00+00:00,356.46,356.77,356.37,356.75,452
2026-08-06T16:54:00+00:00,356.75,357.19,356.58,357.03,408
2026-08-06T16:57:00+00:00,357.03,357.06,356.66999999999996,356.88,592
2026-08-06T17:00:00+00:00,356.88,357.3,356.75,357.05,553
2026-08-06T17:03:00+00:00,357.05,357.32,357.02,357.22999999999996,525
2026-08-06T17:06:00+00:00,357.22999999999996,357.46,356.90999999999997,356.91999999999996,697
2026-08-06T17:09:00+00:00,356.91999999999996,357.18,356.87,356.88,678
2026-08-06T17:12:00+00:00,356.88,356.96,356.66999999999996,356.68,430
2026-08-06T17:15:00+00:00,356.68,356.96,356.66999999999996,356.78,443
2026-08-06T17:18:00+00:00,356.78,356.84999999999997,356.47999999999996,356.65,533
2026-08-06T17:21:00+00:00,356.65,356.76,356.43,356.57,557
2026-08-06T17:24:00+00:00,356.57,356.8,356.39,356.4,621
2026-08-06T17:27:00+00:00,356.4,356.68,356.39,356.49,590
2026-08-06T17:30:00+00:00,356.49,357.08,356.49,356.88,648
2026-08-06T17:33:00+00:00,356.88,357.16999999999996,356.78,356.93,514
2026-08-06T17:36:00+00:00,356.93,357.21999999999997,356.77,356.78,235
2026-08-06T17:39:00+00:00,356.78,357,356.77,356.84999999999997,437
2026-08-06T17:42:00+00:00,356.84999999999997,356.95,356.61,356.64,507
2026-08-06T17:45:00+00:00,356.64,357.05,356.61,356.81,536
2026-08-06T17:48:00+00:00,356.81,357.06,356.77,356.88,399
2026-08-06T17:51:00+00:00,356.88,357.07,356.77,356.77,492
2026-08-06T17:54:00+00:00,356.77,356.96,356.66999999999996,356.74,510
2026-08-06T17:57:00+00:00,356.74,356.8,356.41999999999996,356.53,496
2026-08-06T18:00:00+00:00,356.53,356.66999999999996,356.28,356.49,514
2026-08-06T18:03:00+00:00,356.49,356.63,356.28,356.32,426
2026-08-06T18:06:00+00:00,356.32,356.39,355.9,356.03999999999996,366
2026-08-06T18:09:00+00:00,356.03999999999996,356.09999999999997,355.76,355.97999999999996,355
2026-08-06T18:12:00+00:00,355.97999999999996,356.25,355.83,356.12,280
2026-08-06T18:15:00+00:00,356.12,356.18,355.82,356.03,339
2026-08-06T18:18:00+00:00,356.03,356.3,355.95,356.3,277
2026-08-06T18:21:00+00:00,356.3,356.34,356.02,356.27,336
2026-08-06T18:24:00+00:00,356.27,356.56,356.21999999999997,356.24,241
2026-08-06T18:27:00+00:00,356.24,356.61,356.21999999999997,356.27,274
2026-08-06T18:30:00+00:00,356.27,356.5,356.19,356.43,305
2026-08-06T18:33:00+00:00,356.43,356.46,356.2,356.36,215
2026-08-06T18:36:00+00:00,356.36,356.39,355.95,355.96999999999997,225
2026-08-06T18:39:00+00:00,355.96999999999997,356.33,355.95,356.26,151
2026-08-06T18:42:00+00:00,356.26,356.34999999999997,355.99,356,181
2026-08-06T18:45:00+00:00,356,356.11,355.87,356,226
2026-08-06T18:48:00+00:00,356,356.16999999999996,355.97999999999996,356.05,409
2026-08-06T18:51:00+00:00,356.05,356.32,356.05,356.28999999999996,219
2026-08-06T18:54:00+00:00,356.28999999999996,356.28999999999996,356.09,356.13,264
2026-08-06T18:57:00+00:00,356.13,356.21999999999997,355.97999999999996,356,153
2026-08-06T19:00:00+00:00,356,356.39,355.95,356.39,314
2026-08-06T19:03:00+00:00,356.39,356.62,356.31,356.59999999999997,243
2026-08-06T19:06:00+00:00,356.59999999999997,356.63,356.39,356.53,179
2026-08-06T19:09:00+00:00,356.53,356.65999999999997,356.32,356.65999999999997,253
2026-08-06T19:12:00+00:00,356.65999999999997,356.90999999999997,356.34999999999997,356.47999999999996,338
2026-08-06T19:15:00+00:00,356.47999999999996,356.58,356.34999999999997,356.44,278
2026-08-06T19:18:00+00:00,356.44,356.61,356.39,356.61,308
2026-08-06T19:21:00+00:00,356.61,356.74,356.38,356.45,250
2026-08-06T19:24:00+00:00,356.45,356.68,356.22999999999996,356.32,356
2026-08-06T19:27:00+00:00,356.32,356.32,355.77,355.77,279
2026-08-06T19:30:00+00:00,355.77,356.21999999999997,355.61,356.16999999999996,365
2026-08-06T19:33:00+00:00,356.16999999999996,356.28,355.96,356.2,272
2026-08-06T19:36:00+00:00,356.2,356.33,356.03,356.24,192
2026-08-06T19:39:00+00:00,356.24,356.26,355.78,355.78,328
2026-08-06T19:42:00+00:00,355.78,356.01,355.57,356,248
2026-08-06T19:45:00+00:00,356,356.40999999999997,355.88,356.16999999999996,325
2026-08-06T19:48:00+00:00,356.16999999999996,356.40999999999997,355.71999999999997,356.03999999999996,518
2026-08-06T19:51:00+00:00,356.03999999999996,356.27,355.72999999999996,356.27,737
2026-08-06T19:54:00+00:00,356.27,356.66999999999996,356.06,356.15999999999997,584
2026-08-06T19:57:00+00:00,356.15999999999997,356.8,356.09999999999997,356.74,894
2026-08-07T13:30:00+00:00,356.74,357.08,354.19,355.72999999999996,442
2026-08-07T13:33:00+00:00,355.72999999999996,356.39,355.27,356.38,430
2026-08-07T13:36:00+00:00,356.38,356.62,355.3,355.39,524
2026-08-07T13:39:00+00:00,355.39,355.39,353.49,353.5,581
2026-08-07T13:42:00+00:00,353.5,354.38,353.5,354.15999999999997,653
2026-08-07T13:45:00+00:00,354.15999999999997,354.31,353.37,353.37,623
2026-08-07T13:48:00+00:00,353.37,354.27,353.26,354.2,539
2026-08-07T13:51:00+00:00,354.2,354.87,354.03999999999996,354.78,479
2026-08-07T13:54:00+00:00,354.78,355.25,354.58,354.78999999999996,499
2026-08-07T13:57:00+00:00,354.78999999999996,354.88,354.21,354.45,570
2026-08-07T14:00:00+00:00,354.45,354.74,353.32,353.84999999999997,650
2026-08-07T14:03:00+00:00,353.84999999999997,354.41999999999996,353.76,354.12,863
2026-08-07T14:06:00+00:00,354.12,354.45,353.91999999999996,354.39,620
2026-08-07T14:09:00+00:00,354.39,355.01,354.32,354.86,536
2026-08-07T14:12:00+00:00,354.86,355.26,354.53999999999996,354.95,626
2026-08-07T14:15:00+00:00,354.95,354.96,354.4,354.71999999999997,519
2026-08-07T14:18:00+00:00,354.71999999999997,354.71999999999997,354.11,354.21999999999997,546
2026-08-07T14:21:00+00:00,354.21999999999997,354.45,353.78999999999996,354.14,497
2026-08-07T14:24:00+00:00,354.14,354.58,354.01,354.15999999999997,523
2026-08-07T14:27:00+00:00,354.15999999999997,354.53999999999996,354.02,354.46,533
2026-08-07T14:30:00+00:00,354.46,355,354.45,354.59999999999997,548
2026-08-07T14:33:00+00:00,354.59999999999997,354.61,353.96999999999997,353.96999999999997,726
2026-08-07T14:36:00+00:00,353.96999999999997,354.05,353.58,353.61,636
2026-08-07T14:39:00+00:00,353.61,353.82,353.16999999999996,353.71999999999997,705
2026-08-07T14:42:00+00:00,353.71999999999997,353.95,353.37,353.38,617
2026-08-07T14:45:00+00:00,353.38,353.93,353.09999999999997,353.18,656
2026-08-07T14:48:00+00:00,353.18,353.34999999999997,352.87,352.96,615
2026-08-07T14:51:00+00:00,352.96,353.88,352.96,353.55,597
2026-08-07T14:54:00+00:00,353.55,353.8,353.3,353.3,632
2026-08-07T14:57:00+00:00,353.3,354.76,353.3,354.5,537
2026-08-07T15:00:00+00:00,354.5,354.9,354.03999999999996,354.05,677
2026-08-07T15:03:00+00:00,354.05,355.2,354.03999999999996,355.15999999999997,433
2026-08-07T15:06:00+00:00,355.15999999999997,355.27,354.68,355.15,317
2026-08-07T15:09:00+00:00,355.15,356.03999999999996,354.97999999999996,355.93,558
2026-08-07T15:12:00+00:00,355.93,355.95,355.37,355.71999999999997,531
2026-08-07T15:15:00+00:00,355.71999999999997,356.28,355.66999999999996,355.96999999999997,359
2026-08-07T15:18:00+00:00,355.96999999999997,355.99,355,355.15999999999997,249
2026-08-07T15:21:00+00:00,355.15999999999997,355.59999999999997,354.96,355.44,338
2026-08-07T15:24:00+00:00,355.44,355.72999999999996,355.32,355.72999999999996,279
2026-08-07T15:27:00+00:00,355.72999999999996,355.88,355.52,355.7,325
2026-08-07T15:30:00+00:00,355.7,355.91999999999996,355.46,355.78,241
2026-08-07T15:33:00+00:00,355.78,355.95,355.15,355.16999999999996,388
2026-08-07T15:36:00+00:00,355.16999999999996,355.83,355.15999999999997,355.75,377
2026-08-07T15:39:00+00:00,355.75,355.81,355.33,355.47999999999996,300
2026-08-07T15:42:00+00:00,355.47999999999996,355.82,355.37,355.82,307
2026-08-07T15:45:00+00:00,355.82,355.82,355.28,355.32,407
2026-08-07T15:48:00+00:00,355.32,355.34999999999997,354.90999999999997,355.03999999999996,355
2026-08-07T15:51:00+00:00,355.03999999999996,355.18,354.82,354.91999999999996,244
2026-08-07T15:54:00+00:00,354.91999999999996,355.22999999999996,354.87,355.03999999999996,279
2026-08-07T15:57:00+00:00,355.03999999999996,355.03999999999996,354.52,354.64,418
2026-08-07T16:00:00+00:00,354.64,354.66999999999996,354.12,354.25,455
2026-08-07T16:03:00+00:00,354.25,354.53999999999996,354.16999999999996,354.34,334
2026-08-07T16:06:00+00:00,354.34,354.41999999999996,354.07,354.2,278
2026-08-07T16:09:00+00:00,354.2,354.4,354.18,354.34999999999997,312
2026-08-07T16:12:00+00:00,354.34999999999997,354.34999999999997,353.94,354.02,282
2026-08-07T16:15:00+00:00,354.02,354.34,354,354.09,374
2026-08-07T16:18:00+00:00,354.09,354.43,354.08,354.12,417
2026-08-07T16:21:00+00:00,354.12,354.37,354.01,354.05,437
2026-08-07T16:24:00+00:00,354.05,354.08,353.19,353.21999999999997,407
2026-08-07T16:27:00+00:00,353.21999999999997,353.38,353.02,353.26,512
2026-08-07T16:30:00+00:00,353.26,353.43,353.07,353.43,535
2026-08-07T16:33:00+00:00,353.43,354.25,353.28,354,556
2026-08-07T16:36:00+00:00,354,354.11,353.88,354.08,496
2026-08-07T16:39:00+00:00,354.08,354.28999999999996,353.96,354.07,455
2026-08-07T16:42:00+00:00,354.07,354.21,354,354.14,298
2026-08-07T16:45:00+00:00,354.14,354.34,354,354.22999999999996,341
2026-08-07T16:48:00+00:00,354.22999999999996,354.22999999999996,353.9,353.9,311
2026-08-07T16:51:00+00:00,353.9,354.03999999999996,353.8,353.90999999999997,375
2026-08-07T16:54:00+00:00,353.90999999999997,354.03,353.82,353.89,413
2026-08-07T16:57:00+00:00,353.89,354.11,353.84999999999997,353.94,372
2026-08-07T17:00:00+00:00,353.94,354.13,353.83,353.94,267
2026-08-07T17:03:00+00:00,353.94,353.94,353.58,353.69,225
2026-08-07T17:06:00+00:00,353.69,353.82,353.62,353.69,230
2026-08-07T17:09:00+00:00,353.69,353.71999999999997,353.58,353.68,184
2026-08-07T17:12:00+00:00,353.68,353.69,353.41999999999996,353.41999999999996,324
2026-08-07T17:15:00+00:00,353.41999999999996,353.52,353.36,353.39,205
2026-08-07T17:18:00+00:00,353.39,353.46,353.28,353.38,241
2026-08-07T17:21:00+00:00,353.38,353.53999999999996,353.28,353.32,283
2026-08-07T17:24:00+00:00,353.32,353.36,353.14,353.26,223
2026-08-07T17:27:00+00:00,353.26,353.69,353.21999999999997,353.65,211
2026-08-07T17:30:00+00:00,353.65,353.7,353.41999999999996,353.41999999999996,193
2026-08-07T17:33:00+00:00,353.41999999999996,353.62,353.3,353.43,251
2026-08-07T17:36:00+00:00,353.43,353.65,353.37,353.53999999999996,254
2026-08-07T17:39:00+00:00,353.53999999999996,353.78999999999996,353.47999999999996,353.66999999999996,263
2026-08-07T17:42:00+00:00,353.66999999999996,353.71999999999997,353.55,353.58,204
2026-08-07T17:45:00+00:00,353.58,353.97999999999996,353.56,353.84999999999997,232
2026-08-07T17:48:00+00:00,353.84999999999997,354,353.76,353.88,207
2026-08-07T17:51:00+00:00,353.88,353.94,353.66999999999996,353.7,214
2026-08-07T17:54:00+00:00,353.7,354.03,353.68,353.97999999999996,206
2026-08-07T17:57:00+00:00,353.97999999999996,354.14,353.84,353.94,236
2026-08-07T18:00:00+00:00,353.94,354.16999999999996,353.58,353.62,255
2026-08-07T18:03:00+00:00,353.62,353.8,353.47999999999996,353.5,221
2026-08-07T18:06:00+00:00,353.5,353.52,353.37,353.47999999999996,296
2026-08-07T18:09:00+00:00,353.47999999999996,353.49,353.21999999999997,353.27,208
2026-08-07T18:12:00+00:00,353.27,353.34999999999997,353.16999999999996,353.16999999999996,275
2026-08-07T18:15:00+00:00,353.16999999999996,353.34,353.16999999999996,353.24,171
2026-08-07T18:18:00+00:00,353.24,353.46,353.22999999999996,353.37,252
2026-08-07T18:21:00+00:00,353.37,353.43,353.18,353.18,110
2026-08-07T18:24:00+00:00,353.18,353.25,353.12,353.15999999999997,145
2026-08-07T18:27:00+00:00,353.15999999999997,353.28999999999996,353.06,353.07,202
2026-08-07T18:30:00+00:00,353.07,353.12,352.91999999999996,353,208
2026-08-07T18:33:00+00:00,353,353.21,353,353.03999999999996,156
2026-08-07T18:36:00+00:00,353.03999999999996,353.11,352.91999999999996,352.96,138
2026-08-07T18:39:00+00:00,352.96,353.12,352.91999999999996,352.96999999999997,126
2026-08-07T18:42:00+00:00,352.96999999999997,353.09,352.96,352.96,122
2026-08-07T18:45:00+00:00,352.96,353.03999999999996,352.84,352.99,246
2026-08-07T18:48:00+00:00,352.99,353.3,352.96999999999997,353.22999999999996,200
2026-08-07T18:51:00+00:00,353.22999999999996,353.39,353.12,353.15999999999997,100
2026-08-07T18:54:00+00:00,353.15999999999997,353.21999999999997,353.03999999999996,353.14,171
2026-08-07T18:57:00+00:00,353.14,353.47999999999996,353.13,353.47999999999996,195
2026-08-07T19:00:00+00:00,353.47999999999996,353.55,353.28999999999996,353.32,386
2026-08-07T19:03:00+00:00,353.32,353.4,353.12,353.36,294
2026-08-07T19:06:00+00:00,353.36,353.71,353.27,353.65999999999997,264
2026-08-07T19:09:00+00:00,353.65999999999997,354.11,353.65999999999997,353.9,211
2026-08-07T19:12:00+00:00,353.9,353.94,353.57,353.84,164
2026-08-07T19:15:00+00:00,353.84,354.15,353.84,353.89,192
2026-08-07T19:18:00+00:00,353.89,353.91999999999996,353.58,353.89,224
2026-08-07T19:21:00+00:00,353.89,354.02,353.8,354,125
2026-08-07T19:24:00+00:00,354,354.15999999999997,353.9,354.03,181
2026-08-07T19:27:00+00:00,354.03,354.2,353.83,354.2,219
2026-08-07T19:30:00+00:00,354.2,354.2,353.84,354.11,358
2026-08-07T19:33:00+00:00,354.11,354.15,353.83,353.91999999999996,538
2026-08-07T19:36:00+00:00,353.91999999999996,354.01,353.65999999999997,353.68,340
2026-08-07T19:39:00+00:00,353.68,353.88,353.57,353.81,394
2026-08-07T19:42:00+00:00,353.81,354.03999999999996,353.72999999999996,354.01,439
2026-08-07T19:45:00+00:00,354.01,354.44,354.01,354.36,360
2026-08-07T19:48:00+00:00,354.36,354.72999999999996,354.32,354.33,309
2026-08-07T19:51:00+00:00,354.33,354.52,354.14,354.44,413
2026-08-07T19:54:00+00:00,354.44,354.51,353.76,353.97999999999996,597
2026-08-07T19:57:00+00:00,353.97999999999996,354.3,353.34999999999997,353.49,900
2026-08-10T13:30:00+00:00,353.49,355.59999999999997,352.83,353.27,458
2026-08-10T13:33:00+00:00,353.27,354.96,353.15999999999997,354.40999999999997,465
2026-08-10T13:36:00+00:00,354.40999999999997,354.57,353.15999999999997,353.15999999999997,493
2026-08-10T13:39:00+00:00,353.15999999999997,354.18,353.07,353.25,576
2026-08-10T13:42:00+00:00,353.25,353.43,352.03999999999996,352.15,674
2026-08-10T13:45:00+00:00,352.15,352.47999999999996,351.53999999999996,351.81,670
2026-08-10T13:48:00+00:00,351.81,352.38,351.62,351.71,618
2026-08-10T13:51:00+00:00,351.71,352.31,351.46999999999997,352.22999999999996,630
2026-08-10T13:54:00+00:00,352.22999999999996,352.76,352.02,352.21999999999997,503
2026-08-10T13:57:00+00:00,352.21999999999997,353.14,352.03999999999996,352.69,551
2026-08-10T14:00:00+00:00,352.69,352.97999999999996,352.03,352.37,416
2026-08-10T14:03:00+00:00,352.37,352.68,352.15999999999997,352.53,447
2026-08-10T14:06:00+00:00,352.53,353.02,352.12,352.97999999999996,408
2026-08-10T14:09:00+00:00,352.97999999999996,353.65,352.84999999999997,352.96999999999997,471
2026-08-10T14:12:00+00:00,352.96999999999997,353.19,352.7,353.06,461
2026-08-10T14:15:00+00:00,353.06,353.87,353.02,353.84999999999997,412
2026-08-10T14:18:00+00:00,353.84999999999997,355.09,353.58,354.87,601
2026-08-10T14:21:00+00:00,354.87,355.12,354.5,354.78,575
2026-08-10T14:24:00+00:00,354.78,354.91999999999996,354.56,354.82,525
2026-08-10T14:27:00+00:00,354.82,355.33,354.66999999999996,355.22999999999996,299
2026-08-10T14:30:00+00:00,355.22999999999996,355.57,355.02,355.21999999999997,582
2026-08-10T14:33:00+00:00,355.21999999999997,355.33,354.55,354.66999999999996,371
2026-08-10T14:36:00+00:00,354.66999999999996,354.97999999999996,354.15,354.24,363
2026-08-10T14:39:00+00:00,354.24,354.86,354.13,354.56,375
2026-08-10T14:42:00+00:00,354.56,354.71,354.40999999999997,354.40999999999997,206
2026-08-10T14:45:00+00:00,354.40999999999997,354.40999999999997,353.82,353.89,242
2026-08-10T14:48:00+00:00,353.89,354.11,353.63,353.90999999999997,275
2026-08-10T14:51:00+00:00,353.90999999999997,353.91999999999996,353.33,353.34999999999997,296
2026-08-10T14:54:00+00:00,353.34999999999997,353.38,352.53,352.53999999999996,424
2026-08-10T14:57:00+00:00,352.53999999999996,352.82,352.3,352.45,461
2026-08-10T15:00:00+00:00,352.45,353.01,352.45,352.88,303
2026-08-10T15:03:00+00:00,352.88,353.07,352.46999999999997,352.52,340
2026-08-10T15:06:00+00:00,352.52,352.61,352.28,352.43,320
2026-08-10T15:09:00+00:00,352.43,352.95,352.27,352.87,371
2026-08-10T15:12:00+00:00,352.87,352.88,352.45,352.69,332
2026-08-10T15:15:00+00:00,352.69,352.84,352.57,352.77,226
2026-08-10T15:18:00+00:00,352.77,353.57,352.76,353.46999999999997,247
2026-08-10T15:21:00+00:00,353.46999999999997,353.53,352.82,352.89,189
2026-08-10T15:24:00+00:00,352.89,352.90999999999997,352.43,352.58,272
2026-08-10T15:27:00+00:00,352.58,352.99,352.5,352.89,262
2026-08-10T15:30:00+00:00,352.89,353.36,352.87,353.34,277
2026-08-10T15:33:00+00:00,353.34,353.37,352.56,352.59999999999997,263
2026-08-10T15:36:00+00:00,352.59999999999997,352.86,352.24,352.27,263
2026-08-10T15:39:00+00:00,352.27,352.58,352.27,352.46999999999997,265
2026-08-10T15:42:00+00:00,352.46999999999997,352.49,352.15,352.33,262
2026-08-10T15:45:00+00:00,352.33,352.33,352.03,352.03999999999996,186
2026-08-10T15:48:00+00:00,352.03999999999996,352.44,352.03,352.32,289
2026-08-10T15:51:00+00:00,352.32,352.59999999999997,352.18,352.39,214
2026-08-10T15:54:00+00:00,352.39,352.65999999999997,352.31,352.63,214
2026-08-10T15:57:00+00:00,352.63,353.09999999999997,352.63,353.03999999999996,224
2026-08-10T16:00:00+00:00,353.03999999999996,353.33,352.99,353.21999999999997,319
2026-08-10T16:03:00+00:00,353.21999999999997,353.40999999999997,353.02,353.03,247
2026-08-10T16:06:00+00:00,353.03,353.59,353.02,353.2,229
2026-08-10T16:09:00+00:00,353.2,353.53999999999996,353.16999999999996,353.16999999999996,223
2026-08-10T16:12:00+00:00,353.16999999999996,353.3,352.83,352.87,140
2026-08-10T16:15:00+00:00,352.87,352.94,352.52,352.53999999999996,281
2026-08-10T16:18:00+00:00,352.53999999999996,352.8,352.52,352.69,258
2026-08-10T16:21:00+00:00,352.69,352.78999999999996,352.62,352.64,126
2026-08-10T16:24:00+00:00,352.64,353.06,352.59999999999997,352.84999999999997,256
2026-08-10T16:27:00+00:00,352.84999999999997,353.03999999999996,352.71999999999997,353.03999999999996,255
2026-08-10T16:30:00+00:00,353.03999999999996,353.15999999999997,352.32,352.64,442
2026-08-10T16:33:00+00:00,352.64,353.03999999999996,352.49,352.95,361
2026-08-10T16:36:00+00:00,352.95,353.2,352.93,352.96,229
2026-08-10T16:39:00+00:00,352.96,353.3,352.90999999999997,353.3,248
2026-08-10T16:42:00+00:00,353.3,353.34999999999997,352.72999999999996,352.72999999999996,298
2026-08-10T16:45:00+00:00,352.72999999999996,352.99,352.53,352.95,252
2026-08-10T16:48:00+00:00,352.95,353.21999999999997,352.78,353.02,149
2026-08-10T16:51:00+00:00,353.02,353.06,352.83,352.87,186
2026-08-10T16:54:00+00:00,352.87,353.06,352.75,352.96999999999997,192
2026-08-10T16:57:00+00:00,352.96999999999997,353.08,352.78999999999996,352.97999999999996,226
2026-08-10T17:00:00+00:00,352.97999999999996,353.15999999999997,352.77,352.81,293
2026-08-10T17:03:00+00:00,352.81,352.84999999999997,352.63,352.66999999999996,169
2026-08-10T17:06:00+00:00,352.66999999999996,352.81,352.58,352.81,143
2026-08-10T17:09:00+00:00,352.81,352.96,352.65,352.77,123
2026-08-10T17:12:00+00:00,352.77,352.87,352.65,352.87,137
2026-08-10T17:15:00+00:00,352.87,353.07,352.84999999999997,352.96999999999997,206
2026-08-10T17:18:00+00:00,352.96999999999997,353.37,352.93,353.31,304
2026-08-10T17:21:00+00:00,353.31,353.31,352.93,353.11,291
2026-08-10T17:24:00+00:00,353.11,353.21999999999997,353.03,353.14,112
2026-08-10T17:27:00+00:00,353.14,353.28,353.05,353.12,232
2026-08-10T17:30:00+00:00,353.12,353.26,353.02,353.15999999999997,207
2026-08-10T17:33:00+00:00,353.15999999999997,353.21,352.93,353.05,214
2026-08-10T17:36:00+00:00,353.05,353.19,352.99,353.06,192
2026-08-10T17:39:00+00:00,353.06,353.11,352.68,352.71,229
2026-08-10T17:42:00+00:00,352.71,352.91999999999996,352.68,352.77,222
2026-08-10T17:45:00+00:00,352.77,352.95,352.68,352.81,228
2026-08-10T17:48:00+00:00,352.81,352.86,352.56,352.56,170
2026-08-10T17:51:00+00:00,352.56,352.62,352.41999999999996,352.47999999999996,239
2026-08-10T17:54:00+00:00,352.47999999999996,352.52,352.41999999999996,352.46,209
2026-08-10T17:57:00+00:00,352.46,352.61,352.32,352.58,190
2026-08-10T18:00:00+00:00,352.58,352.78999999999996,352.5,352.58,235
2026-08-10T18:03:00+00:00,352.58,352.62,352.52,352.53,151
2026-08-10T18:06:00+00:00,352.53,352.83,352.52,352.71999999999997,273
2026-08-10T18:09:00+00:00,352.71999999999997,352.8,352.62,352.78999999999996,149
2026-08-10T18:12:00+00:00,352.78999999999996,352.84999999999997,352.59,352.71,156
2026-08-10T18:15:00+00:00,352.71,352.71999999999997,352.53,352.53999999999996,215
2026-08-10T18:18:00+00:00,352.53999999999996,352.56,352.41999999999996,352.5,120
2026-08-10T18:21:00+00:00,352.5,352.71,352.43,352.66999999999996,137
2026-08-10T18:24:00+00:00,352.66999999999996,352.77,352.59,352.66999999999996,130
2026-08-10T18:27:00+00:00,352.66999999999996,352.9,352.61,352.72999999999996,181
2026-08-10T18:30:00+00:00,352.72999999999996,352.93,352.56,352.9,379
2026-08-10T18:33:00+00:00,352.9,352.96999999999997,352.72999999999996,352.84999999999997,211
2026-08-10T18:36:00+00:00,352.84999999999997,353.06,352.76,352.84,194
2026-08-10T18:39:00+00:00,352.84,353.43,352.81,353.34,246
2026-08-10T18:42:00+00:00,353.34,354.15,353.34,354.15,196
2026-08-10T18:45:00+00:00,354.15,354.65,354.09999999999997,354.27,374
2026-08-10T18:48:00+00:00,354.27,354.38,354.12,354.27,192
2026-08-10T18:51:00+00:00,354.27,354.65,354.21,354.51,180
2026-08-10T18:54:00+00:00,354.51,354.7,354.44,354.58,139
2026-08-10T18:57:00+00:00,354.58,354.78999999999996,354.44,354.44,178
2026-08-10T19:00:00+00:00,354.44,354.66999999999996,354.37,354.58,229
2026-08-10T19:03:00+00:00,354.58,354.65,354.4,354.4,177
2026-08-10T19:06:00+00:00,354.4,354.7,354.32,354.64,206
2026-08-10T19:09:00+00:00,354.64,354.66999999999996,354.18,354.24,304
2026-08-10T19:12:00+00:00,354.24,354.32,354.07,354.11,271
2026-08-10T19:15:00+00:00,354.11,354.19,353.66999999999996,353.82,208
2026-08-10T19:18:00+00:00,353.82,353.90999999999997,353.66999999999996,353.7,223
2026-08-10T19:21:00+00:00,353.7,353.91999999999996,353.66999999999996,353.91999999999996,286
2026-08-10T19:24:00+00:00,353.91999999999996,354.01,353.75,353.82,217
2026-08-10T19:27:00+00:00,353.82,353.90999999999997,353.69,353.71999999999997,233
2026-08-10T19:30:00+00:00,353.71999999999997,353.8,353.53,353.55,280
2026-08-10T19:33:00+00:00,353.55,353.7,353.14,353.45,330
2026-08-10T19:36:00+00:00,353.45,353.65,353.27,353.63,245
2026-08-10T19:39:00+00:00,353.63,353.96999999999997,353.59,353.88,250
2026-08-10T19:42:00+00:00,353.88,354.15,353.84999999999997,354.05,276
2026-08-10T19:45:00+00:00,354.05,354.37,353.9,354.27,334
2026-08-10T19:48:00+00:00,354.27,354.46,353.83,353.96999999999997,532
2026-08-10T19:51:00+00:00,353.96999999999997,354.41999999999996,353.96999999999997,354.36,600
2026-08-10T19:54:00+00:00,354.36,355.46,354.21999999999997,355.22999999999996,810
2026-08-10T19:57:00+00:00,355.22999999999996,355.97999999999996,355.21,355.72999999999996,1205
2026-08-11T13:30:00+00:00,355.72999999999996,355.72999999999996,352.11,352.39,331
2026-08-11T13:33:00+00:00,352.39,352.74,351.65,351.72999999999996,408
2026-08-11T13:36:00+00:00,351.72999999999996,351.89,350.91999999999996,351.02,538
2026-08-11T13:39:00+00:00,351.02,351.49,350.08,350.38,512
2026-08-11T13:42:00+00:00,350.38,350.59,349.53999999999996,349.56,530
2026-08-11T13:45:00+00:00,349.56,349.76,348.40999999999997,348.62,562
2026-08-11T13:48:00+00:00,348.62,349.05,348.4,348.41999999999996,494
2026-08-11T13:51:00+00:00,348.41999999999996,349.4,348.37,349.05,442
2026-08-11T13:54:00+00:00,349.05,349.47999999999996,348.37,349.32,469
2026-08-11T13:57:00+00:00,349.32,350.36,349.31,349.78,438
2026-08-11T14:00:00+00:00,349.78,350.25,349.41999999999996,349.71999999999997,353
2026-08-11T14:03:00+00:00,349.71999999999997,350.15999999999997,349.58,350.03999999999996,362
2026-08-11T14:06:00+00:00,350.03999999999996,350.14,349.66999999999996,349.78999999999996,270
2026-08-11T14:09:00+00:00,349.78999999999996,350.24,349.71,350.01,304
2026-08-11T14:12:00+00:00,350.01,350.59,350.01,350.25,311
2026-08-11T14:15:00+00:00,350.25,350.51,349.91999999999996,350,240
2026-08-11T14:18:00+00:00,350,350.91999999999996,349.99,350.7,328
2026-08-11T14:21:00+00:00,350.7,350.84999999999997,350.06,350.15999999999997,302
2026-08-11T14:24:00+00:00,350.15999999999997,350.39,349.91999999999996,350.08,222
2026-08-11T14:27:00+00:00,350.08,350.72999999999996,350.08,350.58,245
2026-08-11T14:30:00+00:00,350.58,350.81,350.34999999999997,350.55,308
2026-08-11T14:33:00+00:00,350.55,350.71999999999997,350.34,350.71,229
2026-08-11T14:36:00+00:00,350.71,350.77,350.34999999999997,350.53999999999996,239
2026-08-11T14:39:00+00:00,350.53999999999996,350.74,350.38,350.53999999999996,256
2026-08-11T14:42:00+00:00,350.53999999999996,350.88,350.03999999999996,350.05,294
2026-08-11T14:45:00+00:00,350.05,350.59,350.03999999999996,350.28,352
2026-08-11T14:48:00+00:00,350.28,350.81,350.21999999999997,350.78999999999996,438
2026-08-11T14:51:00+00:00,350.78999999999996,350.82,350.56,350.56,252
2026-08-11T14:54:00+00:00,350.56,350.83,350.37,350.56,337
2026-08-11T14:57:00+00:00,350.56,350.81,350.51,350.59,263
2026-08-11T15:00:00+00:00,350.59,350.77,350.43,350.53,268
2026-08-11T15:03:00+00:00,350.53,350.81,350.36,350.4,196
2026-08-11T15:06:00+00:00,350.4,350.53999999999996,350.3,350.51,225
2026-08-11T15:09:00+00:00,350.51,350.65,350.31,350.53999999999996,274
2026-08-11T15:12:00+00:00,350.53999999999996,350.72999999999996,349.84,349.91999999999996,285
2026-08-11T15:15:00+00:00,349.91999999999996,350.34999999999997,349.86,349.96,258
2026-08-11T15:18:00+00:00,349.96,350.09,349.82,350.01,214
2026-08-11T15:21:00+00:00,350.01,350.27,349.9,350.03999999999996,191
2026-08-11T15:24:00+00:00,350.03999999999996,350.4,350.02,350.28,264
2026-08-11T15:27:00+00:00,350.28,350.3,349.87,349.87,268
2026-08-11T15:30:00+00:00,349.87,349.93,349.37,349.51,302
2026-08-11T15:33:00+00:00,349.51,349.63,349,349.06,433
2026-08-11T15:36:00+00:00,349.06,349.18,348.87,349,269
2026-08-11T15:39:00+00:00,349,349.06,348.61,348.77,334
2026-08-11T15:42:00+00:00,348.77,348.77,348.53999999999996,348.56,271
2026-08-11T15:45:00+00:00,348.56,348.83,348.49,348.5,288
2026-08-11T15:48:00+00:00,348.5,348.56,348.05,348.32,336
2026-08-11T15:51:00+00:00,348.32,348.34999999999997,347.95,348.3,308
2026-08-11T15:54:00+00:00,348.3,348.47999999999996,348.21999999999997,348.31,257
2026-08-11T15:57:00+00:00,348.31,348.74,348.31,348.62,222
2026-08-11T16:00:00+00:00,348.62,348.96,348.21999999999997,348.28,298
2026-08-11T16:03:00+00:00,348.28,348.58,348.09,348.58,385
2026-08-11T16:06:00+00:00,348.58,348.72999999999996,348.49,348.59999999999997,242
2026-08-11T16:09:00+00:00,348.59999999999997,348.91999999999996,348.53,348.59,271
2026-08-11T16:12:00+00:00,348.59,348.96,348.57,348.76,230
2026-08-11T16:15:00+00:00,348.76,349.02,348.75,348.9,216
2026-08-11T16:18:00+00:00,348.9,349.09,348.76,348.89,266
2026-08-11T16:21:00+00:00,348.89,348.95,348.68,348.69,178
2026-08-11T16:24:00+00:00,348.69,348.76,348.57,348.7,326
2026-08-11T16:27:00+00:00,348.7,349.16999999999996,348.68,349.12,237
2026-08-11T16:30:00+00:00,349.12,349.15999999999997,348.8,348.83,236
2026-08-11T16:33:00+00:00,348.83,349,348.7,348.88,193
2026-08-11T16:36:00+00:00,348.88,348.97999999999996,348.76,348.8,217
2026-08-11T16:39:00+00:00,348.8,348.87,348.62,348.64,204
2026-08-11T16:42:00+00:00,348.64,348.64,348.09999999999997,348.09999999999997,175
2026-08-11T16:45:00+00:00,348.09999999999997,348.14,347.71,347.82,430
2026-08-11T16:48:00+00:00,347.82,347.84,347.61,347.64,422
2026-08-11T16:51:00+00:00,347.64,348.16999999999996,347.57,347.90999999999997,395
2026-08-11T16:54:00+00:00,347.90999999999997,347.96,347.38,347.41999999999996,370
2026-08-11T16:57:00+00:00,347.41999999999996,347.5,347.21999999999997,347.25,355
2026-08-11T17:00:00+00:00,347.25,347.38,346.56,346.89,460
2026-08-11T17:03:00+00:00,346.89,346.89,346.34999999999997,346.53,534
2026-08-11T17:06:00+00:00,346.53,346.74,346.37,346.37,378
2026-08-11T17:09:00+00:00,346.37,346.87,346.26,346.41999999999996,364
2026-08-11T17:12:00+00:00,346.41999999999996,346.57,346.12,346.14,263
2026-08-11T17:15:00+00:00,346.14,346.18,345.68,345.87,558
2026-08-11T17:18:00+00:00,345.87,346.15,345.81,345.81,344
2026-08-11T17:21:00+00:00,345.81,346.12,345.71999999999997,346.03,276
2026-08-11T17:24:00+00:00,346.03,346.26,345.94,346.2,256
2026-08-11T17:27:00+00:00,346.2,346.2,345.93,346.03,262
2026-08-11T17:30:00+00:00,346.03,346.21999999999997,345.78999999999996,345.78999999999996,200
2026-08-11T17:33:00+00:00,345.78999999999996,346.36,345.62,346.21,292
2026-08-11T17:36:00+00:00,346.21,346.46999999999997,346.16999999999996,346.43,190
2026-08-11T17:39:00+00:00,346.43,346.53999999999996,346.13,346.13,257
2026-08-11T17:42:00+00:00,346.13,346.82,346.13,346.72999999999996,258
2026-08-11T17:45:00+00:00,346.72999999999996,346.78,346.28999999999996,346.34,267
2026-08-11T17:48:00+00:00,346.34,346.46,346.25,346.27,189
2026-08-11T17:51:00+00:00,346.27,346.34,346.19,346.22999999999996,204
2026-08-11T17:54:00+00:00,346.22999999999996,346.32,346.18,346.19,171
2026-08-11T17:57:00+00:00,346.19,346.27,346.03999999999996,346.19,232
2026-08-11T18:00:00+00:00,346.19,346.25,346.03999999999996,346.15,147
2026-08-11T18:03:00+00:00,346.15,346.37,345.89,346.24,267
2026-08-11T18:06:00+00:00,346.24,346.37,345.71999999999997,345.78999999999996,257
2026-08-11T18:09:00+00:00,345.78999999999996,345.89,345.64,345.65999999999997,204
2026-08-11T18:12:00+00:00,345.65999999999997,345.77,345.59,345.65,216
2026-08-11T18:15:00+00:00,345.65,345.77,345.58,345.63,235
2026-08-11T18:18:00+00:00,345.63,345.74,345.58,345.63,196
2026-08-11T18:21:00+00:00,345.63,345.64,345.32,345.45,209
2026-08-11T18:24:00+00:00,345.45,345.58,345.43,345.43,202
2026-08-11T18:27:00+00:00,345.43,345.52,345.02,345.14,252
2026-08-11T18:30:00+00:00,345.14,345.27,345.03,345.21,317
2026-08-11T18:33:00+00:00,345.21,345.21,344.94,345.03,245
2026-08-11T18:36:00+00:00,345.03,345.14,344.94,345.02,253
2026-08-11T18:39:00+00:00,345.02,345.03999999999996,344.63,344.69,313
2026-08-11T18:42:00+00:00,344.69,344.75,343.89,344.03999999999996,561
2026-08-11T18:45:00+00:00,344.03999999999996,344.18,343.91999999999996,343.94,429
2026-08-11T18:48:00+00:00,343.94,344.24,343.84999999999997,343.99,406
2026-08-11T18:51:00+00:00,343.99,344.09999999999997,343.93,343.97999999999996,375
2026-08-11T18:54:00+00:00,343.97999999999996,344.13,343.91999999999996,343.93,286
2026-08-11T18:57:00+00:00,343.93,344.11,343.76,343.87,548
2026-08-11T19:00:00+00:00,343.87,344.03999999999996,343.76,343.78,445
2026-08-11T19:03:00+00:00,343.78,344.15999999999997,343.77,344.09,437
2026-08-11T19:06:00+00:00,344.09,344.36,344.08,344.26,486
2026-08-11T19:09:00+00:00,344.26,344.34,344.08,344.09999999999997,487
2026-08-11T19:12:00+00:00,344.09999999999997,344.32,343.91999999999996,344.27,602
2026-08-11T19:15:00+00:00,344.27,344.46,343.96999999999997,343.99,298
2026-08-11T19:18:00+00:00,343.99,344.05,343.82,343.89,286
2026-08-11T19:21:00+00:00,343.89,343.91999999999996,343.41999999999996,343.74,344
2026-08-11T19:24:00+00:00,343.74,343.90999999999997,343.62,343.87,247
2026-08-11T19:27:00+00:00,343.87,343.95,343.55,343.55,228
2026-08-11T19:30:00+00:00,343.55,343.59,343.2,343.26,371
2026-08-11T19:33:00+00:00,343.26,343.34999999999997,343.03999999999996,343.28999999999996,305
2026-08-11T19:36:00+00:00,343.28999999999996,343.69,343.09999999999997,343.64,331
2026-08-11T19:39:00+00:00,343.64,343.65,343.31,343.36,239
2026-08-11T19:42:00+00:00,343.36,343.64,343.33,343.53,234
2026-08-11T19:45:00+00:00,343.53,343.53999999999996,343.2,343.22999999999996,275
2026-08-11T19:48:00+00:00,343.22999999999996,343.63,343.2,343.32,399
2026-08-11T19:51:00+00:00,343.32,343.37,342.84999999999997,343.14,463
2026-08-11T19:54:00+00:00,343.14,343.53,342.58,342.65999999999997,603
2026-08-11T19:57:00+00:00,342.65999999999997,343.16999999999996,342.58,342.96,802
2026-08-12T13:30:00+00:00,342.96,345.38,342.90999999999997,342.91999999999996,440
2026-08-12T13:33:00+00:00,342.91999999999996,343.21999999999997,342.21999999999997,343.13,567
2026-08-12T13:36:00+00:00,343.13,343.40999999999997,341.9,342.03,653
2026-08-12T13:39:00+00:00,342.03,343.37,341.62,343.26,524
2026-08-12T13:42:00+00:00,343.26,343.52,342.72999999999996,342.75,439
2026-08-12T13:45:00+00:00,342.75,342.93,342.15999999999997,342.18,449
2026-08-12T13:48:00+00:00,342.18,343.09999999999997,342.16999999999996,343,568
2026-08-12T13:51:00+00:00,343,343.05,342.3,342.58,526
2026-08-12T13:54:00+00:00,342.58,343.52,342.53,343.05,615
2026-08-12T13:57:00+00:00,343.05,343.07,342.26,342.71999999999997,490
2026-08-12T14:00:00+00:00,342.71999999999997,343.64,341.25,341.27,592
2026-08-12T14:03:00+00:00,341.27,341.52,340.84,341.11,528
2026-08-12T14:06:00+00:00,341.11,341.52,340.84999999999997,341.52,427
2026-08-12T14:09:00+00:00,341.52,342.53999999999996,341.5,342.33,555
2026-08-12T14:12:00+00:00,342.33,342.65999999999997,341.86,342.28,321
2026-08-12T14:15:00+00:00,342.28,342.34999999999997,341.52,341.74,390
2026-08-12T14:18:00+00:00,341.74,341.91999999999996,341.31,341.36,386
2026-08-12T14:21:00+00:00,341.36,341.71999999999997,341.24,341.65999999999997,399
2026-08-12T14:24:00+00:00,341.65999999999997,342.18,341.62,341.94,302
2026-08-12T14:27:00+00:00,341.94,342.06,341.65,341.68,391
2026-08-12T14:30:00+00:00,341.68,342.07,341.22999999999996,341.96,515
2026-08-12T14:33:00+00:00,341.96,342.21999999999997,341.68,342.15999999999997,322
2026-08-12T14:36:00+00:00,342.15999999999997,342.64,341.91999999999996,342.53999999999996,385
2026-08-12T14:39:00+00:00,342.53999999999996,342.84999999999997,342.08,342.09999999999997,359
2026-08-12T14:42:00+00:00,342.09999999999997,342.22999999999996,341.9,342.03999999999996,345
2026-08-12T14:45:00+00:00,342.03999999999996,342.15,341.41999999999996,341.44,413
2026-08-12T14:48:00+00:00,341.44,341.69,341.18,341.24,380
2026-08-12T14:51:00+00:00,341.24,341.77,341.21999999999997,341.71999999999997,360
2026-08-12T14:54:00+00:00,341.71999999999997,341.90999999999997,341.32,341.74,488
2026-08-12T14:57:00+00:00,341.74,342.02,-1442.3999999999999,-1442.1399999999999,296.35447593342326
2026-08-12T15:00:00+00:00,341.62,342.32,341.28,341.41,471
2026-08-12T15:03:00+00:00,341.41,341.5,341.13,341.19,499
2026-08-12T15:06:00+00:00,341.19,341.25,340.33,340.43,460
2026-08-12T15:09:00+00:00,340.43,341.06,340.43,340.68,388
2026-08-12T15:12:00+00:00,340.68,341.01,340.54,340.85,252
2026-08-12T15:15:00+00:00,340.85,341.3,340.83,341.06,279
2026-08-12T15:18:00+00:00,341.06,341.14,340.88,340.89,271
2026-08-12T15:21:00+00:00,340.89,341.04,340.73,340.73,323
2026-08-12T15:24:00+00:00,340.73,340.87,340.65,340.75,247
2026-08-12T15:27:00+00:00,340.75,341.12,340.75,340.99,445
2026-08-12T15:30:00+00:00,340.99,341.05,340.68,340.73,399
2026-08-12T15:33:00+00:00,340.73,340.77,340.48,340.63,260
2026-08-12T15:36:00+00:00,340.63,340.8,340.59,340.65,277
2026-08-12T15:39:00+00:00,340.65,340.98,340.61,340.98,259
2026-08-12T15:42:00+00:00,340.98,341.41,340.88,341.09,276
2026-08-12T15:45:00+00:00,341.09,341.23,340.91,340.98,335
2026-08-12T15:48:00+00:00,340.98,341.04,340.68,340.9,260
2026-08-12T15:51:00+00:00,340.9,340.91,340.6,340.7,299
2026-08-12T15:54:00+00:00,340.7,340.75,340.3,340.33,338
2026-08-12T15:57:00+00:00,340.33,340.5,340.24,340.29,387
2026-08-12T16:00:00+00:00,340.29,340.36,340.13,340.28,286
2026-08-12T16:03:00+00:00,340.28,340.33,339.96,340.02,320
2026-08-12T16:06:00+00:00,340.02,340.1,339.78,340.06,379
2026-08-12T16:09:00+00:00,340.06,340.07,339.68,339.85,294
2026-08-12T16:12:00+00:00,339.85,340.25,339.73,340.15,291
2026-08-12T16:15:00+00:00,340.15,340.17,339.95,340.03,281
2026-08-12T16:18:00+00:00,340.03,340.63,339.91,340.62,276
2026-08-12T16:21:00+00:00,340.62,340.93,340.58,340.84,281
2026-08-12T16:24:00+00:00,340.84,341.28,340.68,341.02,327
2026-08-12T16:27:00+00:00,341.02,341.37,341.02,341.34,206
2026-08-12T16:30:00+00:00,341.34,341.62,340.88,340.92,416
2026-08-12T16:33:00+00:00,340.92,341.08,340.8,340.98,308
2026-08-12T16:36:00+00:00,340.98,341.48,340.98,341.24,266
2026-08-12T16:39:00+00:00,341.24,341.65,341.22,341.46,276
2026-08-12T16:42:00+00:00,341.46,341.72,341.4,341.66,270
2026-08-12T16:45:00+00:00,341.66,341.75,341.47,341.65,255
2026-08-12T16:48:00+00:00,341.65,342.07,341.64,341.86,281
2026-08-12T16:51:00+00:00,341.86,342.12,341.84,342.05,195
2026-08-12T16:54:00+00:00,342.05,342.16,341.82,341.9,245
2026-08-12T16:57:00+00:00,341.9,341.95,341.65,341.69,200
2026-08-12T17:00:00+00:00,341.69,341.82,341.58,341.66,204
2026-08-12T17:03:00+00:00,341.66,341.94,341.59,341.83,172
2026-08-12T17:06:00+00:00,341.83,341.87,341.68,341.81,125
2026-08-12T17:09:00+00:00,341.81,341.98,341.67,341.67,165
2026-08-12T17:12:00+00:00,341.67,341.92,341.61,341.91,148
2026-08-12T17:15:00+00:00,341.91,342.01,341.78,341.92,175
2026-08-12T17:18:00+00:00,341.92,341.97,341.58,341.66,228
2026-08-12T17:21:00+00:00,341.66,341.83,341.48,341.48,213
2026-08-12T17:24:00+00:00,341.48,341.53,341.38,341.49,151
2026-08-12T17:27:00+00:00,341.49,341.56,341.38,341.51,157
2026-08-12T17:30:00+00:00,341.51,341.51,341.19,341.2,230
2026-08-12T17:33:00+00:00,341.2,342.45,341.2,341.59,673
2026-08-12T17:36:00+00:00,341.59,341.78,341.38,341.4,366
2026-08-12T17:39:00+00:00,341.4,341.44,340.83,340.89,327
2026-08-12T17:42:00+00:00,340.89,341.05,340.68,340.7,247
2026-08-12T17:45:00+00:00,340.7,340.91,340.62,340.62,273
2026-08-12T17:48:00+00:00,340.62,340.67,340.26,340.26,248
2026-08-12T17:51:00+00:00,340.26,340.37,340.12,340.19,277
2026-08-12T17:54:00+00:00,340.19,340.3,340.08,340.17,248
2026-08-12T17:57:00+00:00,340.17,340.41,340.15,340.27,182
2026-08-12T18:00:00+00:00,340.27,340.88,340.23,340.84,259
2026-08-12T18:03:00+00:00,340.84,341.02,340.78,341,204
2026-08-12T18:06:00+00:00,341,341.03,340.7,340.71,212
2026-08-12T18:09:00+00:00,340.71,340.99,340.7,340.89,197
2026-08-12T18:12:00+00:00,340.89,341.21,340.88,341.15,199
2026-08-12T18:15:00+00:00,341.15,341.25,340.98,341.07,219
2026-08-12T18:18:00+00:00,341.07,341.28,341.01,341.1,216
2026-08-12T18:21:00+00:00,341.1,341.69,341.03,341.69,196
2026-08-12T18:24:00+00:00,341.69,341.94,341.59,341.71,288
2026-08-12T18:27:00+00:00,341.71,341.77,341.53,341.6,400
2026-08-12T18:30:00+00:00,341.6,341.96,341.54,341.96,350
2026-08-12T18:33:00+00:00,341.96,342.13,341.86,342.1,357
2026-08-12T18:36:00+00:00,342.1,342.18,341.77,341.95,419
2026-08-12T18:39:00+00:00,341.95,342.4,341.88,342.35,474
2026-08-12T18:42:00+00:00,342.35,342.41,342.18,342.4,296
2026-08-12T18:45:00+00:00,342.4,342.46,342.29,342.35,355
2026-08-12T18:48:00+00:00,342.35,342.4,342.05,342.13,390
2026-08-12T18:51:00+00:00,342.13,342.33,342.06,342.16,281
2026-08-12T18:54:00+00:00,342.16,342.38,342.08,342.31,217
2026-08-12T18:57:00+00:00,342.31,342.4,342.19,342.29,197
2026-08-12T19:00:00+00:00,342.29,342.63,342.28,342.5,263
2026-08-12T19:03:00+00:00,342.5,342.68,342.39,342.55,219
2026-08-12T19:06:00+00:00,342.55,342.66,342.36,342.66,233
2026-08-12T19:09:00+00:00,342.66,342.75,342.58,342.75,266
2026-08-12T19:12:00+00:00,342.75,342.82,342.57,342.72,295
2026-08-12T19:15:00+00:00,342.72,342.73,342.43,342.44,205
2026-08-12T19:18:00+00:00,342.44,342.59,342.23,342.58,221
2026-08-12T19:21:00+00:00,342.58,342.59,342.29,342.54,211
2026-08-12T19:24:00+00:00,342.54,342.74,342.51,342.64,128
2026-08-12T19:27:00+00:00,342.64,342.65,342.38,342.42,167
2026-08-12T19:30:00+00:00,342.42,342.8,342.4,342.47,309
2026-08-12T19:33:00+00:00,342.47,342.47,341.99,342.37,327
2026-08-12T19:36:00+00:00,342.37,342.43,341.91,342.18,246
2026-08-12T19:39:00+00:00,342.18,342.49,342.16,342.2,268
2026-08-12T19:42:00+00:00,342.2,343.19,342.2,343.13,327
2026-08-12T19:45:00+00:00,343.13,343.26,342.49,343.17,467
2026-08-12T19:48:00+00:00,343.17,343.36,342.38,342.43,396
2026-08-12T19:51:00+00:00,342.43,342.49,342.24,342.3,301
2026-08-12T19:54:00+00:00,342.3,342.44,342.08,342.24,574
2026-08-12T19:57:00+00:00,342.24,342.44,341.9,342.36,858
2026-08-13T13:30:00+00:00,342.36,344.98,342.36,343.38,434
2026-08-13T13:33:00+00:00,343.38,343.76,342.96,343.41,338
2026-08-13T13:36:00+00:00,343.41,344.22,342.88,343.78,366
2026-08-13T13:39:00+00:00,343.78,344.12,342.97,343.32,561
2026-08-13T13:42:00+00:00,343.32,343.68,343.12,343.14,408
2026-08-13T13:45:00+00:00,343.14,343.69,343.04,343.55,449
2026-08-13T13:48:00+00:00,343.55,344.32,343.53,343.81,423
2026-08-13T13:51:00+00:00,343.81,344.23,343.44,343.64,486
2026-08-13T13:54:00+00:00,343.64,343.97,343.5,343.65,509
2026-08-13T13:57:00+00:00,343.65,343.81,343.5,343.57,393
2026-08-13T14:00:00+00:00,343.57,344.25,343.38,343.91,585
2026-08-13T14:03:00+00:00,343.91,344.24,343.77,343.94,455
2026-08-13T14:06:00+00:00,343.94,344.37,343.78,344.37,450
2026-08-13T14:09:00+00:00,344.37,344.61,344,344.09,514
2026-08-13T14:12:00+00:00,344.09,344.14,343.22,343.82,463
2026-08-13T14:15:00+00:00,343.82,344.6,343.8,344.6,472
2026-08-13T14:18:00+00:00,344.6,345.51,344.56,345.23,528
2026-08-13T14:21:00+00:00,345.23,345.65,344.7,344.78,550
2026-08-13T14:24:00+00:00,344.78,344.8,343.7,343.7,432
2026-08-13T14:27:00+00:00,343.7,343.99,343.62,343.9,374
2026-08-13T14:30:00+00:00,343.9,344.89,343.69,344.66,423
2026-08-13T14:33:00+00:00,344.66,345.08,344.22,344.98,364
2026-08-13T14:36:00+00:00,344.98,345.02,344.27,344.64,386
2026-08-13T14:39:00+00:00,344.64,344.78,344.43,344.68,358
2026-08-13T14:42:00+00:00,344.68,344.71,344.13,344.2,289
2026-08-13T14:45:00+00:00,344.2,344.22,343.68,343.83,368
2026-08-13T14:48:00+00:00,343.83,343.88,343.49,343.65,350
2026-08-13T14:51:00+00:00,343.65,343.96,343.53,343.85,218
2026-08-13T14:54:00+00:00,343.85,344.13,343.63,344.1,397
2026-08-13T14:57:00+00:00,344.1,344.43,344.06,344.31,359
2026-08-13T15:00:00+00:00,344.31,344.4,343.97,344.1,408
2026-08-13T15:03:00+00:00,344.1,344.22,343.73,343.96,320
2026-08-13T15:06:00+00:00,343.96,343.99,343.75,343.9,326
2026-08-13T15:09:00+00:00,343.9,344.24,343.78,343.78,290
2026-08-13T15:12:00+00:00,343.78,343.86,343.58,343.8,317
2026-08-13T15:15:00+00:00,343.8,343.9,343.5,343.55,374
2026-08-13T15:18:00+00:00,343.55,343.72,343.38,343.41,292
2026-08-13T15:21:00+00:00,343.41,343.58,342.95,342.97,373
2026-08-13T15:24:00+00:00,342.97,343.43,342.94,343.05,473
2026-08-13T15:27:00+00:00,343.05,343.11,342.28,342.51,561
2026-08-13T15:30:00+00:00,342.51,342.58,342.28,342.41,431
2026-08-13T15:33:00+00:00,342.41,342.56,342.25,342.45,352
2026-08-13T15:36:00+00:00,342.45,342.59,342.31,342.57,398
2026-08-13T15:39:00+00:00,342.57,342.97,342.57,342.67,411
2026-08-13T15:42:00+00:00,342.67,342.91,342.57,342.67,334
2026-08-13T15:45:00+00:00,342.67,343.24,342.66,342.93,316
2026-08-13T15:48:00+00:00,342.93,343.18,342.78,343.18,214
2026-08-13T15:51:00+00:00,343.18,343.36,343,343.16,273
2026-08-13T15:54:00+00:00,343.16,343.2,342.96,343.14,266
2026-08-13T15:57:00+00:00,343.14,343.36,342.98,343.25,255
2026-08-13T16:00:00+00:00,343.25,343.56,342.94,343.48,315
2026-08-13T16:03:00+00:00,343.48,343.74,343.28,343.49,278
2026-08-13T16:06:00+00:00,343.49,343.65,343.28,343.36,270
2026-08-13T16:09:00+00:00,343.36,343.68,343.3,343.67,166
2026-08-13T16:12:00+00:00,343.67,343.68,343.46,343.53,195
2026-08-13T16:15:00+00:00,343.53,343.67,343.34,343.61,219
2026-08-13T16:18:00+00:00,343.61,344,343.58,343.86,251
2026-08-13T16:21:00+00:00,343.86,344.06,343.64,343.99,217
2026-08-13T16:24:00+00:00,343.99,344.24,343.77,344.08,286
2026-08-13T16:27:00+00:00,344.08,344.2,343.98,344.08,197
2026-08-13T16:30:00+00:00,344.08,344.39,344.04,344.3,242
2026-08-13T16:33:00+00:00,344.3,344.37,343.98,344,255
2026-08-13T16:36:00+00:00,344,344.01,343.74,343.96,184
2026-08-13T16:39:00+00:00,343.96,344,343.8,343.93,152
2026-08-13T16:42:00+00:00,343.93,344.1,343.9,343.99,191
2026-08-13T16:45:00+00:00,343.99,344.12,343.88,344.05,176
2026-08-13T16:48:00+00:00,344.05,344.17,343.88,344.04,180
2026-08-13T16:51:00+00:00,344.04,344.36,344.04,344.35,174
2026-08-13T16:54:00+00:00,344.35,344.7,344.12,344.18,368
2026-08-13T16:57:00+00:00,344.18,344.22,344.01,344.02,179
2026-08-13T17:00:00+00:00,344.02,344.57,343.78,343.98,447
2026-08-13T17:03:00+00:00,343.98,344.02,343.78,343.93,237
2026-08-13T17:06:00+00:00,343.93,343.99,343.73,343.95,211
2026-08-13T17:09:00+00:00,343.95,344.22,343.95,344.11,196
2026-08-13T17:12:00+00:00,344.11,344.13,343.89,343.97,157
2026-08-13T17:15:00+00:00,343.97,344,343.68,343.7,167
2026-08-13T17:18:00+00:00,343.7,343.71,343.5,343.63,217
2026-08-13T17:21:00+00:00,343.63,343.64,343.39,343.44,212
2026-08-13T17:24:00+00:00,343.44,343.69,343.44,343.51,152
2026-08-13T17:27:00+00:00,343.51,343.81,343.51,343.64,255
2026-08-13T17:30:00+00:00,343.64,343.81,343.63,343.7,202
2026-08-13T17:33:00+00:00,343.7,343.75,343.58,343.75,113
2026-08-13T17:36:00+00:00,343.75,343.81,343.63,343.68,184
2026-08-13T17:39:00+00:00,343.68,343.7,343.58,343.64,166
2026-08-13T17:42:00+00:00,343.64,343.77,343.58,343.59,200
2026-08-13T17:45:00+00:00,343.59,343.79,343.58,343.63,171
2026-08-13T17:48:00+00:00,343.63,343.76,343.58,343.59,154
2026-08-13T17:51:00+00:00,343.59,343.76,343.58,343.76,157
2026-08-13T17:54:00+00:00,343.76,343.85,343.69,343.75,194
2026-08-13T17:57:00+00:00,343.75,343.9,343.73,343.82,212
2026-08-13T18:00:00+00:00,343.82,343.87,343.71,343.77,242
2026-08-13T18:03:00+00:00,343.77,344.2,343.77,344.16,193
2026-08-13T18:06:00+00:00,344.16,344.3,344.05,344.16,240
2026-08-13T18:09:00+00:00,344.16,344.52,344.16,344.45,214
2026-08-13T18:12:00+00:00,344.45,344.55,344.33,344.49,197
2026-08-13T18:15:00+00:00,344.49,344.5,343.89,343.89,167
2026-08-13T18:18:00+00:00,343.89,344.09,343.89,343.94,121
2026-08-13T18:21:00+00:00,343.94,343.95,343.79,343.84,230
2026-08-13T18:24:00+00:00,343.84,343.92,343.79,343.84,255
2026-08-13T18:27:00+00:00,343.84,344.32,343.81,344.25,283
2026-08-13T18:30:00+00:00,344.25,344.48,344.09,344.09,335
2026-08-13T18:33:00+00:00,344.09,344.12,343.93,344,204
2026-08-13T18:36:00+00:00,344,344.04,343.63,343.68,199
2026-08-13T18:39:00+00:00,343.68,343.82,343.63,343.72,268
2026-08-13T18:42:00+00:00,343.72,343.91,343.61,343.65,239
2026-08-13T18:45:00+00:00,343.65,343.75,343.58,343.64,130
2026-08-13T18:48:00+00:00,343.64,343.67,343.42,343.46,187
2026-08-13T18:51:00+00:00,343.46,343.74,343.44,343.74,210
2026-08-13T18:54:00+00:00,343.74,343.86,343.64,343.72,310
2026-08-13T18:57:00+00:00,343.72,343.77,343.53,343.55,250
2026-08-13T19:00:00+00:00,343.55,343.6,343.35,343.6,319
2026-08-13T19:03:00+00:00,343.6,343.75,343.54,343.66,249
2026-08-13T19:06:00+00:00,343.66,343.81,343.63,343.8,274
2026-08-13T19:09:00+00:00,343.8,344,343.63,343.75,295
2026-08-13T19:12:00+00:00,343.75,343.88,343.63,343.67,247
2026-08-13T19:15:00+00:00,343.67,343.97,343.55,343.83,247
2026-08-13T19:18:00+00:00,343.83,343.84,343.58,343.73,357
2026-08-13T19:21:00+00:00,343.73,343.9,343.54,343.55,253
2026-08-13T19:24:00+00:00,343.55,343.9,343.52,343.85,370
2026-08-13T19:27:00+00:00,343.85,344,343.69,343.7,412
2026-08-13T19:30:00+00:00,343.7,343.94,343.7,343.83,499
2026-08-13T19:33:00+00:00,343.83,343.96,343.63,343.69,394
2026-08-13T19:36:00+00:00,343.69,343.92,343.68,343.8,426
2026-08-13T19:39:00+00:00,343.8,343.88,343.71,343.84,383
2026-08-13T19:42:00+00:00,343.84,343.91,343.68,343.87,306
2026-08-13T19:45:00+00:00,343.87,343.91,343.63,343.81,463
2026-08-13T19:48:00+00:00,343.81,343.86,343.63,343.69,356
2026-08-13T19:51:00+00:00,343.69,344.09,343.53,344.09,346
2026-08-13T19:54:00+00:00,344.09,344.5,343.15,343.18,856
2026-08-13T19:57:00+00:00,343.18,343.86,342.99,343.83,1004
2026-08-14T13:30:00+00:00,343.83,346.31,343.69,345.39,650
2026-08-14T13:33:00+00:00,345.39,347.75,345.24,347.07,513
2026-08-14T13:36:00+00:00,347.07,347.72,346.37,346.62,462
2026-08-14T13:39:00+00:00,346.62,346.74,345.55,345.88,401
2026-08-14T13:42:00+00:00,345.88,346.14,345.39,345.7,328
2026-08-14T13:45:00+00:00,345.7,346.27,345.39,345.85,563
2026-08-14T13:48:00+00:00,345.85,346.07,345.13,345.33,532
2026-08-14T13:51:00+00:00,345.33,345.66,344.78,345.55,577
2026-08-14T13:54:00+00:00,345.55,345.7,345.2,345.51,436
2026-08-14T13:57:00+00:00,345.51,345.81,345.29,345.35,342
2026-08-14T14:00:00+00:00,345.35,345.36,344.53,344.84,399
2026-08-14T14:03:00+00:00,344.84,345.14,344.53,345.05,363
2026-08-14T14:06:00+00:00,345.05,345.35,344.7,345.27,288
2026-08-14T14:09:00+00:00,345.27,345.9,345.18,345.72,552
2026-08-14T14:12:00+00:00,345.72,345.89,345.08,345.21,307
2026-08-14T14:15:00+00:00,345.21,345.84,345.19,345.75,316
2026-08-14T14:18:00+00:00,345.75,345.96,345.53,345.71,334
2026-08-14T14:21:00+00:00,345.71,345.81,344.38,344.4,438
2026-08-14T14:24:00+00:00,344.4,344.66,344.12,344.29,358
2026-08-14T14:27:00+00:00,344.29,344.58,343.78,343.89,456
2026-08-14T14:30:00+00:00,343.89,344.03,343.38,343.39,489
2026-08-14T14:33:00+00:00,343.39,343.49,342.99,343.35,412
2026-08-14T14:36:00+00:00,343.35,343.94,343.27,343.91,423
2026-08-14T14:39:00+00:00,343.91,344.16,343.68,343.79,392
2026-08-14T14:42:00+00:00,343.79,343.92,343.59,343.81,372
2026-08-14T14:45:00+00:00,343.81,343.99,343.63,343.89,367
2026-08-14T14:48:00+00:00,343.89,343.95,343.41,343.5,337
2026-08-14T14:51:00+00:00,343.5,344.04,343.42,343.95,326
2026-08-14T14:54:00+00:00,343.95,344.1,343.74,343.81,289
2026-08-14T14:57:00+00:00,343.81,343.86,343.31,343.31,323
2026-08-14T15:00:00+00:00,343.31,343.4,343.04,343.13,338
2026-08-14T15:03:00+00:00,343.13,343.47,343.09,343.36,303
2026-08-14T15:06:00+00:00,343.36,343.38,343.18,343.31,301
2026-08-14T15:09:00+00:00,343.31,343.49,343.2,343.29,257
2026-08-14T15:12:00+00:00,343.29,343.33,343.01,343.01,254
2026-08-14T15:15:00+00:00,343.01,343.04,342.64,342.83,490
2026-08-14T15:18:00+00:00,342.83,343.04,342.8,342.85,250
2026-08-14T15:21:00+00:00,342.85,343.05,342.51,342.9,381
2026-08-14T15:24:00+00:00,342.9,343.19,342.82,342.94,365
2026-08-14T15:27:00+00:00,342.94,343.08,342.44,342.82,466
2026-08-14T15:30:00+00:00,342.82,342.82,342.38,342.48,429
2026-08-14T15:33:00+00:00,342.48,342.59,342.26,342.5,310
2026-08-14T15:36:00+00:00,342.5,342.77,342.49,342.73,286
2026-08-14T15:39:00+00:00,342.73,342.85,342.59,342.59,286
2026-08-14T15:42:00+00:00,342.59,342.89,342.54,342.8,304
2026-08-14T15:45:00+00:00,342.8,342.97,342.64,342.65,228
2026-08-14T15:48:00+00:00,342.65,342.67,342.5,342.66,217
2026-08-14T15:51:00+00:00,342.66,342.75,342.53,342.72,214
2026-08-14T15:54:00+00:00,342.72,342.95,342.67,342.82,237
2026-08-14T15:57:00+00:00,342.82,343.02,342.73,342.9,224
2026-08-14T16:00:00+00:00,342.9,342.94,342.65,342.68,263
2026-08-14T16:03:00+00:00,342.68,342.84,342.64,342.68,268
2026-08-14T16:06:00+00:00,342.68,342.71,342.49,342.53,286
2026-08-14T16:09:00+00:00,342.53,342.62,342.38,342.4,313
2026-08-14T16:12:00+00:00,342.4,342.55,342.26,342.5,249
2026-08-14T16:15:00+00:00,342.5,342.56,342.31,342.42,313
2026-08-14T16:18:00+00:00,342.42,342.72,342.38,342.58,329
2026-08-14T16:21:00+00:00,342.58,342.95,342.53,342.8,289
2026-08-14T16:24:00+00:00,342.8,342.91,342.66,342.68,194
2026-08-14T16:27:00+00:00,342.68,342.95,342.66,342.71,307
2026-08-14T16:30:00+00:00,342.71,342.78,342.54,342.73,292
2026-08-14T16:33:00+00:00,342.73,342.74,342.4,342.45,401
2026-08-14T16:36:00+00:00,342.45,342.75,342.42,342.6,327
2026-08-14T16:39:00+00:00,342.6,342.76,342.58,342.62,305
2026-08-14T16:42:00+00:00,342.62,342.8,342.62,342.65,425
2026-08-14T16:45:00+00:00,342.65,342.69,342.48,342.5,277
2026-08-14T16:48:00+00:00,342.5,342.55,342.22,342.28,335
2026-08-14T16:51:00+00:00,342.28,342.56,342.22,342.36,475
2026-08-14T16:54:00+00:00,342.36,342.59,342.33,342.43,255
2026-08-14T16:57:00+00:00,342.43,342.57,342.33,342.45,415
2026-08-14T17:00:00+00:00,342.45,342.79,342.4,342.64,320
2026-08-14T17:03:00+00:00,342.64,342.88,342.64,342.83,205
2026-08-14T17:06:00+00:00,342.83,342.85,342.62,342.71,214
2026-08-14T17:09:00+00:00,342.71,342.74,342.33,342.41,187
2026-08-14T17:12:00+00:00,342.41,342.76,342.34,342.76,248
2026-08-14T17:15:00+00:00,342.76,342.83,342.64,342.65,131
2026-08-14T17:18:00+00:00,342.65,342.71,342.54,342.66,128
2026-08-14T17:21:00+00:00,342.66,342.72,342.46,342.46,172
2026-08-14T17:24:00+00:00,342.46,342.52,342.27,342.27,178
2026-08-14T17:27:00+00:00,342.27,342.34,342.21,342.22,159
2026-08-14T17:30:00+00:00,342.22,342.3,342.03,342.09,256
2026-08-14T17:33:00+00:00,342.09,342.18,342.03,342.11,226
2026-08-14T17:36:00+00:00,342.11,342.13,341.93,342.06,192
2026-08-14T17:39:00+00:00,342.06,342.21,341.98,342.08,194
2026-08-14T17:42:00+00:00,342.08,342.16,341.98,342,175
2026-08-14T17:45:00+00:00,342,342.27,342,342.21,197
2026-08-14T17:48:00+00:00,342.21,342.22,342.07,342.09,188
2026-08-14T17:51:00+00:00,342.09,342.23,342.07,342.13,178
2026-08-14T17:54:00+00:00,342.13,342.29,341.98,342.22,152
2026-08-14T17:57:00+00:00,342.22,342.38,342.14,342.28,191
2026-08-14T18:00:00+00:00,342.28,342.45,342.12,342.4,239
2026-08-14T18:03:00+00:00,342.4,342.53,342.4,342.51,181
2026-08-14T18:06:00+00:00,342.51,342.55,342.38,342.39,213
2026-08-14T18:09:00+00:00,342.39,342.48,342.18,342.48,261
2026-08-14T18:12:00+00:00,342.48,342.65,342.43,342.56,215
2026-08-14T18:15:00+00:00,342.56,342.79,342.53,342.73,183
2026-08-14T18:18:00+00:00,342.73,342.79,342.38,342.45,202
2026-08-14T18:21:00+00:00,342.45,342.59,342.4,342.45,147
2026-08-14T18:24:00+00:00,342.45,342.54,342.35,342.35,174
2026-08-14T18:27:00+00:00,342.35,342.51,342.33,342.44,150
2026-08-14T18:30:00+00:00,342.44,342.75,342.43,342.61,255
2026-08-14T18:33:00+00:00,342.61,342.7,342.48,342.48,186
2026-08-14T18:36:00+00:00,342.48,342.73,342.48,342.61,162
2026-08-14T18:39:00+00:00,342.61,342.81,342.61,342.78,157
2026-08-14T18:42:00+00:00,342.78,342.9,342.69,342.76,167
2026-08-14T18:45:00+00:00,342.76,342.87,342.67,342.86,177
2026-08-14T18:48:00+00:00,342.86,342.95,342.72,342.92,138
2026-08-14T18:51:00+00:00,342.92,342.97,342.88,342.95,130
2026-08-14T18:54:00+00:00,342.95,343.03,342.9,343.01,149
2026-08-14T18:57:00+00:00,343.01,343.14,342.99,343,138
2026-08-14T19:00:00+00:00,343,343.26,342.88,343.22,155
2026-08-14T19:03:00+00:00,343.22,343.3,343.06,343.06,111
2026-08-14T19:06:00+00:00,343.06,343.25,342.88,343.2,205
2026-08-14T19:09:00+00:00,343.2,343.28,342.93,342.93,163
2026-08-14T19:12:00+00:00,342.93,343.27,342.92,343.17,185
2026-08-14T19:15:00+00:00,343.17,343.23,342.98,343.01,154
2026-08-14T19:18:00+00:00,343.01,343.17,342.97,343.03,124
2026-08-14T19:21:00+00:00,343.03,343.16,342.96,343,156
2026-08-14T19:24:00+00:00,343,343.16,342.92,342.99,144
2026-08-14T19:27:00+00:00,342.99,343.06,342.88,342.9,183
2026-08-14T19:30:00+00:00,342.9,343.02,342.83,342.99,222
2026-08-14T19:33:00+00:00,342.99,342.99,342.74,342.88,193
2026-08-14T19:36:00+00:00,342.88,342.9,342.71,342.8,166
2026-08-14T19:39:00+00:00,342.8,342.83,342.65,342.75,200
2026-08-14T19:42:00+00:00,342.75,342.86,342.59,342.59,218
2026-08-14T19:45:00+00:00,342.59,342.69,342.4,342.53,375
2026-08-14T19:48:00+00:00,342.53,343.12,342.51,342.98,324
2026-08-14T19:51:00+00:00,342.98,343.16,342.83,343.01,301
2026-08-14T19:54:00+00:00,343.01,343.44,342.77,342.98,614
2026-08-14T19:57:00+00:00,342.98,343.59,342.91,343.41,563
2026-08-17T13:30:00+00:00,343.41,344.77,342.76,342.76,441
2026-08-17T13:33:00+00:00,342.76,342.91,341.59,342.7,860
2026-08-17T13:36:00+00:00,342.7,343.43,342.69,343.42,773
2026-08-17T13:39:00+00:00,343.42,343.54,343.02,343.03,529
2026-08-17T13:42:00+00:00,343.03,343.03,341.6,342.05,741
2026-08-17T13:45:00+00:00,342.05,342.63,342.03,342.56,645
2026-08-17T13:48:00+00:00,342.56,342.81,342.13,342.4,527
2026-08-17T13:51:00+00:00,342.4,342.92,342.24,342.39,396
2026-08-17T13:54:00+00:00,342.39,343.25,342.31,342.39,470
2026-08-17T13:57:00+00:00,342.39,342.51,341.56,342.03,361
2026-08-17T14:00:00+00:00,342.03,342.09,341.66,341.97,474
2026-08-17T14:03:00+00:00,341.97,342.5,341.96,342.22,355
2026-08-17T14:06:00+00:00,342.22,342.46,341.73,341.93,303
2026-08-17T14:09:00+00:00,341.93,342.34,341.79,342.13,379
2026-08-17T14:12:00+00:00,342.13,342.54,342.08,342.49,250
2026-08-17T14:15:00+00:00,342.49,342.72,342.19,342.29,250
2026-08-17T14:18:00+00:00,342.29,342.52,341.97,342.07,241
2026-08-17T14:21:00+00:00,342.07,342.14,341.26,341.26,293
2026-08-17T14:24:00+00:00,341.26,341.53,341.03,341.32,402
2026-08-17T14:27:00+00:00,341.32,341.46,340.88,341.18,345
2026-08-17T14:30:00+00:00,341.18,341.22,340.88,341.02,382
2026-08-17T14:33:00+00:00,341.02,341.18,340.74,340.82,303
2026-08-17T14:36:00+00:00,340.82,340.95,340.65,340.67,375
2026-08-17T14:39:00+00:00,340.67,340.88,340.48,340.64,297
2026-08-17T14:42:00+00:00,340.64,340.99,340.51,340.74,285
2026-08-17T14:45:00+00:00,340.74,340.77,340.19,340.29,258
2026-08-17T14:48:00+00:00,340.29,340.53,339.78,339.78,279
2026-08-17T14:51:00+00:00,339.78,340.19,339.61,339.71,271
2026-08-17T14:54:00+00:00,339.71,339.85,339.41,339.66,348
2026-08-17T14:57:00+00:00,339.66,340.54,339.63,340.39,286
2026-08-17T15:00:00+00:00,340.39,340.74,340.34,340.49,417
2026-08-17T15:03:00+00:00,340.49,340.76,340.47,340.59,310
2026-08-17T15:06:00+00:00,340.59,340.94,340.53,340.82,357
2026-08-17T15:09:00+00:00,340.82,340.93,340.68,340.93,274
2026-08-17T15:12:00+00:00,340.93,341.32,340.84,341.21,288
2026-08-17T15:15:00+00:00,341.21,341.83,341.11,341.6,402
2026-08-17T15:18:00+00:00,341.6,341.79,341.38,341.5,367
2026-08-17T15:21:00+00:00,341.5,341.59,341.21,341.22,346
2026-08-17T15:24:00+00:00,341.22,341.31,341.13,341.2,276
2026-08-17T15:27:00+00:00,341.2,341.37,340.96,341.33,320
2026-08-17T15:30:00+00:00,341.33,341.39,340.96,341,337
2026-08-17T15:33:00+00:00,341,341.3,340.99,341.2,267
2026-08-17T15:36:00+00:00,341.2,341.26,340.99,341.13,257
2026-08-17T15:39:00+00:00,341.13,341.27,340.98,341.27,260
2026-08-17T15:42:00+00:00,341.27,341.43,341.14,341.36,236
2026-08-17T15:45:00+00:00,341.36,341.58,340.99,341.23,352
2026-08-17T15:48:00+00:00,341.23,341.84,341.12,341.57,440
2026-08-17T15:51:00+00:00,341.57,341.7,341.23,341.43,313
2026-08-17T15:54:00+00:00,341.43,341.43,341.21,341.31,200
2026-08-17T15:57:00+00:00,341.31,341.4,341.2,341.3,213
2026-08-17T16:00:00+00:00,341.3,341.36,341.03,341.2,170
2026-08-17T16:03:00+00:00,341.2,341.21,340.76,340.81,179
2026-08-17T16:06:00+00:00,340.81,340.81,340.53,340.53,284
2026-08-17T16:09:00+00:00,340.53,340.92,340.53,340.82,346
2026-08-17T16:12:00+00:00,340.82,341.28,340.82,341.17,358
2026-08-17T16:15:00+00:00,341.17,341.38,341.16,341.19,293
2026-08-17T16:18:00+00:00,341.19,341.91,341.19,341.62,494
2026-08-17T16:21:00+00:00,341.62,341.77,341.48,341.49,269
2026-08-17T16:24:00+00:00,341.49,341.6,341.29,341.55,322
2026-08-17T16:27:00+00:00,341.55,341.82,341.51,341.76,282
2026-08-17T16:30:00+00:00,341.76,341.98,341.64,341.77,254
2026-08-17T16:33:00+00:00,341.77,341.79,341.3,341.4,222
2026-08-17T16:36:00+00:00,341.4,341.44,340.99,341.01,244
2026-08-17T16:39:00+00:00,341.01,341.14,340.99,341.01,202
2026-08-17T16:42:00+00:00,341.01,341.08,340.81,340.85,168
2026-08-17T16:45:00+00:00,340.85,340.99,340.76,340.76,170
2026-08-17T16:48:00+00:00,340.76,340.89,340.69,340.78,239
2026-08-17T16:51:00+00:00,340.78,340.8,340.58,340.7,169
2026-08-17T16:54:00+00:00,340.7,340.79,340.5,340.55,127
2026-08-17T16:57:00+00:00,340.55,340.59,340.28,340.37,178
2026-08-17T17:00:00+00:00,340.37,340.37,340.08,340.09,183
2026-08-17T17:03:00+00:00,340.09,340.24,340.03,340.06,269
2026-08-17T17:06:00+00:00,340.06,340.2,340.03,340.15,240
2026-08-17T17:09:00+00:00,340.15,340.62,340.15,340.56,250
2026-08-17T17:12:00+00:00,340.56,340.72,340.43,340.52,173
2026-08-17T17:15:00+00:00,340.52,340.7,340.47,340.66,192
2026-08-17T17:18:00+00:00,340.66,341.18,340.65,341.09,225
2026-08-17T17:21:00+00:00,341.09,341.23,340.76,340.78,299
2026-08-17T17:24:00+00:00,340.78,340.93,340.68,340.8,194
2026-08-17T17:27:00+00:00,340.8,340.8,340.5,340.58,148
2026-08-17T17:30:00+00:00,340.58,340.74,340.48,340.59,141
2026-08-17T17:33:00+00:00,340.59,340.8,340.49,340.5,126
2026-08-17T17:36:00+00:00,340.5,340.79,340.48,340.65,135
2026-08-17T17:39:00+00:00,340.65,340.69,340.49,340.63,136
2026-08-17T17:42:00+00:00,340.63,340.83,340.6,340.77,187
2026-08-17T17:45:00+00:00,340.77,340.98,340.76,340.8,159
2026-08-17T17:48:00+00:00,340.8,340.88,340.58,340.58,162
2026-08-17T17:51:00+00:00,340.58,340.66,340.48,340.52,162
2026-08-17T17:54:00+00:00,340.52,340.58,340.28,340.33,203
2026-08-17T17:57:00+00:00,340.33,340.52,340.23,340.28,181
2026-08-17T18:00:00+00:00,340.28,340.44,340.2,340.37,211
2026-08-17T18:03:00+00:00,340.37,340.55,340.36,340.5,197
2026-08-17T18:06:00+00:00,340.5,340.68,340.36,340.56,214
2026-08-17T18:09:00+00:00,340.56,341.16,340.44,341.09,256
2026-08-17T18:12:00+00:00,341.09,341.31,341.09,341.18,250
2026-08-17T18:15:00+00:00,341.18,341.18,340.84,340.92,196
2026-08-17T18:18:00+00:00,340.92,341.22,340.88,341.14,175
2026-08-17T18:21:00+00:00,341.14,341.31,341.12,341.19,135
2026-08-17T18:24:00+00:00,341.19,341.42,341.18,341.24,129
2026-08-17T18:27:00+00:00,341.24,341.35,341.04,341.1,176
2026-08-17T18:30:00+00:00,341.1,341.36,341.1,341.26,247
2026-08-17T18:33:00+00:00,341.26,341.5,341.13,341.41,196
2026-08-17T18:36:00+00:00,341.41,341.51,341.29,341.38,134
2026-08-17T18:39:00+00:00,341.38,341.55,341.32,341.39,180
2026-08-17T18:42:00+00:00,341.39,341.46,341.26,341.26,123
2026-08-17T18:45:00+00:00,341.26,341.44,341.26,341.33,118
2026-08-17T18:48:00+00:00,341.33,341.39,341.26,341.3,135
2026-08-17T18:51:00+00:00,341.3,341.54,341.26,341.48,121
2026-08-17T18:54:00+00:00,341.48,341.54,341.18,341.3,127
2026-08-17T18:57:00+00:00,341.3,341.31,340.94,340.95,164
2026-08-17T19:00:00+00:00,340.95,341.06,340.89,341.05,118
2026-08-17T19:03:00+00:00,341.05,341.19,340.94,341.17,149
2026-08-17T19:06:00+00:00,341.17,341.21,340.98,341.07,132
2026-08-17T19:09:00+00:00,341.07,341.25,340.96,341.15,127
2026-08-17T19:12:00+00:00,341.15,341.36,341.08,341.17,170
2026-08-17T19:15:00+00:00,341.17,341.27,341.08,341.24,193
2026-08-17T19:18:00+00:00,341.24,341.45,341.14,341.36,103
2026-08-17T19:21:00+00:00,341.36,341.48,341.25,341.4,97
2026-08-17T19:24:00+00:00,341.4,341.46,341.33,341.33,116
2026-08-17T19:27:00+00:00,341.33,341.46,341.22,341.28,142
2026-08-17T19:30:00+00:00,341.28,341.3,340.66,340.73,295
2026-08-17T19:33:00+00:00,340.73,340.97,340.7,340.84,281
2026-08-17T19:36:00+00:00,340.84,340.99,340.68,340.99,201
2026-08-17T19:39:00+00:00,340.99,341.14,340.81,340.9,191
2026-08-17T19:42:00+00:00,340.9,341.25,340.89,341.1,200
2026-08-17T19:45:00+00:00,341.1,341.3,340.9,341.3,300
2026-08-17T19:48:00+00:00,341.3,341.38,341.1,341.1,286
2026-08-17T19:51:00+00:00,341.1,341.3,340.94,341.13,390
2026-08-17T19:54:00+00:00,341.13,341.47,340.93,341.36,849
2026-08-17T19:57:00+00:00,341.36,341.53,340.95,341.33,1576
2026-08-18T13:30:00+00:00,341.33,341.33,337.39,339.06,633
2026-08-18T13:33:00+00:00,339.06,339.45,338.71,339.03,465
2026-08-18T13:36:00+00:00,339.03,339.62,338.89,339.47,362
2026-08-18T13:39:00+00:00,339.47,340.38,339.2,339.94,401
2026-08-18T13:42:00+00:00,339.94,340.05,339.19,339.9,803
2026-08-18T13:45:00+00:00,339.9,340.33,339.59,339.95,956
2026-08-18T13:48:00+00:00,339.95,340.37,339.88,340.3,990
2026-08-18T13:51:00+00:00,340.3,340.38,339.99,340.06,625
2026-08-18T13:54:00+00:00,340.06,340.73,339.88,339.91,735
2026-08-18T13:57:00+00:00,339.91,340.05,339.35,339.64,604
2026-08-18T14:00:00+00:00,339.64,339.9,339.19,339.82,598
2026-08-18T14:03:00+00:00,339.82,340.34,339.77,339.8,475
2026-08-18T14:06:00+00:00,339.8,339.96,339.57,339.76,413
2026-08-18T14:09:00+00:00,339.76,339.87,339.4,339.71,541
2026-08-18T14:12:00+00:00,339.71,340.14,339.08,340.12,668
2026-08-18T14:15:00+00:00,340.12,340.31,339.88,339.9,537
2026-08-18T14:18:00+00:00,339.9,340.94,339.88,340.81,631
2026-08-18T14:21:00+00:00,340.81,341.01,340.57,340.84,644
2026-08-18T14:24:00+00:00,340.84,341.62,340.66,341.4,718
2026-08-18T14:27:00+00:00,341.4,341.8,341.33,341.75,765
2026-08-18T14:30:00+00:00,341.75,341.94,341.45,341.57,664
2026-08-18T14:33:00+00:00,341.57,341.74,341.25,341.41,624
2026-08-18T14:36:00+00:00,341.41,341.54,341.1,341.16,488
2026-08-18T14:39:00+00:00,341.16,341.34,340.88,340.96,484
2026-08-18T14:42:00+00:00,340.96,341.11,340.67,340.93,634
2026-08-18T14:45:00+00:00,340.93,341.5,340.81,341.4,679
2026-08-18T14:48:00+00:00,341.4,341.62,341.03,341.08,579
2026-08-18T14:51:00+00:00,341.08,341.26,341.03,341.17,515
2026-08-18T14:54:00+00:00,341.17,341.3,340.78,340.82,638
2026-08-18T14:57:00+00:00,340.82,341.07,340.66,340.74,573
2026-08-18T15:00:00+00:00,340.74,340.87,340.39,340.51,534
2026-08-18T15:03:00+00:00,340.51,340.6,340.28,340.45,373
2026-08-18T15:06:00+00:00,340.45,340.54,340.28,340.31,344
2026-08-18T15:09:00+00:00,340.31,340.98,340.31,340.86,482
2026-08-18T15:12:00+00:00,340.86,340.97,340.54,340.72,381
2026-08-18T15:15:00+00:00,340.72,341.34,340.72,340.91,408
2026-08-18T15:18:00+00:00,340.91,341.19,340.76,340.76,434
2026-08-18T15:21:00+00:00,340.76,340.94,340.6,340.83,311
2026-08-18T15:24:00+00:00,340.83,340.89,340.49,340.63,346
2026-08-18T15:27:00+00:00,340.63,340.84,340.49,340.53,267
2026-08-18T15:30:00+00:00,340.53,340.65,340.28,340.42,395
2026-08-18T15:33:00+00:00,340.42,340.45,340.12,340.12,312
2026-08-18T15:36:00+00:00,340.12,340.19,339.91,340.13,374
2026-08-18T15:39:00+00:00,340.13,340.54,340.08,340.25,346
2026-08-18T15:42:00+00:00,340.25,340.54,340.16,340.4,284
2026-08-18T15:45:00+00:00,340.4,340.78,340.31,340.75,339
2026-08-18T15:48:00+00:00,340.75,340.85,340.4,340.44,361
2026-08-18T15:51:00+00:00,340.44,340.59,340.35,340.52,325
2026-08-18T15:54:00+00:00,340.52,340.83,340.48,340.57,282
2026-08-18T15:57:00+00:00,340.57,340.86,340.48,340.79,273
2026-08-18T16:00:00+00:00,340.79,341.09,340.76,340.98,274
2026-08-18T16:03:00+00:00,340.98,341.34,340.91,341.2,254
2026-08-18T16:06:00+00:00,341.2,341.32,340.77,340.9,263
2026-08-18T16:09:00+00:00,340.9,341.01,340.65,340.75,350
2026-08-18T16:12:00+00:00,340.75,340.87,340.67,340.74,285
2026-08-18T16:15:00+00:00,340.74,340.97,340.54,340.82,353
2026-08-18T16:18:00+00:00,340.82,341.36,340.75,341.35,357
2026-08-18T16:21:00+00:00,341.35,341.49,341.19,341.31,347
2026-08-18T16:24:00+00:00,341.31,341.61,341.25,341.48,290
2026-08-18T16:27:00+00:00,341.48,341.53,341.14,341.27,299
2026-08-18T16:30:00+00:00,341.27,341.43,341.18,341.26,317
2026-08-18T16:33:00+00:00,341.26,341.26,341.08,341.09,297
2026-08-18T16:36:00+00:00,341.09,341.26,341.05,341.24,310
2026-08-18T16:39:00+00:00,341.24,341.33,341.14,341.27,286
2026-08-18T16:42:00+00:00,341.27,341.31,341.01,341.07,236
2026-08-18T16:45:00+00:00,341.07,341.22,340.88,341.15,282
2026-08-18T16:48:00+00:00,341.15,341.15,340.93,340.97,301
2026-08-18T16:51:00+00:00,340.97,341.09,340.88,341.01,184
2026-08-18T16:54:00+00:00,341.01,341.39,341,341.34,279
2026-08-18T16:57:00+00:00,341.34,341.34,341.09,341.2,330
2026-08-18T17:00:00+00:00,341.2,341.24,340.99,341.14,273
2026-08-18T17:03:00+00:00,341.14,341.16,340.71,340.76,254
2026-08-18T17:06:00+00:00,340.76,340.81,340.61,340.68,257
2026-08-18T17:09:00+00:00,340.68,340.87,340.61,340.69,277
2026-08-18T17:12:00+00:00,340.69,340.92,340.65,340.9,282
2026-08-18T17:15:00+00:00,340.9,340.95,340.61,340.67,291
2026-08-18T17:18:00+00:00,340.67,340.75,340.53,340.55,233
2026-08-18T17:21:00+00:00,340.55,340.68,340.51,340.53,190
2026-08-18T17:24:00+00:00,340.53,340.6,340.33,340.41,201
2026-08-18T17:27:00+00:00,340.41,340.62,340.36,340.56,211
2026-08-18T17:30:00+00:00,340.56,340.76,340.55,340.72,304
2026-08-18T17:33:00+00:00,340.72,340.72,340.48,340.59,253
2026-08-18T17:36:00+00:00,340.59,340.64,340.4,340.52,185
2026-08-18T17:39:00+00:00,340.52,340.73,340.46,340.63,198
2026-08-18T17:42:00+00:00,340.63,340.96,340.59,340.86,248
2026-08-18T17:45:00+00:00,340.86,340.9,340.74,340.82,221
2026-08-18T17:48:00+00:00,340.82,340.98,340.73,340.88,217
2026-08-18T17:51:00+00:00,340.88,341.1,340.87,340.98,196
2026-08-18T17:54:00+00:00,340.98,341.1,340.93,341.01,177
2026-08-18T17:57:00+00:00,341.01,341.06,340.61,340.74,245
2026-08-18T18:00:00+00:00,340.74,340.76,340.53,340.65,320
2026-08-18T18:03:00+00:00,340.65,340.77,340.55,340.7,257
2026-08-18T18:06:00+00:00,340.7,340.9,340.66,340.86,234
2026-08-18T18:09:00+00:00,340.86,341.22,340.79,341.16,241
2026-08-18T18:12:00+00:00,341.16,341.33,341.11,341.22,197
2026-08-18T18:15:00+00:00,341.22,341.26,341.1,341.25,228
2026-08-18T18:18:00+00:00,341.25,341.33,341.16,341.17,234
2026-08-18T18:21:00+00:00,341.17,341.35,341.16,341.25,166
2026-08-18T18:24:00+00:00,341.25,341.7,341.24,341.69,244
2026-08-18T18:27:00+00:00,341.69,342.23,341.61,342.18,274
2026-08-18T18:30:00+00:00,342.18,342.25,341.61,341.61,263
2026-08-18T18:33:00+00:00,341.61,341.63,341.25,341.25,355
2026-08-18T18:36:00+00:00,341.25,341.3,340.9,341.15,304
2026-08-18T18:39:00+00:00,341.15,341.18,340.6,340.7,277
2026-08-18T18:42:00+00:00,340.7,340.92,340.61,340.63,262
2026-08-18T18:45:00+00:00,340.63,340.68,340.44,340.64,209
2026-08-18T18:48:00+00:00,340.64,340.64,340.44,340.49,204
2026-08-18T18:51:00+00:00,340.49,340.69,340.33,340.36,240
2026-08-18T18:54:00+00:00,340.36,340.37,340.1,340.22,309
2026-08-18T18:57:00+00:00,340.22,340.36,340.08,340.08,197
2026-08-18T19:00:00+00:00,340.08,340.43,340.08,340.3,244
2026-08-18T19:03:00+00:00,340.3,340.41,340.17,340.24,251
2026-08-18T19:06:00+00:00,340.24,340.86,340.22,340.65,234
2026-08-18T19:09:00+00:00,340.65,340.77,340.53,340.73,230
2026-08-18T19:12:00+00:00,340.73,341.23,340.68,341.17,251
2026-08-18T19:15:00+00:00,341.17,341.47,341.07,341.35,325
2026-08-18T19:18:00+00:00,341.35,341.48,341.29,341.44,264
2026-08-18T19:21:00+00:00,341.44,341.61,341.37,341.54,204
2026-08-18T19:24:00+00:00,341.54,341.82,341.44,341.7,238
2026-08-18T19:27:00+00:00,341.7,341.79,341.48,341.63,160
2026-08-18T19:30:00+00:00,341.63,342.18,341.63,342.12,268
2026-08-18T19:33:00+00:00,342.12,342.24,341.74,341.93,270
2026-08-18T19:36:00+00:00,341.93,341.94,341.59,341.85,331
2026-08-18T19:39:00+00:00,341.85,341.92,341.67,341.78,221
2026-08-18T19:42:00+00:00,341.78,341.94,341.69,341.76,229
2026-08-18T19:45:00+00:00,341.76,341.98,341.69,341.8,311
2026-08-18T19:48:00+00:00,341.8,341.82,341.17,341.5,417
2026-08-18T19:51:00+00:00,341.5,341.64,341.39,341.45,445
2026-08-18T19:54:00+00:00,341.45,341.65,341.02,341.35,1368
2026-08-18T19:57:00+00:00,341.35,341.54,340.91,341.37,1545
2026-08-19T13:30:00+00:00,341.37,341.48,338.99,339.28,1100
2026-08-19T13:33:00+00:00,339.28,339.98,338.21,339.86,666
2026-08-19T13:36:00+00:00,339.86,340.6,339.36,339.75,1125
2026-08-19T13:39:00+00:00,339.75,340.46,338.98,339,1145
2026-08-19T13:42:00+00:00,339,339.76,338.76,338.95,949
2026-08-19T13:45:00+00:00,338.95,339.34,338.53,338.61,976
2026-08-19T13:48:00+00:00,338.61,339.13,337.91,339.13,1326
2026-08-19T13:51:00+00:00,339.13,339.82,338.59,339.47,1294
2026-08-19T13:54:00+00:00,339.47,340.12,339.33,339.69,1328
2026-08-19T13:57:00+00:00,339.69,339.76,339.22,339.28,898
2026-08-19T14:00:00+00:00,339.28,339.37,338.91,339.22,1053
2026-08-19T14:03:00+00:00,339.22,339.78,339.14,339.47,936
2026-08-19T14:06:00+00:00,339.47,340.19,339.28,340.15,942
2026-08-19T14:09:00+00:00,340.15,340.89,340.12,340.89,871
2026-08-19T14:12:00+00:00,340.89,341.65,340.58,340.65,959
2026-08-19T14:15:00+00:00,340.65,340.83,340.12,340.42,1133
2026-08-19T14:18:00+00:00,340.42,340.84,340.27,340.33,993
2026-08-19T14:21:00+00:00,340.33,340.88,340.27,340.81,817
2026-08-19T14:24:00+00:00,340.81,340.83,340.12,340.23,810
2026-08-19T14:27:00+00:00,340.23,340.31,339.79,339.95,899
2026-08-19T14:30:00+00:00,339.95,340.47,339.88,339.96,635
2026-08-19T14:33:00+00:00,339.96,340.4,339.69,340.29,644
2026-08-19T14:36:00+00:00,340.29,340.65,339.94,340.28,572
2026-08-19T14:39:00+00:00,340.28,341.09,340.18,340.99,628
2026-08-19T14:42:00+00:00,340.99,341.52,340.88,340.93,642
2026-08-19T14:45:00+00:00,340.93,341.67,340.88,341.36,823
2026-08-19T14:48:00+00:00,341.36,341.67,341.11,341.47,455
2026-08-19T14:51:00+00:00,341.47,342.27,341.39,341.95,567
2026-08-19T14:54:00+00:00,341.95,342.76,341.88,342.49,662
2026-08-19T14:57:00+00:00,342.49,342.51,-1441.4699999999998,-1441.37,661.3133051976899
2026-08-19T15:00:00+00:00,342.4,342.98,342.15,342.17,622
2026-08-19T15:03:00+00:00,342.17,342.88,342.07,342.88,487
2026-08-19T15:06:00+00:00,342.88,342.92,341.51,341.59,456
2026-08-19T15:09:00+00:00,341.59,342.11,341.41,341.43,503
2026-08-19T15:12:00+00:00,341.43,341.56,341.17,341.56,419
2026-08-19T15:15:00+00:00,341.56,341.8,341.38,341.6,438
2026-08-19T15:18:00+00:00,341.6,342.34,341.57,341.93,498
2026-08-19T15:21:00+00:00,341.93,342.01,341.52,341.89,445
2026-08-19T15:24:00+00:00,341.89,341.91,341.56,341.63,422
2026-08-19T15:27:00+00:00,341.63,341.93,341.61,341.78,325
2026-08-19T15:30:00+00:00,341.78,342.16,341.68,342.07,263
2026-08-19T15:33:00+00:00,342.07,342.12,341.85,342.11,317
2026-08-19T15:36:00+00:00,342.11,342.18,341.85,342.07,262
2026-08-19T15:39:00+00:00,342.07,342.27,341.98,342.03,263
2026-08-19T15:42:00+00:00,342.03,342.17,341.82,341.98,269
2026-08-19T15:45:00+00:00,341.98,342.47,341.92,342.15,312
2026-08-19T15:48:00+00:00,342.15,342.63,342.15,342.29,320
2026-08-19T15:51:00+00:00,342.29,342.34,342.02,342.02,323
2026-08-19T15:54:00+00:00,342.02,342.22,341.82,341.85,258
2026-08-19T15:57:00+00:00,341.85,341.86,341.51,341.6,359
2026-08-19T16:00:00+00:00,341.6,341.95,341.57,341.89,278
2026-08-19T16:03:00+00:00,341.89,342.08,341.78,341.98,307
2026-08-19T16:06:00+00:00,341.98,342.32,341.71,342.31,334
2026-08-19T16:09:00+00:00,342.31,342.71,342.18,342.63,424
2026-08-19T16:12:00+00:00,342.63,343.05,342.61,342.93,458
2026-08-19T16:15:00+00:00,342.93,343.32,342.85,342.89,631
2026-08-19T16:18:00+00:00,342.89,343.37,342.82,343.18,558
2026-08-19T16:21:00+00:00,343.18,343.36,343.04,343.06,510
2026-08-19T16:24:00+00:00,343.06,343.22,342.29,342.31,426
2026-08-19T16:27:00+00:00,342.31,342.56,342.29,342.36,337
2026-08-19T16:30:00+00:00,342.36,342.7,342.32,342.6,516
2026-08-19T16:33:00+00:00,342.6,342.69,342.41,342.42,350
2026-08-19T16:36:00+00:00,342.42,342.43,341.99,341.99,294
2026-08-19T16:39:00+00:00,341.99,342.02,341.68,341.95,355
2026-08-19T16:42:00+00:00,341.95,342,341.59,341.59,252
2026-08-19T16:45:00+00:00,341.59,341.61,341.26,341.29,262
2026-08-19T16:48:00+00:00,341.29,341.45,341.21,341.24,246
2026-08-19T16:51:00+00:00,341.24,341.33,341.13,341.15,242
2026-08-19T16:54:00+00:00,341.15,341.44,341.08,341.26,228
2026-08-19T16:57:00+00:00,341.26,341.26,340.93,341.02,289
2026-08-19T17:00:00+00:00,341.02,341.41,341,341.41,220
2026-08-19T17:03:00+00:00,341.41,341.43,341.14,341.28,288
2026-08-19T17:06:00+00:00,341.28,341.41,341.1,341.35,256
2026-08-19T17:09:00+00:00,341.35,341.39,341.06,341.22,253
2026-08-19T17:12:00+00:00,341.22,341.46,341.17,341.29,297
2026-08-19T17:15:00+00:00,341.29,341.51,341.18,341.23,277
2026-08-19T17:18:00+00:00,341.23,341.25,340.99,341.08,278
2026-08-19T17:21:00+00:00,341.08,341.17,340.58,340.68,407
2026-08-19T17:24:00+00:00,340.68,340.91,340.58,340.63,330
2026-08-19T17:27:00+00:00,340.63,340.94,340.58,340.88,370
2026-08-19T17:30:00+00:00,340.88,341.03,340.49,340.58,280
2026-08-19T17:33:00+00:00,340.58,340.78,340.43,340.73,265
2026-08-19T17:36:00+00:00,340.73,341,340.58,340.91,228
2026-08-19T17:39:00+00:00,340.91,341.18,340.82,341.16,271
2026-08-19T17:42:00+00:00,341.16,341.19,340.88,340.99,246
2026-08-19T17:45:00+00:00,340.99,340.99,340.44,340.46,266
2026-08-19T17:48:00+00:00,340.46,340.63,340.32,340.32,226
2026-08-19T17:51:00+00:00,340.32,340.91,340.29,340.9,291
2026-08-19T17:54:00+00:00,340.9,340.95,340.53,340.68,274
2026-08-19T17:57:00+00:00,340.68,340.74,340.42,340.53,238
2026-08-19T18:00:00+00:00,340.53,340.95,340.4,340.85,423
2026-08-19T18:03:00+00:00,340.85,341.15,340.74,340.76,313
2026-08-19T18:06:00+00:00,340.76,340.83,340.47,340.55,340
2026-08-19T18:09:00+00:00,340.55,340.87,340.41,340.87,236
2026-08-19T18:12:00+00:00,340.87,340.94,340.71,340.8,286
2026-08-19T18:15:00+00:00,340.8,340.9,340.68,340.75,295
2026-08-19T18:18:00+00:00,340.75,340.79,340.48,340.61,264
2026-08-19T18:21:00+00:00,340.61,340.87,340.49,340.74,271
2026-08-19T18:24:00+00:00,340.74,340.94,340.69,340.75,243
2026-08-19T18:27:00+00:00,340.75,340.81,340.57,340.63,241
2026-08-19T18:30:00+00:00,340.63,341.01,340.57,340.79,368
2026-08-19T18:33:00+00:00,340.79,341.06,340.72,341.03,224
2026-08-19T18:36:00+00:00,341.03,341.04,340.84,340.95,280
2026-08-19T18:39:00+00:00,340.95,341.07,340.71,340.73,327
2026-08-19T18:42:00+00:00,340.73,340.81,340.07,340.15,344
2026-08-19T18:45:00+00:00,340.15,340.47,340.1,340.3,289
2026-08-19T18:48:00+00:00,340.3,340.52,340.27,340.46,226
2026-08-19T18:51:00+00:00,340.46,340.87,340.28,340.87,301
2026-08-19T18:54:00+00:00,340.87,341.39,340.76,341.2,357
2026-08-19T18:57:00+00:00,341.2,341.26,340.92,341.14,298
2026-08-19T19:00:00+00:00,341.14,341.24,340.9,340.99,390
2026-08-19T19:03:00+00:00,340.99,341.29,340.93,341.11,327
2026-08-19T19:06:00+00:00,341.11,341.2,340.88,341.15,308
2026-08-19T19:09:00+00:00,341.15,341.46,341.08,341.46,294
2026-08-19T19:12:00+00:00,341.46,341.54,341.28,341.29,306
2026-08-19T19:15:00+00:00,341.29,341.37,341.1,341.12,287
2026-08-19T19:18:00+00:00,341.12,341.43,341.01,341.28,321
2026-08-19T19:21:00+00:00,341.28,341.29,341.07,341.19,225
2026-08-19T19:24:00+00:00,341.19,341.5,340.99,341.02,277
2026-08-19T19:27:00+00:00,341.02,341.1,340.55,340.82,350
2026-08-19T19:30:00+00:00,340.82,341.32,340.72,341.29,417
2026-08-19T19:33:00+00:00,341.29,341.4,340.93,340.95,600
2026-08-19T19:36:00+00:00,340.95,341.26,340.72,341.21,478
2026-08-19T19:39:00+00:00,341.21,341.63,341.12,341.5,519
2026-08-19T19:42:00+00:00,341.5,341.7,341.16,341.68,452
2026-08-19T19:45:00+00:00,341.68,341.81,341.14,341.38,442
2026-08-19T19:48:00+00:00,341.38,341.68,341.13,341.47,503
2026-08-19T19:51:00+00:00,341.47,341.77,341.38,341.46,415
2026-08-19T19:54:00+00:00,341.46,341.83,341.13,341.4,860
2026-08-19T19:57:00+00:00,341.4,341.77,341.13,341.62,1102
2026-08-20T13:30:00+00:00,341.62,341.62,338.38,338.77,1159
2026-08-20T13:33:00+00:00,338.77,340.58,338.76,340.26,1095
2026-08-20T13:36:00+00:00,340.26,340.5,339.08,339.11,1068
2026-08-20T13:39:00+00:00,339.11,339.95,339.08,339.7,797
2026-08-20T13:42:00+00:00,339.7,340.32,339.43,339.72,742
2026-08-20T13:45:00+00:00,339.72,340.28,339.46,339.78,827
2026-08-20T13:48:00+00:00,339.78,340.11,339.29,340.03,662
2026-08-20T13:51:00+00:00,340.03,340.38,339.88,339.98,534
2026-08-20T13:54:00+00:00,339.98,340.35,339.73,340.12,586
2026-08-20T13:57:00+00:00,340.12,340.14,339.88,340.03,418
2026-08-20T14:00:00+00:00,340.03,340.22,339.75,339.8,482
2026-08-20T14:03:00+00:00,339.8,339.85,338.88,339.1,407
2026-08-20T14:06:00+00:00,339.1,339.25,338.48,338.7,585
2026-08-20T14:09:00+00:00,338.7,339.23,338.7,338.81,622
2026-08-20T14:12:00+00:00,338.81,338.9,338.45,338.59,431
2026-08-20T14:15:00+00:00,338.59,338.71,337.98,338.01,539
2026-08-20T14:18:00+00:00,338.01,338.37,337.98,338.22,683
2026-08-20T14:21:00+00:00,338.22,338.71,338.2,338.61,538
2026-08-20T14:24:00+00:00,338.61,338.64,338.28,338.5,414
2026-08-20T14:27:00+00:00,338.5,338.69,338.28,338.41,469
2026-08-20T14:30:00+00:00,338.41,339.28,338.39,338.84,534
2026-08-20T14:33:00+00:00,338.84,338.95,338.46,338.65,358
2026-08-20T14:36:00+00:00,338.65,339.09,338.62,338.99,357
2026-08-20T14:39:00+00:00,338.99,339.6,338.98,339.34,329
2026-08-20T14:42:00+00:00,339.34,339.68,339.33,339.4,326
2026-08-20T14:45:00+00:00,339.4,339.53,338.99,339.03,377
2026-08-20T14:48:00+00:00,339.03,339.12,338.52,338.52,548
2026-08-20T14:51:00+00:00,338.52,338.83,338.29,338.41,439
2026-08-20T14:54:00+00:00,338.41,338.73,338.22,338.35,520
2026-08-20T14:57:00+00:00,338.35,338.4,337.99,338.29,360
2026-08-20T15:00:00+00:00,338.29,338.66,338.1,338.11,488
2026-08-20T15:03:00+00:00,338.11,338.36,337.94,338.1,404
2026-08-20T15:06:00+00:00,338.1,338.17,337.58,337.6,679
2026-08-20T15:09:00+00:00,337.6,337.62,336.28,336.6,938
2026-08-20T15:12:00+00:00,336.6,336.92,336.38,336.51,890
2026-08-20T15:15:00+00:00,336.51,336.83,336.43,336.44,832
2026-08-20T15:18:00+00:00,336.44,337.38,336.38,337.3,629
2026-08-20T15:21:00+00:00,337.3,337.3,336.74,336.88,601
2026-08-20T15:24:00+00:00,336.88,337.49,336.85,337.33,735
2026-08-20T15:27:00+00:00,337.33,337.42,336.74,336.8,876
2026-08-20T15:30:00+00:00,336.8,336.81,336.33,336.65,831
2026-08-20T15:33:00+00:00,336.65,336.66,336.12,336.12,686
2026-08-20T15:36:00+00:00,336.12,336.5,336.05,336.44,685
2026-08-20T15:39:00+00:00,336.44,336.56,336.3,336.32,599
2026-08-20T15:42:00+00:00,336.32,336.75,336.31,336.49,595
2026-08-20T15:45:00+00:00,336.49,336.85,336.38,336.7,637
2026-08-20T15:48:00+00:00,336.7,337.12,336.62,337.05,553
2026-08-20T15:51:00+00:00,337.05,337.25,336.68,336.8,503
2026-08-20T15:54:00+00:00,336.8,336.96,336.68,336.88,322
2026-08-20T15:57:00+00:00,336.88,336.92,336.68,336.81,283
2026-08-20T16:00:00+00:00,336.81,336.94,336.68,336.88,279
2026-08-20T16:03:00+00:00,336.88,337.14,336.88,336.9,258
2026-08-20T16:06:00+00:00,336.9,337.2,336.89,337.2,279
2026-08-20T16:09:00+00:00,337.2,337.44,337.1,337.19,373
2026-08-20T16:12:00+00:00,337.19,337.23,336.86,336.95,212
2026-08-20T16:15:00+00:00,336.95,337.33,336.94,337.23,242
2026-08-20T16:18:00+00:00,337.23,337.51,337.21,337.4,321
2026-08-20T16:21:00+00:00,337.4,337.83,337.29,337.76,283
2026-08-20T16:24:00+00:00,337.76,338.16,337.74,338.15,237
2026-08-20T16:27:00+00:00,338.15,338.26,337.94,338.14,202
2026-08-20T16:30:00+00:00,338.14,338.29,337.98,338.16,305
2026-08-20T16:33:00+00:00,338.16,339.02,338.14,338.95,441
2026-08-20T16:36:00+00:00,338.95,339,338.8,338.9,301
2026-08-20T16:39:00+00:00,338.9,339.03,338.8,338.87,198
2026-08-20T16:42:00+00:00,338.87,339.38,338.84,339.36,217
2026-08-20T16:45:00+00:00,339.36,339.38,339.06,339.12,245
2026-08-20T16:48:00+00:00,339.12,339.26,339.04,339.15,253
2026-08-20T16:51:00+00:00,339.15,339.2,338.98,339.05,160
2026-08-20T16:54:00+00:00,339.05,339.23,338.91,338.97,205
2026-08-20T16:57:00+00:00,338.97,339.02,338.67,338.88,219
2026-08-20T17:00:00+00:00,338.88,338.94,338.52,338.52,327
2026-08-20T17:03:00+00:00,338.52,338.71,338.38,338.38,240
2026-08-20T17:06:00+00:00,338.38,338.81,338.38,338.81,192
2026-08-20T17:09:00+00:00,338.81,339.01,338.72,338.96,189
2026-08-20T17:12:00+00:00,338.96,339.13,338.84,338.85,285
2026-08-20T17:15:00+00:00,338.85,338.97,338.63,338.65,268
2026-08-20T17:18:00+00:00,338.65,338.74,338.32,338.48,254
2026-08-20T17:21:00+00:00,338.48,338.73,338.41,338.73,208
2026-08-20T17:24:00+00:00,338.73,338.73,338.48,338.48,188
2026-08-20T17:27:00+00:00,338.48,338.66,338.38,338.41,204
2026-08-20T17:30:00+00:00,338.41,338.58,338.28,338.36,278
2026-08-20T17:33:00+00:00,338.36,338.41,338.02,338.02,274
2026-08-20T17:36:00+00:00,338.02,338.16,337.98,338.07,165
2026-08-20T17:39:00+00:00,338.07,338.24,337.98,338.07,159
2026-08-20T17:42:00+00:00,338.07,338.16,337.98,338.09,159
2026-08-20T17:45:00+00:00,338.09,338.33,338.08,338.25,137
2026-08-20T17:48:00+00:00,338.25,338.57,338.25,338.34,216
2026-08-20T17:51:00+00:00,338.34,338.47,338.16,338.26,216
2026-08-20T17:54:00+00:00,338.26,338.27,338.1,338.18,266
2026-08-20T17:57:00+00:00,338.18,338.42,338.14,338.23,212
2026-08-20T18:00:00+00:00,338.23,338.32,337.4,337.4,315
2026-08-20T18:03:00+00:00,337.4,337.51,337.14,337.21,255
2026-08-20T18:06:00+00:00,337.21,337.33,337.09,337.15,253
2026-08-20T18:09:00+00:00,337.15,337.19,336.85,336.96,291
2026-08-20T18:12:00+00:00,336.96,337.08,336.8,336.86,224
2026-08-20T18:15:00+00:00,336.86,337.05,336.82,337,327
2026-08-20T18:18:00+00:00,337,337.52,336.96,337.43,356
2026-08-20T18:21:00+00:00,337.43,337.57,337.11,337.14,275
2026-08-20T18:24:00+00:00,337.14,337.19,336.98,337.03,262
2026-08-20T18:27:00+00:00,337.03,337.18,336.98,336.99,328
2026-08-20T18:30:00+00:00,336.99,337.22,336.98,337.18,259
2026-08-20T18:33:00+00:00,337.18,337.42,337.09,337.31,222
2026-08-20T18:36:00+00:00,337.31,337.65,337.31,337.5,282
2026-08-20T18:39:00+00:00,337.5,337.54,337.27,337.42,322
2026-08-20T18:42:00+00:00,337.42,337.74,337.42,337.58,268
2026-08-20T18:45:00+00:00,337.58,337.68,337.48,337.61,278
2026-08-20T18:48:00+00:00,337.61,337.73,337.54,337.55,271
2026-08-20T18:51:00+00:00,337.55,337.68,337.42,337.5,245
2026-08-20T18:54:00+00:00,337.5,337.63,337.4,337.55,341
2026-08-20T18:57:00+00:00,337.55,337.62,337.4,337.43,439
2026-08-20T19:00:00+00:00,337.43,337.74,337.4,337.55,574
2026-08-20T19:03:00+00:00,337.55,337.62,337.45,337.52,584
2026-08-20T19:06:00+00:00,337.52,337.69,337.41,337.56,535
2026-08-20T19:09:00+00:00,337.56,337.9,337.55,337.7,420
2026-08-20T19:12:00+00:00,337.7,338.03,337.68,337.97,471
2026-08-20T19:15:00+00:00,337.97,338.18,337.93,338.05,478
2026-08-20T19:18:00+00:00,338.05,338.17,337.9,338,430
2026-08-20T19:21:00+00:00,338,338.27,338,338.07,346
2026-08-20T19:24:00+00:00,338.07,338.43,338.05,338.33,268
2026-08-20T19:27:00+00:00,338.33,338.36,338.09,338.19,247
2026-08-20T19:30:00+00:00,338.19,338.61,338.19,338.41,461
2026-08-20T19:33:00+00:00,338.41,338.43,338.17,338.21,350
2026-08-20T19:36:00+00:00,338.21,338.34,338.21,338.23,203
2026-08-20T19:39:00+00:00,338.23,338.44,338.22,338.28,225
2026-08-20T19:42:00+00:00,338.28,338.35,338.13,338.25,209
2026-08-20T19:45:00+00:00,338.25,338.44,338.18,338.42,233
2026-08-20T19:48:00+00:00,338.42,338.81,338.17,338.67,319
2026-08-20T19:51:00+00:00,338.67,338.67,338.15,338.19,510
2026-08-20T19:54:00+00:00,338.19,338.45,337.28,337.75,912
2026-08-20T19:57:00+00:00,337.75,338.27,337.2,338.14,1087
2026-08-21T13:30:00+00:00,338.14,339.67,338.09,338.25,457
2026-08-21T13:33:00+00:00,338.25,338.99,337.68,338.95,677
2026-08-21T13:36:00+00:00,338.95,339.32,338.62,338.97,526
2026-08-21T13:39:00+00:00,338.97,339.78,338.67,339.39,583
2026-08-21T13:42:00+00:00,339.39,339.51,338.27,338.67,486
2026-08-21T13:45:00+00:00,338.67,339.63,338.57,339.31,533
2026-08-21T13:48:00+00:00,339.31,339.44,338.78,338.89,444
2026-08-21T13:51:00+00:00,338.89,339.31,338.77,338.93,438
2026-08-21T13:54:00+00:00,338.93,339.19,338.84,338.88,481
2026-08-21T13:57:00+00:00,338.88,339.07,338.76,338.84,351
2026-08-21T14:00:00+00:00,338.84,339.16,338.68,339.02,435
2026-08-21T14:03:00+00:00,339.02,339.64,339,339.35,364
2026-08-21T14:06:00+00:00,339.35,339.75,338.98,339.19,446
2026-08-21T14:09:00+00:00,339.19,339.44,338.88,339.42,346
2026-08-21T14:12:00+00:00,339.42,339.42,338.92,339.22,499
2026-08-21T14:15:00+00:00,339.22,339.98,339.19,339.85,401
2026-08-21T14:18:00+00:00,339.85,340.26,339.71,339.74,437
2026-08-21T14:21:00+00:00,339.74,340.01,339.58,339.9,288
2026-08-21T14:24:00+00:00,339.9,340.09,339.68,339.68,283
2026-08-21T14:27:00+00:00,339.68,339.84,339.48,339.59,381
2026-08-21T14:30:00+00:00,339.59,339.89,339.52,339.88,355
2026-08-21T14:33:00+00:00,339.88,340.2,339.7,340.2,251
2026-08-21T14:36:00+00:00,340.2,340.56,340.14,340.53,358
2026-08-21T14:39:00+00:00,340.53,340.89,340.13,340.17,359
2026-08-21T14:42:00+00:00,340.17,340.51,339.99,340.1,285
2026-08-21T14:45:00+00:00,340.1,340.42,340.01,340.14,385
2026-08-21T14:48:00+00:00,340.14,340.64,339.98,340.45,262
2026-08-21T14:51:00+00:00,340.45,341.51,340.45,341.24,441
2026-08-21T14:54:00+00:00,341.24,341.75,341.2,341.66,331
2026-08-21T14:57:00+00:00,341.66,341.84,341.18,341.38,458
2026-08-21T15:00:00+00:00,341.38,342.09,341.32,341.38,633
2026-08-21T15:03:00+00:00,341.38,341.79,341.38,341.69,531
2026-08-21T15:06:00+00:00,341.69,341.97,341.59,341.89,379
2026-08-21T15:09:00+00:00,341.89,341.92,340.9,340.96,460
2026-08-21T15:12:00+00:00,340.96,341,340.63,340.86,357
2026-08-21T15:15:00+00:00,340.86,341.11,340.76,340.93,302
2026-08-21T15:18:00+00:00,340.93,341.64,340.9,341.52,363
2026-08-21T15:21:00+00:00,341.52,341.69,341.38,341.46,297
2026-08-21T15:24:00+00:00,341.46,341.57,341.26,341.36,254
2026-08-21T15:27:00+00:00,341.36,341.5,341.25,341.41,279
2026-08-21T15:30:00+00:00,341.41,341.44,341.1,341.35,284
2026-08-21T15:33:00+00:00,341.35,341.61,341.28,341.5,308
2026-08-21T15:36:00+00:00,341.5,341.82,341.4,341.65,254
2026-08-21T15:39:00+00:00,341.65,342.15,341.58,342.01,403
2026-08-21T15:42:00+00:00,342.01,342.14,341.77,342.11,454
2026-08-21T15:45:00+00:00,342.11,342.26,341.85,341.89,381
2026-08-21T15:48:00+00:00,341.89,342.13,341.88,341.93,379
2026-08-21T15:51:00+00:00,341.93,342.45,341.88,342.24,304
2026-08-21T15:54:00+00:00,342.24,342.4,341.9,341.98,337
2026-08-21T15:57:00+00:00,341.98,342.07,341.7,341.73,253
2026-08-21T16:00:00+00:00,341.73,341.83,341.22,341.31,244
2026-08-21T16:03:00+00:00,341.31,341.52,341.24,341.37,202
2026-08-21T16:06:00+00:00,341.37,341.77,341.36,341.7,266
2026-08-21T16:09:00+00:00,341.7,341.75,341.39,341.39,266
2026-08-21T16:12:00+00:00,341.39,341.51,341.11,341.21,200
2026-08-21T16:15:00+00:00,341.21,341.36,341.13,341.17,208
2026-08-21T16:18:00+00:00,341.17,341.19,340.72,340.74,235
2026-08-21T16:21:00+00:00,340.74,341.29,340.72,340.86,497
2026-08-21T16:24:00+00:00,340.86,341.05,340.78,341.01,259
2026-08-21T16:27:00+00:00,341.01,341.23,340.91,341.18,323
2026-08-21T16:30:00+00:00,341.18,341.84,341.1,341.81,283
2026-08-21T16:33:00+00:00,341.81,342.01,341.6,341.91,253
2026-08-21T16:36:00+00:00,341.91,342.23,341.91,342.14,236
2026-08-21T16:39:00+00:00,342.14,342.51,342.05,342.42,278
2026-08-21T16:42:00+00:00,342.42,342.6,342.28,342.5,263
2026-08-21T16:45:00+00:00,342.5,342.57,342.15,342.17,254
2026-08-21T16:48:00+00:00,342.17,342.36,341.96,342.01,205
2026-08-21T16:51:00+00:00,342.01,342.09,341.89,341.99,232
2026-08-21T16:54:00+00:00,341.99,342.41,341.98,342.32,220
2026-08-21T16:57:00+00:00,342.32,342.87,342.26,342.85,204
2026-08-21T17:00:00+00:00,342.85,343.14,342.84,343.01,302
2026-08-21T17:03:00+00:00,343.01,343.07,342.6,342.76,334
2026-08-21T17:06:00+00:00,342.76,342.8,342.42,342.53,252
2026-08-21T17:09:00+00:00,342.53,342.56,342.12,342.21,259
2026-08-21T17:12:00+00:00,342.21,342.3,342.12,342.26,231
2026-08-21T17:15:00+00:00,342.26,342.52,342.18,342.29,253
2026-08-21T17:18:00+00:00,342.29,342.46,342.21,342.32,197
2026-08-21T17:21:00+00:00,342.32,342.46,342.21,342.39,237
2026-08-21T17:24:00+00:00,342.39,342.39,342.1,342.13,218
2026-08-21T17:27:00+00:00,342.13,342.29,342.08,342.09,247
2026-08-21T17:30:00+00:00,342.09,342.26,342,342.06,206
2026-08-21T17:33:00+00:00,342.06,342.15,341.88,342.09,209
2026-08-21T17:36:00+00:00,342.09,342.28,342,342.14,206
2026-08-21T17:39:00+00:00,342.14,342.27,341.96,342.19,218
2026-08-21T17:42:00+00:00,342.19,342.25,341.95,342.05,176
2026-08-21T17:45:00+00:00,342.05,342.15,341.98,342.03,152
2026-08-21T17:48:00+00:00,342.03,342.14,341.94,342.09,182
2026-08-21T17:51:00+00:00,342.09,342.2,341.94,342.07,166
2026-08-21T17:54:00+00:00,342.07,342.11,341.78,341.86,200
2026-08-21T17:57:00+00:00,341.86,341.87,341.58,341.58,138
2026-08-21T18:00:00+00:00,341.58,341.71,341.5,341.59,191
2026-08-21T18:03:00+00:00,341.59,342.05,341.59,341.71,168
2026-08-21T18:06:00+00:00,341.71,341.8,341.48,341.58,181
2026-08-21T18:09:00+00:00,341.58,341.9,341.54,341.77,171
2026-08-21T18:12:00+00:00,341.77,341.86,341.58,341.78,152
2026-08-21T18:15:00+00:00,341.78,341.87,341.61,341.77,155
2026-08-21T18:18:00+00:00,341.77,341.8,341.49,341.58,216
2026-08-21T18:21:00+00:00,341.58,341.72,341.5,341.56,155
2026-08-21T18:24:00+00:00,341.56,341.59,341.38,341.42,148
2026-08-21T18:27:00+00:00,341.42,341.59,341.42,341.42,114
2026-08-21T18:30:00+00:00,341.42,341.59,341.38,341.4,189
2026-08-21T18:33:00+00:00,341.4,341.52,341.28,341.51,165
2026-08-21T18:36:00+00:00,341.51,341.81,341.44,341.69,168
2026-08-21T18:39:00+00:00,341.69,341.83,341.66,341.75,124
2026-08-21T18:42:00+00:00,341.75,341.87,341.71,341.79,180
2026-08-21T18:45:00+00:00,341.79,341.91,341.69,341.82,161
2026-08-21T18:48:00+00:00,341.82,341.95,341.69,341.93,173
2026-08-21T18:51:00+00:00,341.93,342.12,341.9,342,163
2026-08-21T18:54:00+00:00,342,342.28,342,342.26,189
2026-08-21T18:57:00+00:00,342.26,342.37,342.1,342.27,164
2026-08-21T19:00:00+00:00,342.27,342.31,342.09,342.13,225
2026-08-21T19:03:00+00:00,342.13,342.29,342.09,342.16,126
2026-08-21T19:06:00+00:00,342.16,342.35,342.14,342.24,131
2026-08-21T19:09:00+00:00,342.24,342.43,342.13,342.33,140
2026-08-21T19:12:00+00:00,342.33,342.35,342.13,342.15,147
2026-08-21T19:15:00+00:00,342.15,342.23,342.13,342.19,135
2026-08-21T19:18:00+00:00,342.19,342.39,342.14,342.38,136
2026-08-21T19:21:00+00:00,342.38,342.39,342.17,342.25,155
2026-08-21T19:24:00+00:00,342.25,342.47,342.17,342.29,189
2026-08-21T19:27:00+00:00,342.29,342.61,342.28,342.39,179
2026-08-21T19:30:00+00:00,342.39,342.63,342.38,342.44,166
2026-08-21T19:33:00+00:00,342.44,342.8,342.38,342.7,148
2026-08-21T19:36:00+00:00,342.7,343.13,342.7,342.91,171
2026-08-21T19:39:00+00:00,342.91,343.05,342.68,342.82,302
2026-08-21T19:42:00+00:00,342.82,342.91,342.71,342.8,168
2026-08-21T19:45:00+00:00,342.8,342.85,342.63,342.67,314
2026-08-21T19:48:00+00:00,342.67,342.82,342.39,342.41,414
2026-08-21T19:51:00+00:00,342.41,342.84,342.41,342.58,464
2026-08-21T19:54:00+00:00,342.58,342.64,340.88,341.45,836
2026-08-21T19:57:00+00:00,341.45,341.92,340.98,341.71,667
2026-08-24T13:30:00+00:00,341.71,341.86,339.2,341.39,572
2026-08-24T13:33:00+00:00,341.39,344.63,341.1,344.04,786
2026-08-24T13:36:00+00:00,344.04,344.78,343.15,343.15,821
2026-08-24T13:39:00+00:00,343.15,344.13,342.46,343.99,674
2026-08-24T13:42:00+00:00,343.99,344.34,342.65,342.72,752
2026-08-24T13:45:00+00:00,342.72,343.2,342.38,343.12,678
2026-08-24T13:48:00+00:00,343.12,344.32,342.87,344.13,776
2026-08-24T13:51:00+00:00,344.13,344.53,343.57,343.68,795
2026-08-24T13:54:00+00:00,343.68,344,343.38,343.84,782
2026-08-24T13:57:00+00:00,343.84,344.67,343.57,344.67,783
2026-08-24T14:00:00+00:00,344.67,345.51,344.56,345,818
2026-08-24T14:03:00+00:00,345,345.29,343.97,344.11,582
2026-08-24T14:06:00+00:00,344.11,344.74,343.95,344.27,492
2026-08-24T14:09:00+00:00,344.27,345.29,344.09,345.03,735
2026-08-24T14:12:00+00:00,345.03,345.22,344.28,345.19,737
2026-08-24T14:15:00+00:00,345.19,345.86,344.99,345.06,1027
2026-08-24T14:18:00+00:00,345.06,345.39,344.78,345.33,883
2026-08-24T14:21:00+00:00,345.33,345.78,345.18,345.18,720
2026-08-24T14:24:00+00:00,345.18,345.21,344.78,344.93,582
2026-08-24T14:27:00+00:00,344.93,345.33,344.68,345.25,484
2026-08-24T14:30:00+00:00,345.25,345.84,344.74,345.08,663
2026-08-24T14:33:00+00:00,345.08,345.29,344.85,345.06,539
2026-08-24T14:36:00+00:00,345.06,345.72,344.89,345.38,405
2026-08-24T14:39:00+00:00,345.38,346.13,345.02,346.1,454
2026-08-24T14:42:00+00:00,346.1,346.3,345.66,346.15,419
2026-08-24T14:45:00+00:00,346.15,346.37,346.02,346.24,536
2026-08-24T14:48:00+00:00,346.24,346.75,346.23,346.28,622
2026-08-24T14:51:00+00:00,346.28,346.61,346.16,346.25,619
2026-08-24T14:54:00+00:00,346.25,346.38,345.89,345.96,422
2026-08-24T14:57:00+00:00,345.96,346.37,345.91,346,432
2026-08-24T15:00:00+00:00,346,346.34,345.78,346.02,540
2026-08-24T15:03:00+00:00,346.02,346.13,345.18,345.18,512
2026-08-24T15:06:00+00:00,345.18,346.21,345.18,346.19,470
2026-08-24T15:09:00+00:00,346.19,346.77,346.08,346.61,669
2026-08-24T15:12:00+00:00,346.61,346.85,346.11,346.14,525
2026-08-24T15:15:00+00:00,346.14,346.42,346,346.32,439
2026-08-24T15:18:00+00:00,346.32,346.68,345.98,346.02,444
2026-08-24T15:21:00+00:00,346.02,346.44,345.98,346.41,440
2026-08-24T15:24:00+00:00,346.41,347.32,346.36,346.88,418
2026-08-24T15:27:00+00:00,346.88,347.38,346.56,347.21,567
2026-08-24T15:30:00+00:00,347.21,347.75,346.87,346.92,462
2026-08-24T15:33:00+00:00,346.92,347.48,346.89,347.04,392
2026-08-24T15:36:00+00:00,347.04,347.48,347.02,347.45,369
2026-08-24T15:39:00+00:00,347.45,347.88,347.32,347.56,346
2026-08-24T15:42:00+00:00,347.56,347.62,347.28,347.44,313
2026-08-24T15:45:00+00:00,347.44,347.8,347.4,347.52,290
2026-08-24T15:48:00+00:00,347.52,347.75,347.28,347.68,291
2026-08-24T15:51:00+00:00,347.68,347.87,347.42,347.5,318
2026-08-24T15:54:00+00:00,347.5,347.52,346.92,347.31,348
2026-08-24T15:57:00+00:00,347.31,347.35,346.89,347.19,272
2026-08-24T16:00:00+00:00,347.19,347.54,346.98,347.18,360
2026-08-24T16:03:00+00:00,347.18,347.38,347.08,347.29,233
2026-08-24T16:06:00+00:00,347.29,347.37,347.02,347.03,295
2026-08-24T16:09:00+00:00,347.03,347.16,346.92,347.11,224
2026-08-24T16:12:00+00:00,347.11,347.15,346.91,347.01,193
2026-08-24T16:15:00+00:00,347.01,347.42,346.98,347.3,323
2026-08-24T16:18:00+00:00,347.3,347.5,346.98,347.16,349
2026-08-24T16:21:00+00:00,347.16,347.46,347,347.08,326
2026-08-24T16:24:00+00:00,347.08,347.29,347.07,347.14,274
2026-08-24T16:27:00+00:00,347.14,347.54,347.07,347.35,244
2026-08-24T16:30:00+00:00,347.35,347.46,347.11,347.27,259
2026-08-24T16:33:00+00:00,347.27,347.57,347.25,347.35,284
2026-08-24T16:36:00+00:00,347.35,347.65,347.23,347.23,282
2026-08-24T16:39:00+00:00,347.23,347.48,347.11,347.36,240
2026-08-24T16:42:00+00:00,347.36,347.45,347.2,347.3,207
2026-08-24T16:45:00+00:00,347.3,347.58,347.24,347.52,171
2026-08-24T16:48:00+00:00,347.52,347.7,347.37,347.56,298
2026-08-24T16:51:00+00:00,347.56,347.7,347.4,347.49,290
2026-08-24T16:54:00+00:00,347.49,347.58,347.36,347.4,236
2026-08-24T16:57:00+00:00,347.4,347.46,347.08,347.34,305
2026-08-24T17:00:00+00:00,347.34,347.52,346.98,346.98,297
2026-08-24T17:03:00+00:00,346.98,346.98,346.48,346.53,279
2026-08-24T17:06:00+00:00,346.53,346.72,346.25,346.27,383
2026-08-24T17:09:00+00:00,346.27,346.56,345.99,346.35,345
2026-08-24T17:12:00+00:00,346.35,346.35,345.99,346.07,299
2026-08-24T17:15:00+00:00,346.07,346.2,345.9,346.04,228
2026-08-24T17:18:00+00:00,346.04,346.1,345.68,345.68,296
2026-08-24T17:21:00+00:00,345.68,345.94,345.55,345.83,263
2026-08-24T17:24:00+00:00,345.83,346.15,345.7,345.86,243
2026-08-24T17:27:00+00:00,345.86,345.94,345.59,345.65,221
2026-08-24T17:30:00+00:00,345.65,345.84,345.63,345.75,222
2026-08-24T17:33:00+00:00,345.75,345.76,345.55,345.56,225
2026-08-24T17:36:00+00:00,345.56,345.81,345.56,345.65,159
2026-08-24T17:39:00+00:00,345.65,345.78,345.5,345.53,202
2026-08-24T17:42:00+00:00,345.53,345.57,345.33,345.33,188
2026-08-24T17:45:00+00:00,345.33,345.37,345.16,345.24,199
2026-08-24T17:48:00+00:00,345.24,345.38,345.12,345.33,319
2026-08-24T17:51:00+00:00,345.33,345.4,344.77,344.79,221
2026-08-24T17:54:00+00:00,344.79,345.04,344.76,345.03,214
2026-08-24T17:57:00+00:00,345.03,345.13,344.79,344.88,228
2026-08-24T18:00:00+00:00,344.88,345.21,344.78,345.05,204
2026-08-24T18:03:00+00:00,345.05,345.29,345.05,345.08,183
2026-08-24T18:06:00+00:00,345.08,345.37,345.08,345.36,201
2026-08-24T18:09:00+00:00,345.36,345.45,345.21,345.36,271
2026-08-24T18:12:00+00:00,345.36,345.54,345.26,345.35,235
2026-08-24T18:15:00+00:00,345.35,345.45,345.05,345.05,213
2026-08-24T18:18:00+00:00,345.05,345.35,345.05,345.31,285
2026-08-24T18:21:00+00:00,345.31,345.43,345.3,345.33,196
2026-08-24T18:24:00+00:00,345.33,345.51,345.33,345.44,128
2026-08-24T18:27:00+00:00,345.44,345.5,345.23,345.43,200
2026-08-24T18:30:00+00:00,345.43,345.62,345.28,345.4,256
2026-08-24T18:33:00+00:00,345.4,345.51,345.24,345.27,163
2026-08-24T18:36:00+00:00,345.27,345.31,344.88,344.88,188
2026-08-24T18:39:00+00:00,344.88,345.04,344.78,344.91,210
2026-08-24T18:42:00+00:00,344.91,344.93,344.68,344.73,198
2026-08-24T18:45:00+00:00,344.73,344.86,344.63,344.64,178
2026-08-24T18:48:00+00:00,344.64,344.67,344.46,344.58,263
2026-08-24T18:51:00+00:00,344.58,344.97,344.55,344.85,216
2026-08-24T18:54:00+00:00,344.85,345.07,344.84,345,200
2026-08-24T18:57:00+00:00,345,345.22,344.93,344.97,249
2026-08-24T19:00:00+00:00,344.97,345.05,344.9,344.94,257
2026-08-24T19:03:00+00:00,344.94,345.27,344.92,345.24,207
2026-08-24T19:06:00+00:00,345.24,345.48,345.15,345.47,149
2026-08-24T19:09:00+00:00,345.47,345.52,345.15,345.24,201
2026-08-24T19:12:00+00:00,345.24,345.26,345.02,345.02,203
2026-08-24T19:15:00+00:00,345.02,345.11,344.71,344.89,229
2026-08-24T19:18:00+00:00,344.89,345.09,344.84,345.06,170
2026-08-24T19:21:00+00:00,345.06,345.28,344.95,345.21,158
2026-08-24T19:24:00+00:00,345.21,345.51,345.17,345.37,181
2026-08-24T19:27:00+00:00,345.37,345.44,345.23,345.36,122
2026-08-24T19:30:00+00:00,345.36,345.53,345.25,345.29,244
2026-08-24T19:33:00+00:00,345.29,345.52,345.25,345.41,294
2026-08-24T19:36:00+00:00,345.41,345.45,345.12,345.25,225
2026-08-24T19:39:00+00:00,345.25,345.57,345.24,345.45,291
2026-08-24T19:42:00+00:00,345.45,345.64,345.42,345.52,311
2026-08-24T19:45:00+00:00,345.52,345.58,344.98,345.12,408
2026-08-24T19:48:00+00:00,345.12,345.42,344.64,345.24,496
2026-08-24T19:51:00+00:00,345.24,345.33,344.74,344.82,565
2026-08-24T19:54:00+00:00,344.82,345.05,344.01,344.85,824
2026-08-24T19:57:00+00:00,344.85,344.87,344.15,344.55,951
2026-08-25T13:30:00+00:00,344.55,346.38,344.5,344.5,521
2026-08-25T13:33:00+00:00,344.5,346.21,343.98,345.96,594
2026-08-25T13:36:00+00:00,345.96,346.15,345,345.08,516
2026-08-25T13:39:00+00:00,345.08,345.71,344.91,345.2,391
2026-08-25T13:42:00+00:00,345.2,345.88,345.12,345.66,421
2026-08-25T13:45:00+00:00,345.66,345.85,345.2,345.6,590
2026-08-25T13:48:00+00:00,345.6,345.91,345.12,345.16,538
2026-08-25T13:51:00+00:00,345.16,345.28,344.85,345.01,586
2026-08-25T13:54:00+00:00,345.01,345.01,344.39,344.39,529
2026-08-25T13:57:00+00:00,344.39,344.62,344.18,344.41,401
2026-08-25T14:00:00+00:00,344.41,344.67,343.91,343.93,518
2026-08-25T14:03:00+00:00,343.93,344.27,343.68,343.68,403
2026-08-25T14:06:00+00:00,343.68,344.18,343.62,344.16,279
2026-08-25T14:09:00+00:00,344.16,344.69,343.83,343.99,395
2026-08-25T14:12:00+00:00,343.99,344.76,343.97,344.76,405
2026-08-25T14:15:00+00:00,344.76,344.78,344.29,344.5,336
2026-08-25T14:18:00+00:00,344.5,344.89,344.28,344.37,295
2026-08-25T14:21:00+00:00,344.37,344.37,342.98,343.2,520
2026-08-25T14:24:00+00:00,343.2,343.48,342.95,343.16,435
2026-08-25T14:27:00+00:00,343.16,343.29,342.76,343.06,317
2026-08-25T14:30:00+00:00,343.06,343.41,342.27,343.31,433
2026-08-25T14:33:00+00:00,343.31,343.66,343.2,343.3,312
2026-08-25T14:36:00+00:00,343.3,343.64,343.25,343.52,257
2026-08-25T14:39:00+00:00,343.52,343.67,343.19,343.3,299
2026-08-25T14:42:00+00:00,343.3,343.3,342.93,343.21,291
2026-08-25T14:45:00+00:00,343.21,343.48,342.93,342.96,306
2026-08-25T14:48:00+00:00,342.96,343.1,342.57,342.76,230
2026-08-25T14:51:00+00:00,342.76,343.28,342.64,343.08,247
2026-08-25T14:54:00+00:00,343.08,343.12,342.54,342.57,201
2026-08-25T14:57:00+00:00,342.57,342.75,342.48,342.57,217
2026-08-25T15:00:00+00:00,342.57,342.78,342.27,342.73,248
2026-08-25T15:03:00+00:00,342.73,342.79,342.43,342.62,234
2026-08-25T15:06:00+00:00,342.62,342.67,341.98,342.38,354
2026-08-25T15:09:00+00:00,342.38,342.65,342.11,342.28,358
2026-08-25T15:12:00+00:00,342.28,342.61,342.22,342.52,237
2026-08-25T15:15:00+00:00,342.52,342.79,342.48,342.7,214
2026-08-25T15:18:00+00:00,342.7,342.88,342.48,342.73,225
2026-08-25T15:21:00+00:00,342.73,342.83,342.08,342.26,348
2026-08-25T15:24:00+00:00,342.26,342.71,342.19,342.68,226
2026-08-25T15:27:00+00:00,342.68,342.92,342.5,342.7,261
2026-08-25T15:30:00+00:00,342.7,342.76,342.38,342.55,344
2026-08-25T15:33:00+00:00,342.55,342.89,342.48,342.85,360
2026-08-25T15:36:00+00:00,342.85,343.29,342.78,343.26,426
2026-08-25T15:39:00+00:00,343.26,343.48,343.08,343.22,477
2026-08-25T15:42:00+00:00,343.22,343.29,342.96,343.24,565
2026-08-25T15:45:00+00:00,343.24,343.27,342.88,342.92,654
2026-08-25T15:48:00+00:00,342.92,342.94,342.58,342.69,420
2026-08-25T15:51:00+00:00,342.69,342.88,342.58,342.78,361
2026-08-25T15:54:00+00:00,342.78,343.22,342.78,343.11,300
2026-08-25T15:57:00+00:00,343.11,343.16,342.91,343.04,387
2026-08-25T16:00:00+00:00,343.04,343.29,342.94,343.29,412
2026-08-25T16:03:00+00:00,343.29,343.29,342.94,342.96,359
2026-08-25T16:06:00+00:00,342.96,343.34,342.94,343.23,187
2026-08-25T16:09:00+00:00,343.23,343.42,343.18,343.26,301
2026-08-25T16:12:00+00:00,343.26,343.33,343.08,343.16,194
2026-08-25T16:15:00+00:00,343.16,343.26,343.01,343.06,160
2026-08-25T16:18:00+00:00,343.06,343.18,343.01,343.02,113
2026-08-25T16:21:00+00:00,343.02,343.34,342.98,343.27,156
2026-08-25T16:24:00+00:00,343.27,343.37,343.06,343.12,165
2026-08-25T16:27:00+00:00,343.12,343.28,343.07,343.15,218
2026-08-25T16:30:00+00:00,343.15,343.31,342.99,343.04,235
2026-08-25T16:33:00+00:00,343.04,343.09,342.91,343.04,179
2026-08-25T16:36:00+00:00,343.04,343.25,342.89,343.08,210
2026-08-25T16:39:00+00:00,343.08,343.46,343.06,343.16,155
2026-08-25T16:42:00+00:00,343.16,343.28,342.89,342.94,157
2026-08-25T16:45:00+00:00,342.94,343.11,342.89,342.89,234
2026-08-25T16:48:00+00:00,342.89,343.04,342.8,342.96,172
2026-08-25T16:51:00+00:00,342.96,343.11,342.88,342.96,175
2026-08-25T16:54:00+00:00,342.96,343.44,342.92,343.34,221
2026-08-25T16:57:00+00:00,343.34,343.89,343.34,343.81,194
2026-08-25T17:00:00+00:00,343.81,344.07,343.68,343.83,291
2026-08-25T17:03:00+00:00,343.83,343.95,343.54,343.66,182
2026-08-25T17:06:00+00:00,343.66,343.81,343.46,343.58,225
2026-08-25T17:09:00+00:00,343.58,343.68,343.34,343.37,175
2026-08-25T17:12:00+00:00,343.37,343.75,343.32,343.57,201
2026-08-25T17:15:00+00:00,343.57,343.65,343.48,343.5,228
2026-08-25T17:18:00+00:00,343.5,343.76,343.44,343.61,249
2026-08-25T17:21:00+00:00,343.61,343.62,343.18,343.33,351
2026-08-25T17:24:00+00:00,343.33,343.45,343.13,343.13,191
2026-08-25T17:27:00+00:00,343.13,343.17,342.9,342.96,292
2026-08-25T17:30:00+00:00,342.96,343.28,342.96,343.18,361
2026-08-25T17:33:00+00:00,343.18,343.24,343.08,343.18,250
2026-08-25T17:36:00+00:00,343.18,343.3,343.08,343.17,177
2026-08-25T17:39:00+00:00,343.17,343.3,343.08,343.09,103
2026-08-25T17:42:00+00:00,343.09,343.18,343.08,343.1,241
2026-08-25T17:45:00+00:00,343.1,343.26,342.99,343.21,304
2026-08-25T17:48:00+00:00,343.21,343.39,343.14,343.36,285
2026-08-25T17:51:00+00:00,343.36,343.52,343.27,343.48,162
2026-08-25T17:54:00+00:00,343.48,343.55,343.38,343.49,215
2026-08-25T17:57:00+00:00,343.49,343.87,343.48,343.62,215
2026-08-25T18:00:00+00:00,343.62,343.65,343.48,343.53,151
2026-08-25T18:03:00+00:00,343.53,343.61,343.38,343.45,193
2026-08-25T18:06:00+00:00,343.45,343.49,342.9,342.93,329
2026-08-25T18:09:00+00:00,342.93,342.97,342.83,342.9,184
2026-08-25T18:12:00+00:00,342.9,342.95,342.43,342.49,307
2026-08-25T18:15:00+00:00,342.49,342.61,342.48,342.5,204
2026-08-25T18:18:00+00:00,342.5,342.62,342.38,342.59,221
2026-08-25T18:21:00+00:00,342.59,342.73,342.24,342.34,340
2026-08-25T18:24:00+00:00,342.34,342.36,342.22,342.28,268
2026-08-25T18:27:00+00:00,342.28,342.59,342.28,342.55,238
2026-08-25T18:30:00+00:00,342.55,342.68,342.55,342.57,258
2026-08-25T18:33:00+00:00,342.57,342.62,342.34,342.39,139
2026-08-25T18:36:00+00:00,342.39,342.76,342.39,342.47,172
2026-08-25T18:39:00+00:00,342.47,342.62,342.42,342.58,264
2026-08-25T18:42:00+00:00,342.58,342.83,342.56,342.82,200
2026-08-25T18:45:00+00:00,342.82,343.01,342.81,342.84,239
2026-08-25T18:48:00+00:00,342.84,342.87,342.65,342.75,184
2026-08-25T18:51:00+00:00,342.75,342.84,342.65,342.82,160
2026-08-25T18:54:00+00:00,342.82,342.88,342.44,342.55,214
2026-08-25T18:57:00+00:00,342.55,342.56,342.39,342.52,138
2026-08-25T19:00:00+00:00,342.52,342.97,342.5,342.84,224
2026-08-25T19:03:00+00:00,342.84,342.99,342.76,342.83,126
2026-08-25T19:06:00+00:00,342.83,342.93,342.56,342.56,124
2026-08-25T19:09:00+00:00,342.56,342.73,342.48,342.62,198
2026-08-25T19:12:00+00:00,342.62,342.78,342.6,342.7,84
2026-08-25T19:15:00+00:00,342.7,342.84,342.63,342.78,101
2026-08-25T19:18:00+00:00,342.78,342.9,342.78,342.84,102
2026-08-25T19:21:00+00:00,342.84,343.03,342.8,342.89,128
2026-08-25T19:24:00+00:00,342.89,343.05,342.87,343.04,117
2026-08-25T19:27:00+00:00,343.04,343.12,342.91,343.02,157
2026-08-25T19:30:00+00:00,343.02,343.34,343,343.25,272
2026-08-25T19:33:00+00:00,343.25,343.46,343.18,343.42,172
2026-08-25T19:36:00+00:00,343.42,343.54,343.14,343.21,192
2026-08-25T19:39:00+00:00,343.21,343.45,343.2,343.36,182
2026-08-25T19:42:00+00:00,343.36,343.53,343.27,343.29,194
2026-08-25T19:45:00+00:00,343.29,343.6,343.21,343.53,192
2026-08-25T19:48:00+00:00,343.53,343.96,343.32,343.35,384
2026-08-25T19:51:00+00:00,343.35,343.73,343.32,343.67,445
2026-08-25T19:54:00+00:00,343.67,343.86,342.78,343.31,467
2026-08-25T19:57:00+00:00,343.31,343.5,342.93,343.24,691
2026-08-26T13:30:00+00:00,343.24,343.24,339.76,341.68,439
2026-08-26T13:33:00+00:00,341.68,342.03,340.18,340.49,302
2026-08-26T13:36:00+00:00,340.49,341.48,340.39,340.6,580
2026-08-26T13:39:00+00:00,340.6,340.6,339.24,339.76,569
2026-08-26T13:42:00+00:00,339.76,340.54,339.51,340.42,560
2026-08-26T13:45:00+00:00,340.42,340.54,339.52,339.64,626
2026-08-26T13:48:00+00:00,339.64,340.41,339.64,340.07,471
2026-08-26T13:51:00+00:00,340.07,340.94,340.07,340.79,539
2026-08-26T13:54:00+00:00,340.79,340.93,339.97,340.08,591
2026-08-26T13:57:00+00:00,340.08,340.2,339.61,339.93,531
2026-08-26T14:00:00+00:00,339.93,340.06,339.18,339.56,501
2026-08-26T14:03:00+00:00,339.56,340.25,339.56,339.92,378
2026-08-26T14:06:00+00:00,339.92,340.15,339.21,339.22,544
2026-08-26T14:09:00+00:00,339.22,339.34,338.83,338.87,416
2026-08-26T14:12:00+00:00,338.87,338.89,337.89,337.89,552
2026-08-26T14:15:00+00:00,337.89,338.17,337.65,338.02,469
2026-08-26T14:18:00+00:00,338.02,338.54,337.99,338.19,464
2026-08-26T14:21:00+00:00,338.19,338.27,338,338.08,328
2026-08-26T14:24:00+00:00,338.08,338.33,337.91,338.03,358
2026-08-26T14:27:00+00:00,338.03,338.59,337.96,338.47,314
2026-08-26T14:30:00+00:00,338.47,338.71,337.81,337.88,376
2026-08-26T14:33:00+00:00,337.88,338.34,337.65,338.29,301
2026-08-26T14:36:00+00:00,338.29,338.9,338.2,338.7,269
2026-08-26T14:39:00+00:00,338.7,338.89,338.47,338.84,240
2026-08-26T14:42:00+00:00,338.84,338.87,338.25,338.29,255
2026-08-26T14:45:00+00:00,338.29,338.66,338.21,338.66,291
2026-08-26T14:48:00+00:00,338.66,338.98,338.44,338.88,297
2026-08-26T14:51:00+00:00,338.88,339.07,338.56,339.01,337
2026-08-26T14:54:00+00:00,339.01,339.16,338.8,339.09,309
2026-08-26T14:57:00+00:00,339.09,339.43,338.98,339.24,294
2026-08-26T15:00:00+00:00,339.31,339.65,339.14,339.63,295
2026-08-26T15:03:00+00:00,339.63,339.71,339.47,339.55,243
2026-08-26T15:06:00+00:00,339.55,339.68,339.38,339.65,297
2026-08-26T15:09:00+00:00,339.65,339.69,339.32,339.42,314
2026-08-26T15:12:00+00:00,339.42,339.66,339.35,339.49,306
2026-08-26T15:15:00+00:00,339.49,339.58,339.09,339.27,309
2026-08-26T15:18:00+00:00,339.27,339.34,339.07,339.13,316
2026-08-26T15:21:00+00:00,339.13,339.23,338.99,339.14,328
2026-08-26T15:24:00+00:00,339.14,339.63,339.06,339.51,297
2026-08-26T15:27:00+00:00,339.51,339.66,339.33,339.34,201
2026-08-26T15:30:00+00:00,339.34,339.35,338.49,338.49,312
2026-08-26T15:33:00+00:00,338.49,338.63,338.38,338.41,266
2026-08-26T15:36:00+00:00,338.41,338.53,338.21,338.39,281
2026-08-26T15:39:00+00:00,338.39,338.61,338.3,338.49,186
2026-08-26T15:42:00+00:00,338.49,338.92,338.43,338.62,244
2026-08-26T15:45:00+00:00,338.62,339.18,338.58,339.13,239
2026-08-26T15:48:00+00:00,339.13,339.23,338.88,338.97,269
2026-08-26T15:51:00+00:00,338.97,339.02,338.18,338.19,350
2026-08-26T15:54:00+00:00,338.19,338.25,337.97,338.13,300
2026-08-26T15:57:00+00:00,338.13,338.18,337.94,338,319
2026-08-26T16:00:00+00:00,338,338,337.71,337.9,422
2026-08-26T16:03:00+00:00,337.9,338.29,337.77,338.19,445
2026-08-26T16:06:00+00:00,338.19,338.34,337.95,338.08,471
2026-08-26T16:09:00+00:00,338.08,338.18,338,338.09,350
2026-08-26T16:12:00+00:00,338.09,338.24,338.07,338.09,329
2026-08-26T16:15:00+00:00,338.09,338.14,337.79,337.85,414
2026-08-26T16:18:00+00:00,337.85,338,337.83,337.89,416
2026-08-26T16:21:00+00:00,337.89,337.89,337.45,337.54,386
2026-08-26T16:24:00+00:00,337.54,337.64,337.46,337.53,424
2026-08-26T16:27:00+00:00,337.53,337.54,337.21,337.22,405
2026-08-26T16:30:00+00:00,337.22,337.35,336.91,337.1,465
2026-08-26T16:33:00+00:00,337.1,337.27,337.05,337.09,284
2026-08-26T16:36:00+00:00,337.09,337.15,336.9,337.05,473
2026-08-26T16:39:00+00:00,337.05,337.09,336.91,337.06,435
2026-08-26T16:42:00+00:00,337.06,337.26,336.93,336.93,432
2026-08-26T16:45:00+00:00,336.93,337.28,336.91,337.28,375
2026-08-26T16:48:00+00:00,337.28,337.39,337.08,337.19,325
2026-08-26T16:51:00+00:00,337.19,337.45,337.11,337.39,364
2026-08-26T16:54:00+00:00,337.39,337.43,337.16,337.39,382
2026-08-26T16:57:00+00:00,337.39,337.66,337.38,337.41,483
2026-08-26T17:00:00+00:00,337.41,337.7,337.32,337.45,390
2026-08-26T17:03:00+00:00,337.45,337.71,337.36,337.65,315
2026-08-26T17:06:00+00:00,337.65,337.94,337.6,337.88,289
2026-08-26T17:09:00+00:00,337.88,338.07,337.73,337.8,375
2026-08-26T17:12:00+00:00,337.8,338.17,337.73,337.91,350
2026-08-26T17:15:00+00:00,337.91,338.32,337.91,338.26,255
2026-08-26T17:18:00+00:00,338.26,338.37,338.02,338.11,212
2026-08-26T17:21:00+00:00,338.11,338.27,338.08,338.19,165
2026-08-26T17:24:00+00:00,338.19,338.25,338.1,338.14,173
2026-08-26T17:27:00+00:00,338.14,338.24,337.88,338.02,212
2026-08-26T17:30:00+00:00,338.02,338.19,337.93,338,227
2026-08-26T17:33:00+00:00,338,338.2,337.95,338.18,167
2026-08-26T17:36:00+00:00,338.18,338.2,338.08,338.09,119
2026-08-26T17:39:00+00:00,338.09,338.4,337.99,338.27,182
2026-08-26T17:42:00+00:00,338.27,338.36,338.23,338.28,128
2026-08-26T17:45:00+00:00,338.28,338.3,338.05,338.15,193
2026-08-26T17:48:00+00:00,338.15,338.3,338.05,338.22,189
2026-08-26T17:51:00+00:00,338.22,338.42,338.12,338.36,128
2026-08-26T17:54:00+00:00,338.36,338.44,338.17,338.21,170
2026-08-26T17:57:00+00:00,338.21,338.39,338.18,338.31,192
2026-08-26T18:00:00+00:00,338.31,338.43,338.23,338.32,226
2026-08-26T18:03:00+00:00,338.32,338.47,338.28,338.4,287
2026-08-26T18:06:00+00:00,338.4,338.63,338.32,338.57,184
2026-08-26T18:09:00+00:00,338.57,338.58,338.28,338.33,279
2026-08-26T18:12:00+00:00,338.33,338.34,338.13,338.13,227
2026-08-26T18:15:00+00:00,338.13,338.26,338.13,338.14,247
2026-08-26T18:18:00+00:00,338.14,338.53,338.13,338.45,283
2026-08-26T18:21:00+00:00,338.45,338.53,338.3,338.38,249
2026-08-26T18:24:00+00:00,338.38,338.47,338.28,338.3,292
2026-08-26T18:27:00+00:00,338.3,338.36,338.25,338.26,216
2026-08-26T18:30:00+00:00,338.26,338.29,338.13,338.21,222
2026-08-26T18:33:00+00:00,338.21,338.29,338.02,338.1,280
2026-08-26T18:36:00+00:00,338.1,338.16,338.03,338.05,218
2026-08-26T18:39:00+00:00,338.05,338.29,338.04,338.25,260
2026-08-26T18:42:00+00:00,338.25,338.36,338.24,338.28,175
2026-08-26T18:45:00+00:00,338.28,338.57,338.28,338.49,328
2026-08-26T18:48:00+00:00,338.49,338.55,338.32,338.48,152
2026-08-26T18:51:00+00:00,338.48,338.71,338.43,338.68,163
2026-08-26T18:54:00+00:00,338.68,338.71,338.4,338.42,165
2026-08-26T18:57:00+00:00,338.42,338.63,338.42,338.57,133
2026-08-26T19:00:00+00:00,338.57,338.87,338.49,338.75,332
2026-08-26T19:03:00+00:00,338.75,338.87,338.68,338.76,180
2026-08-26T19:06:00+00:00,338.76,338.86,338.7,338.73,143
2026-08-26T19:09:00+00:00,338.73,338.8,338.63,338.73,182
2026-08-26T19:12:00+00:00,338.73,338.79,338.52,338.59,220
2026-08-26T19:15:00+00:00,338.59,338.65,338.49,338.58,212
2026-08-26T19:18:00+00:00,338.58,338.78,338.45,338.5,188
2026-08-26T19:21:00+00:00,338.5,338.54,338.34,338.4,171
2026-08-26T19:24:00+00:00,338.4,338.52,338.34,338.5,159
2026-08-26T19:27:00+00:00,338.5,338.52,338.28,338.28,246
2026-08-26T19:30:00+00:00,338.28,338.53,338.28,338.46,323
2026-08-26T19:33:00+00:00,338.46,338.79,338.45,338.72,299
2026-08-26T19:36:00+00:00,338.72,339.02,338.61,338.98,203
2026-08-26T19:39:00+00:00,338.98,339.1,338.79,338.98,238
2026-08-26T19:42:00+00:00,338.98,339.18,338.88,339.13,210
2026-08-26T19:45:00+00:00,339.13,339.38,339.08,339.16,253
2026-08-26T19:48:00+00:00,339.16,339.36,339.08,339.16,285
2026-08-26T19:51:00+00:00,339.16,339.18,338.82,338.9,400
2026-08-26T19:54:00+00:00,338.9,339.1,338.2,338.97,555
2026-08-26T19:57:00+00:00,338.97,339.16,338.48,339.13,759
2026-08-27T13:30:00+00:00,339.13,339.13,335.23,336.11,486
2026-08-27T13:33:00+00:00,336.11,337.07,335.5,336.68,437
2026-08-27T13:36:00+00:00,336.68,336.83,335.74,335.77,591
2026-08-27T13:39:00+00:00,335.77,336.33,335.48,336.18,614
2026-08-27T13:42:00+00:00,336.18,338.09,336.06,337.54,684
2026-08-27T13:45:00+00:00,337.54,338.46,337.15,337.54,612
2026-08-27T13:48:00+00:00,337.54,338.04,336.71,337.2,666
2026-08-27T13:51:00+00:00,337.2,337.94,337.01,337.7,465
2026-08-27T13:54:00+00:00,337.7,338.15,337.26,337.38,500
2026-08-27T13:57:00+00:00,337.38,337.41,336.88,337.13,745
2026-08-27T14:00:00+00:00,337.13,337.22,336.48,336.57,604
2026-08-27T14:03:00+00:00,336.57,337.43,336.57,337,534
2026-08-27T14:06:00+00:00,337,337.35,336.7,337.03,547
2026-08-27T14:09:00+00:00,337.03,337.55,337.02,337.14,529
2026-08-27T14:12:00+00:00,337.14,337.18,336.73,336.82,564
2026-08-27T14:15:00+00:00,336.82,337.11,336.59,336.68,491
2026-08-27T14:18:00+00:00,336.68,336.8,336.28,336.59,410
2026-08-27T14:21:00+00:00,336.59,336.7,336.26,336.51,414
2026-08-27T14:24:00+00:00,336.51,336.66,336.2,336.57,375
2026-08-27T14:27:00+00:00,336.57,336.86,336.57,336.86,328
2026-08-27T14:30:00+00:00,336.86,336.91,336.41,336.41,353
2026-08-27T14:33:00+00:00,336.41,336.46,336.12,336.24,417
2026-08-27T14:36:00+00:00,336.24,336.37,336.01,336.23,355
2026-08-27T14:39:00+00:00,336.23,336.35,336.01,336.15,422
2026-08-27T14:42:00+00:00,336.15,336.33,335.98,336.29,365
2026-08-27T14:45:00+00:00,336.29,336.71,336.18,336.49,372
2026-08-27T14:48:00+00:00,336.49,337.06,336.42,336.68,462
2026-08-27T14:51:00+00:00,336.68,337.26,336.63,337.14,487
2026-08-27T14:54:00+00:00,337.14,337.78,337.09,337.63,314
2026-08-27T14:57:00+00:00,337.63,337.98,337.58,337.79,494
2026-08-27T15:00:00+00:00,337.79,337.8,337.04,337.24,777
2026-08-27T15:03:00+00:00,337.24,337.39,336.96,337.16,634
2026-08-27T15:06:00+00:00,337.16,337.18,336.69,336.74,432
2026-08-27T15:09:00+00:00,336.74,337.96,336.74,337.6,500
2026-08-27T15:12:00+00:00,337.6,337.77,337.21,337.58,528
2026-08-27T15:15:00+00:00,337.58,337.87,337.43,337.76,523
2026-08-27T15:18:00+00:00,337.76,338.4,337.74,337.89,399
2026-08-27T15:21:00+00:00,337.89,338.08,337.81,337.92,424
2026-08-27T15:24:00+00:00,337.92,338.24,337.79,338.15,358
2026-08-27T15:27:00+00:00,338.15,338.23,337.47,337.6,387
2026-08-27T15:30:00+00:00,337.6,337.64,337.16,337.47,387
2026-08-27T15:33:00+00:00,337.47,337.76,337.37,337.47,315
2026-08-27T15:36:00+00:00,337.47,337.83,337.41,337.63,352
2026-08-27T15:39:00+00:00,337.63,337.91,337.61,337.78,312
2026-08-27T15:42:00+00:00,337.78,337.84,337.38,337.44,263
2026-08-27T15:45:00+00:00,337.44,337.68,337.38,337.43,375
2026-08-27T15:48:00+00:00,337.43,337.63,337.15,337.44,380
2026-08-27T15:51:00+00:00,337.44,337.61,337.29,337.48,228
2026-08-27T15:54:00+00:00,337.48,337.95,337.47,337.82,312
2026-08-27T15:57:00+00:00,337.82,337.96,337.56,337.68,282
2026-08-27T16:00:00+00:00,337.68,337.68,337.24,337.47,268
2026-08-27T16:03:00+00:00,337.47,337.81,337.4,337.58,223
2026-08-27T16:06:00+00:00,337.58,337.82,337.58,337.59,177
2026-08-27T16:09:00+00:00,337.59,338,337.58,337.82,176
2026-08-27T16:12:00+00:00,337.82,338.19,337.81,338.19,222
2026-08-27T16:15:00+00:00,338.19,338.21,337.88,338.09,229
2026-08-27T16:18:00+00:00,338.09,338.31,337.93,338.09,217
2026-08-27T16:21:00+00:00,338.09,338.09,337.83,337.95,164
2026-08-27T16:24:00+00:00,337.95,338.22,337.83,338.03,248
2026-08-27T16:27:00+00:00,338.03,338.3,337.99,338.29,181
2026-08-27T16:30:00+00:00,338.29,338.65,338.27,338.51,168
2026-08-27T16:33:00+00:00,338.51,338.57,338.25,338.29,220
2026-08-27T16:36:00+00:00,338.29,338.47,338.26,338.33,179
2026-08-27T16:39:00+00:00,338.33,338.46,338.12,338.15,183
2026-08-27T16:42:00+00:00,338.15,338.52,338.13,338.37,267
2026-08-27T16:45:00+00:00,338.37,338.57,338.01,338.01,263
2026-08-27T16:48:00+00:00,338.01,338.33,338.01,338.15,237
2026-08-27T16:51:00+00:00,338.15,338.19,337.42,337.62,301
2026-08-27T16:54:00+00:00,337.62,337.95,337.49,337.56,227
2026-08-27T16:57:00+00:00,337.56,337.72,337.48,337.72,215
2026-08-27T17:00:00+00:00,337.72,337.9,337.48,337.78,250
2026-08-27T17:03:00+00:00,337.78,338.1,337.77,337.78,266
2026-08-27T17:06:00+00:00,337.78,337.87,337.5,337.79,154
2026-08-27T17:09:00+00:00,337.79,338.07,337.74,337.89,184
2026-08-27T17:12:00+00:00,337.89,338.34,337.87,338.27,152
2026-08-27T17:15:00+00:00,338.27,338.37,337.88,337.89,170
2026-08-27T17:18:00+00:00,337.89,337.89,337.58,337.67,169
2026-08-27T17:21:00+00:00,337.67,337.88,337.62,337.83,154
2026-08-27T17:24:00+00:00,337.83,338.03,337.63,337.72,195
2026-08-27T17:27:00+00:00,337.72,338.02,337.7,337.86,216
2026-08-27T17:30:00+00:00,337.86,338.06,337.69,338.04,256
2026-08-27T17:33:00+00:00,338.04,338.09,337.85,338.05,129
2026-08-27T17:36:00+00:00,338.05,338.32,337.91,338.14,138
2026-08-27T17:39:00+00:00,338.14,338.33,338.03,338.2,204
2026-08-27T17:42:00+00:00,338.2,338.38,338.03,338.04,178
2026-08-27T17:45:00+00:00,338.04,338.17,337.79,337.79,232
2026-08-27T17:48:00+00:00,337.79,337.8,337.63,337.64,166
2026-08-27T17:51:00+00:00,337.64,337.64,337.28,337.31,211
2026-08-27T17:54:00+00:00,337.31,337.72,337.28,337.61,330
2026-08-27T17:57:00+00:00,337.61,337.82,337.6,337.68,247
2026-08-27T18:00:00+00:00,337.68,338.32,337.68,338.11,426
2026-08-27T18:03:00+00:00,338.11,338.21,337.9,337.98,318
2026-08-27T18:06:00+00:00,337.98,338.1,337.68,337.7,314
2026-08-27T18:09:00+00:00,337.7,337.78,337.52,337.53,320
2026-08-27T18:12:00+00:00,337.53,337.56,337.28,337.38,244
2026-08-27T18:15:00+00:00,337.38,337.48,337.18,337.44,207
2026-08-27T18:18:00+00:00,337.44,337.8,337.38,337.73,236
2026-08-27T18:21:00+00:00,337.73,337.86,337.55,337.57,208
2026-08-27T18:24:00+00:00,337.57,337.68,337.32,337.42,174
2026-08-27T18:27:00+00:00,337.42,337.48,337.19,337.33,306
2026-08-27T18:30:00+00:00,337.33,337.73,337.3,337.46,249
2026-08-27T18:33:00+00:00,337.46,337.54,337.24,337.4,250
2026-08-27T18:36:00+00:00,337.4,337.6,337.38,337.52,219
2026-08-27T18:39:00+00:00,337.52,337.56,337.38,337.38,236
2026-08-27T18:42:00+00:00,337.38,337.44,337.28,337.3,187
2026-08-27T18:45:00+00:00,337.3,337.57,337.28,337.51,174
2026-08-27T18:48:00+00:00,337.51,337.71,337.38,337.41,226
2026-08-27T18:51:00+00:00,337.41,337.6,337.29,337.41,237
2026-08-27T18:54:00+00:00,337.41,337.64,337.4,337.41,337
2026-08-27T18:57:00+00:00,337.41,337.69,337.4,337.41,278
2026-08-27T19:00:00+00:00,337.41,337.56,337.3,337.37,201
2026-08-27T19:03:00+00:00,337.37,337.71,337.35,337.38,268
2026-08-27T19:06:00+00:00,337.38,337.55,337.23,337.5,276
2026-08-27T19:09:00+00:00,337.5,337.62,337.33,337.33,280
2026-08-27T19:12:00+00:00,337.33,337.6,337.25,337.51,185
2026-08-27T19:15:00+00:00,337.51,337.55,337.28,337.28,118
2026-08-27T19:18:00+00:00,337.28,337.47,337.25,337.3,154
2026-08-27T19:21:00+00:00,337.3,337.32,337.16,337.27,161
2026-08-27T19:24:00+00:00,337.27,337.51,337.2,337.31,162
2026-08-27T19:27:00+00:00,337.31,337.37,337.13,337.28,175
2026-08-27T19:30:00+00:00,337.28,337.51,337.23,337.37,186
2026-08-27T19:33:00+00:00,337.37,337.47,337.29,337.3,174
2026-08-27T19:36:00+00:00,337.3,337.36,337.13,337.19,163
2026-08-27T19:39:00+00:00,337.19,337.23,337.02,337.15,152
2026-08-27T19:42:00+00:00,337.15,337.58,337.15,337.41,211
2026-08-27T19:45:00+00:00,337.41,337.78,337.36,337.62,182
2026-08-27T19:48:00+00:00,337.62,337.9,337.49,337.67,278
2026-08-27T19:51:00+00:00,337.67,337.8,337.57,337.78,263
2026-08-27T19:54:00+00:00,337.78,337.92,337.05,337.34,446
2026-08-27T19:57:00+00:00,337.34,337.54,337.2,337.4,720
2026-08-28T13:30:00+00:00,337.4,339.5,336.88,339.32,873
2026-08-28T13:33:00+00:00,339.32,339.79,338.48,338.92,621
2026-08-28T13:36:00+00:00,338.92,339.39,338.32,338.61,539
2026-08-28T13:39:00+00:00,338.61,339.19,338.4,339.19,481
2026-08-28T13:42:00+00:00,339.19,339.6,338.88,339.5,533
2026-08-28T13:45:00+00:00,339.5,339.77,339.25,339.52,602
2026-08-28T13:48:00+00:00,339.52,339.77,339.25,339.27,686
2026-08-28T13:51:00+00:00,339.27,340.33,339.25,339.86,648
2026-08-28T13:54:00+00:00,339.86,340.26,339.56,340.16,603
2026-08-28T13:57:00+00:00,340.16,340.44,339.88,340.08,486
2026-08-28T14:00:00+00:00,340.08,341.07,339.55,340.79,839
2026-08-28T14:03:00+00:00,340.79,340.99,339.03,339.22,747
2026-08-28T14:06:00+00:00,339.22,339.92,339.22,339.83,819
2026-08-28T14:09:00+00:00,339.83,340.47,339.73,340.1,945
2026-08-28T14:12:00+00:00,340.1,340.2,339.4,339.7,756
2026-08-28T14:15:00+00:00,339.7,339.79,339.07,339.43,799
2026-08-28T14:18:00+00:00,339.43,339.9,339.26,339.72,649
2026-08-28T14:21:00+00:00,339.72,340.55,339.68,340.15,640
2026-08-28T14:24:00+00:00,340.15,340.2,339.39,339.81,701
2026-08-28T14:27:00+00:00,339.81,340.17,339.48,340.02,728
2026-08-28T14:30:00+00:00,340.02,340.18,339.62,339.75,642
2026-08-28T14:33:00+00:00,339.75,340.39,339.65,340.14,556
2026-08-28T14:36:00+00:00,340.14,340.28,339.88,340.24,485
2026-08-28T14:39:00+00:00,340.24,341.1,340.11,340.85,518
2026-08-28T14:42:00+00:00,340.85,342.13,340.85,342.01,595
2026-08-28T14:45:00+00:00,342.01,342.62,341.69,342.5,719
2026-08-28T14:48:00+00:00,342.5,343.42,342.5,343.31,463
2026-08-28T14:51:00+00:00,343.31,344.1,343.12,343.95,630
2026-08-28T14:54:00+00:00,343.95,344.24,342.89,343.57,654
2026-08-28T14:57:00+00:00,343.57,343.98,343.44,343.59,523
2026-08-28T15:00:00+00:00,343.59,344.6,343.41,344.29,652
2026-08-28T15:03:00+00:00,344.29,345.2,344.29,344.69,618
2026-08-28T15:06:00+00:00,344.69,345.29,344.31,344.4,613
2026-08-28T15:09:00+00:00,344.4,344.77,343.78,343.95,455
2026-08-28T15:12:00+00:00,343.95,344.04,343.2,343.49,496
2026-08-28T15:15:00+00:00,343.49,344.31,343.41,343.71,537
2026-08-28T15:18:00+00:00,343.71,343.81,343.02,343.57,331
2026-08-28T15:21:00+00:00,343.57,343.75,343.1,343.67,347
2026-08-28T15:24:00+00:00,343.67,344.18,343.67,344.11,319
2026-08-28T15:27:00+00:00,344.11,344.8,344,344.75,454
2026-08-28T15:30:00+00:00,344.75,344.88,344.22,344.55,419
2026-08-28T15:33:00+00:00,344.55,344.96,344.47,344.91,289
2026-08-28T15:36:00+00:00,344.91,344.96,344.15,344.24,331
2026-08-28T15:39:00+00:00,344.24,344.24,343.36,343.88,456
2026-08-28T15:42:00+00:00,343.88,343.89,343.32,343.55,442
2026-08-28T15:45:00+00:00,343.55,344.41,343.49,344.31,447
2026-08-28T15:48:00+00:00,344.31,344.46,343.89,344.09,533
2026-08-28T15:51:00+00:00,344.09,344.15,343.46,343.51,413
2026-08-28T15:54:00+00:00,343.51,343.91,342.96,342.96,524
2026-08-28T15:57:00+00:00,342.96,343.17,342.78,343.01,411
2026-08-28T16:00:00+00:00,343.01,343.18,342.46,342.71,481
2026-08-28T16:03:00+00:00,342.71,342.99,342.38,342.45,442
2026-08-28T16:06:00+00:00,342.45,343.3,342.43,343.3,341
2026-08-28T16:09:00+00:00,343.3,343.44,342.99,343.34,377
2026-08-28T16:12:00+00:00,343.34,343.8,343.18,343.64,348
2026-08-28T16:15:00+00:00,343.64,343.88,343.09,343.1,354
2026-08-28T16:18:00+00:00,343.1,343.27,342.51,342.55,427
2026-08-28T16:21:00+00:00,342.55,342.72,341.94,342.03,482
2026-08-28T16:24:00+00:00,342.03,342.54,341.68,342.4,426
2026-08-28T16:27:00+00:00,342.4,342.77,342.37,342.7,314
2026-08-28T16:30:00+00:00,342.7,343.35,342.54,343.35,402
2026-08-28T16:33:00+00:00,343.35,343.35,342.62,342.62,332
2026-08-28T16:36:00+00:00,342.62,343.04,342.49,342.76,296
2026-08-28T16:39:00+00:00,342.76,342.92,342.48,342.48,329
2026-08-28T16:42:00+00:00,342.48,342.54,342.28,342.35,213
2026-08-28T16:45:00+00:00,342.35,342.77,342.3,342.59,273
2026-08-28T16:48:00+00:00,342.59,342.59,342.06,342.15,289
2026-08-28T16:51:00+00:00,342.15,342.38,341.98,341.99,183
2026-08-28T16:54:00+00:00,341.99,342.25,341.68,341.77,328
2026-08-28T16:57:00+00:00,341.77,342.07,341.7,341.7,338
2026-08-28T17:00:00+00:00,341.7,342.16,341.38,342.1,407
2026-08-28T17:03:00+00:00,342.1,342.4,342.03,342.12,257
2026-08-28T17:06:00+00:00,342.12,342.28,342.01,342.11,266
2026-08-28T17:09:00+00:00,342.11,342.13,341.74,341.91,323
2026-08-28T17:12:00+00:00,341.91,342.35,341.9,342.27,234
2026-08-28T17:15:00+00:00,342.27,342.42,342.15,342.37,276
2026-08-28T17:18:00+00:00,342.37,342.6,342.18,342.27,318
2026-08-28T17:21:00+00:00,342.27,342.39,342.18,342.22,287
2026-08-28T17:24:00+00:00,342.22,342.57,342.19,342.41,308
2026-08-28T17:27:00+00:00,342.41,342.93,342.41,342.7,289
2026-08-28T17:30:00+00:00,342.7,342.85,342.45,342.59,305
2026-08-28T17:33:00+00:00,342.59,342.78,342.55,342.65,280
2026-08-28T17:36:00+00:00,342.65,342.69,342.25,342.44,292
2026-08-28T17:39:00+00:00,342.44,342.46,341.93,342.19,255
2026-08-28T17:42:00+00:00,342.19,342.79,342.19,342.67,276
2026-08-28T17:45:00+00:00,342.67,342.84,342.44,342.59,255
2026-08-28T17:48:00+00:00,342.59,342.97,342.56,342.77,202
2026-08-28T17:51:00+00:00,342.77,342.89,342.65,342.66,202
2026-08-28T17:54:00+00:00,342.66,342.75,342.51,342.72,182
2026-08-28T17:57:00+00:00,342.72,342.99,342.64,342.88,279
2026-08-28T18:00:00+00:00,342.88,343.11,342.69,343.05,240
2026-08-28T18:03:00+00:00,343.05,343.37,343.04,343.09,280
2026-08-28T18:06:00+00:00,343.09,343.29,342.96,343.27,228
2026-08-28T18:09:00+00:00,343.27,343.44,342.97,343.02,265
2026-08-28T18:12:00+00:00,343.02,343.29,343.01,343.09,251
2026-08-28T18:15:00+00:00,343.09,343.2,342.89,342.95,260
2026-08-28T18:18:00+00:00,342.95,343.32,342.9,343.3,194
2026-08-28T18:21:00+00:00,343.3,343.35,342.78,342.8,229
2026-08-28T18:24:00+00:00,342.8,342.88,342.4,342.4,305
2026-08-28T18:27:00+00:00,342.4,342.64,342.38,342.44,236
2026-08-28T18:30:00+00:00,342.44,342.83,342.38,342.65,242
2026-08-28T18:33:00+00:00,342.65,342.8,342.51,342.7,200
2026-08-28T18:36:00+00:00,342.7,342.75,342.49,342.61,281
2026-08-28T18:39:00+00:00,342.61,342.83,342.52,342.59,248
2026-08-28T18:42:00+00:00,342.59,343.13,342.57,343.08,249
2026-08-28T18:45:00+00:00,343.08,343.3,343,343,223
2026-08-28T18:48:00+00:00,343,343.08,342.71,342.81,348
2026-08-28T18:51:00+00:00,342.81,343.13,342.71,343.13,459
2026-08-28T18:54:00+00:00,343.13,343.51,343.07,343.3,404
2026-08-28T18:57:00+00:00,343.3,343.32,343.08,343.18,217
2026-08-28T19:00:00+00:00,343.18,343.51,343.06,343.46,258
2026-08-28T19:03:00+00:00,343.46,343.78,343.32,343.75,294
2026-08-28T19:06:00+00:00,343.75,343.94,343.57,343.78,185
2026-08-28T19:09:00+00:00,343.78,344.33,343.78,343.96,281
2026-08-28T19:12:00+00:00,343.96,344.18,343.77,343.79,240
2026-08-28T19:15:00+00:00,343.79,344.04,343.6,343.67,264
2026-08-28T19:18:00+00:00,343.67,343.71,343.49,343.67,212
2026-08-28T19:21:00+00:00,343.67,343.98,343.6,343.64,242
2026-08-28T19:24:00+00:00,343.64,344.05,343.63,343.86,176
2026-08-28T19:27:00+00:00,343.86,343.99,343.74,343.87,169
2026-08-28T19:30:00+00:00,343.87,343.98,343.7,343.91,294
2026-08-28T19:33:00+00:00,343.91,343.91,343.65,343.69,210
2026-08-28T19:36:00+00:00,343.69,343.79,343.37,343.54,259
2026-08-28T19:39:00+00:00,343.54,343.85,343.46,343.66,230
2026-08-28T19:42:00+00:00,343.66,344.08,343.66,343.91,277
2026-08-28T19:45:00+00:00,343.91,343.93,343.24,343.27,470
2026-08-28T19:48:00+00:00,343.27,343.73,343.24,343.69,501
2026-08-28T19:51:00+00:00,343.69,343.72,343.37,343.38,417
2026-08-28T19:54:00+00:00,343.38,343.7,342.53,343.16,693
2026-08-28T19:57:00+00:00,343.16,343.16,342.25,342.56,925
2026-08-31T13:30:00+00:00,342.56,342.56,337.98,338.15,553
2026-08-31T13:33:00+00:00,338.15,338.92,337.35,338.57,489
2026-08-31T13:36:00+00:00,338.57,339.09,337.3,337.4,544
2026-08-31T13:39:00+00:00,337.4,338.05,337.08,337.22,465
2026-08-31T13:42:00+00:00,337.22,337.51,336.68,336.8,454
2026-08-31T13:45:00+00:00,336.8,336.91,336.38,336.85,664
2026-08-31T13:48:00+00:00,336.85,337.19,336.71,337.13,617
2026-08-31T13:51:00+00:00,337.13,337.62,337.12,337.47,495
2026-08-31T13:54:00+00:00,337.47,337.55,336.94,337.06,522
2026-08-31T13:57:00+00:00,337.06,337.19,336.54,336.63,425
2026-08-31T14:00:00+00:00,336.63,336.69,335.89,336,751
2026-08-31T14:03:00+00:00,336,336.1,335.37,335.56,551
2026-08-31T14:06:00+00:00,335.56,335.64,335.01,335.21,483
2026-08-31T14:09:00+00:00,335.21,335.3,334.4,334.85,537
2026-08-31T14:12:00+00:00,334.85,334.85,333.48,333.75,596
2026-08-31T14:15:00+00:00,333.75,334.26,333.68,334.24,651
2026-08-31T14:18:00+00:00,334.24,334.6,334.14,334.21,389
2026-08-31T14:21:00+00:00,334.21,334.4,333.72,333.85,395
2026-08-31T14:24:00+00:00,333.85,333.87,333.29,333.6,489
2026-08-31T14:27:00+00:00,333.6,333.74,333.39,333.66,426
2026-08-31T14:30:00+00:00,333.66,333.87,333.49,333.73,378
2026-08-31T14:33:00+00:00,333.73,334.15,333.69,333.99,410
2026-08-31T14:36:00+00:00,333.99,334.41,333.98,334.21,401
2026-08-31T14:39:00+00:00,334.21,334.55,334.21,334.31,416
2026-08-31T14:42:00+00:00,334.31,334.58,334.28,334.28,358
2026-08-31T14:45:00+00:00,334.28,334.32,333.96,333.97,364
2026-08-31T14:48:00+00:00,333.97,334.17,333.69,333.87,385
2026-08-31T14:51:00+00:00,333.87,333.92,333.57,333.65,350
2026-08-31T14:54:00+00:00,333.65,334.22,333.64,334.13,364
2026-08-31T14:57:00+00:00,334.13,334.31,334.03,334.08,377
2026-08-31T15:00:00+00:00,334.08,334.47,333.94,333.98,513
2026-08-31T15:03:00+00:00,333.98,334.67,333.83,334.63,491
2026-08-31T15:06:00+00:00,334.63,335.04,334.55,334.68,492
2026-08-31T15:09:00+00:00,334.68,335.05,334.47,334.89,388
2026-08-31T15:12:00+00:00,334.89,335,334.78,334.89,293
2026-08-31T15:15:00+00:00,334.89,335.19,334.78,334.87,254
2026-08-31T15:18:00+00:00,334.87,334.95,334.78,334.81,261
2026-08-31T15:21:00+00:00,334.81,335.11,334.78,335.04,274
2026-08-31T15:24:00+00:00,335.04,335.22,334.98,335.08,275
2026-08-31T15:27:00+00:00,335.08,335.08,334.7,334.8,388
2026-08-31T15:30:00+00:00,334.8,334.8,334.14,334.23,440
2026-08-31T15:33:00+00:00,334.23,334.62,334.16,334.6,407
2026-08-31T15:36:00+00:00,334.6,334.69,334.53,334.57,288
2026-08-31T15:39:00+00:00,334.57,334.91,334.54,334.91,321
2026-08-31T15:42:00+00:00,334.91,335.03,334.68,334.73,334
2026-08-31T15:45:00+00:00,334.73,334.9,334.58,334.6,266
2026-08-31T15:48:00+00:00,334.6,334.86,334.58,334.84,292
2026-08-31T15:51:00+00:00,334.84,335.03,334.79,334.95,288
2026-08-31T15:54:00+00:00,334.95,335.02,334.62,334.63,304
2026-08-31T15:57:00+00:00,334.63,334.75,334.34,334.4,284
2026-08-31T16:00:00+00:00,334.4,334.43,334.14,334.22,314
2026-08-31T16:03:00+00:00,334.22,334.35,334.13,334.14,224
2026-08-31T16:06:00+00:00,334.14,334.5,334.13,334.38,232
2026-08-31T16:09:00+00:00,334.38,334.68,334.29,334.68,258
2026-08-31T16:12:00+00:00,334.68,334.87,334.61,334.77,277
2026-08-31T16:15:00+00:00,334.77,334.83,334.38,334.4,248
2026-08-31T16:18:00+00:00,334.4,334.56,334.29,334.51,197
2026-08-31T16:21:00+00:00,334.51,334.59,334.22,334.22,260
2026-08-31T16:24:00+00:00,334.22,334.45,334.18,334.43,203
2026-08-31T16:27:00+00:00,334.43,334.68,334.38,334.49,250
2026-08-31T16:30:00+00:00,334.49,334.57,334.11,334.13,293
2026-08-31T16:33:00+00:00,334.13,334.34,334.12,334.25,177
2026-08-31T16:36:00+00:00,334.25,334.45,334.11,334.17,311
2026-08-31T16:39:00+00:00,334.17,334.26,334.09,334.25,205
2026-08-31T16:42:00+00:00,334.25,334.43,334.18,334.19,209
2026-08-31T16:45:00+00:00,334.19,334.32,334.11,334.29,175
2026-08-31T16:48:00+00:00,334.29,334.52,334.27,334.51,244
2026-08-31T16:51:00+00:00,334.51,334.65,334.51,334.62,172
2026-08-31T16:54:00+00:00,334.62,334.74,334.5,334.69,220
2026-08-31T16:57:00+00:00,334.69,334.79,334.55,334.58,262
2026-08-31T17:00:00+00:00,334.58,334.63,334.45,334.54,220
2026-08-31T17:03:00+00:00,334.54,334.79,334.48,334.67,206
2026-08-31T17:06:00+00:00,334.67,334.77,334.35,334.38,190
2026-08-31T17:09:00+00:00,334.38,334.55,334.37,334.55,134
2026-08-31T17:12:00+00:00,334.55,334.94,334.52,334.87,217
2026-08-31T17:15:00+00:00,334.87,335.11,334.76,334.87,208
2026-08-31T17:18:00+00:00,334.87,334.97,334.72,334.76,213
2026-08-31T17:21:00+00:00,334.76,334.8,334.62,334.73,194
2026-08-31T17:24:00+00:00,334.73,334.84,334.58,334.6,180
2026-08-31T17:27:00+00:00,334.6,334.63,334.51,334.54,202
2026-08-31T17:30:00+00:00,334.54,334.54,334.38,334.42,217
2026-08-31T17:33:00+00:00,334.42,334.51,334.33,334.47,223
2026-08-31T17:36:00+00:00,334.47,334.61,334.33,334.34,250
2026-08-31T17:39:00+00:00,334.34,334.67,334.34,334.67,264
2026-08-31T17:42:00+00:00,334.67,334.9,334.63,334.87,225
2026-08-31T17:45:00+00:00,334.87,334.93,334.74,334.9,222
2026-08-31T17:48:00+00:00,334.9,335.01,334.68,334.99,233
2026-08-31T17:51:00+00:00,334.99,335.06,334.69,334.84,179
2026-08-31T17:54:00+00:00,334.84,334.88,334.63,334.66,176
2026-08-31T17:57:00+00:00,334.66,334.7,334.5,334.57,181
2026-08-31T18:00:00+00:00,334.57,334.57,334.2,334.39,407
2026-08-31T18:03:00+00:00,334.39,334.74,334.37,334.64,245
2026-08-31T18:06:00+00:00,334.64,334.87,334.58,334.87,198
2026-08-31T18:09:00+00:00,334.87,334.93,334.56,334.58,139
2026-08-31T18:12:00+00:00,334.58,334.81,334.54,334.68,191
2026-08-31T18:15:00+00:00,334.68,335,334.68,334.8,199
2026-08-31T18:18:00+00:00,334.8,334.89,334.78,334.79,125
2026-08-31T18:21:00+00:00,334.79,334.87,334.58,334.68,167
2026-08-31T18:24:00+00:00,334.68,334.77,334.28,334.35,201
2026-08-31T18:27:00+00:00,334.35,334.44,334.28,334.35,245
2026-08-31T18:30:00+00:00,334.35,334.47,334.31,334.41,287
2026-08-31T18:33:00+00:00,334.41,334.56,334.33,334.39,250
2026-08-31T18:36:00+00:00,334.39,334.51,334.23,334.25,354
2026-08-31T18:39:00+00:00,334.25,334.43,334.23,334.29,376
2026-08-31T18:42:00+00:00,334.29,334.43,334.2,334.39,416
2026-08-31T18:45:00+00:00,334.39,334.61,334.39,334.44,408
2026-08-31T18:48:00+00:00,334.44,334.73,334.44,334.55,313
2026-08-31T18:51:00+00:00,334.55,334.94,334.54,334.74,352
2026-08-31T18:54:00+00:00,334.74,334.8,334.6,334.79,318
2026-08-31T18:57:00+00:00,334.79,334.84,334.66,334.67,220
2026-08-31T19:00:00+00:00,334.67,334.72,334.52,334.65,468
2026-08-31T19:03:00+00:00,334.65,334.81,334.51,334.71,291
2026-08-31T19:06:00+00:00,334.71,335.11,334.66,335.11,262
2026-08-31T19:09:00+00:00,335.11,335.34,335.05,335.11,271
2026-08-31T19:12:00+00:00,335.11,335.18,334.96,335.06,254
2026-08-31T19:15:00+00:00,335.06,335.17,334.88,334.9,230
2026-08-31T19:18:00+00:00,334.9,334.92,334.68,334.71,164
2026-08-31T19:21:00+00:00,334.71,334.97,334.69,334.8,164
2026-08-31T19:24:00+00:00,334.8,334.91,334.74,334.85,199
2026-08-31T19:27:00+00:00,334.85,334.98,334.84,334.93,205
2026-08-31T19:30:00+00:00,334.93,334.93,334.68,334.8,274
2026-08-31T19:33:00+00:00,334.8,335.04,334.73,334.95,278
2026-08-31T19:36:00+00:00,334.95,335.13,334.88,334.91,213
2026-08-31T19:39:00+00:00,334.91,335.11,334.88,335.07,237
2026-08-31T19:42:00+00:00,335.07,335.44,335.05,335.28,340
2026-08-31T19:45:00+00:00,335.28,335.37,335.04,335.18,342
2026-08-31T19:48:00+00:00,335.18,337.54,335.01,336.14,668
2026-08-31T19:51:00+00:00,336.14,336.59,335.56,335.66,630
2026-08-31T19:54:00+00:00,335.66,336.23,335.19,335.71,923
2026-08-31T19:57:00+00:00,335.71,335.81,334.97,335.61,1263
2026-09-01T13:30:00+00:00,335.61,335.61,329.14,329.91,966
2026-09-01T13:33:00+00:00,329.91,331.75,329.39,331.56,787
2026-09-01T13:36:00+00:00,331.56,331.87,331.14,331.63,807
2026-09-01T13:39:00+00:00,331.63,331.69,331.08,331.09,986
2026-09-01T13:42:00+00:00,331.09,332.63,330.98,332.36,612
2026-09-01T13:45:00+00:00,332.36,333.24,332.18,333,898
2026-09-01T13:48:00+00:00,333,333.47,332.83,333.1,775
2026-09-01T13:51:00+00:00,333.1,333.57,333.08,333.31,709
2026-09-01T13:54:00+00:00,333.31,333.5,332.8,332.8,615
2026-09-01T13:57:00+00:00,332.8,333.31,332.58,332.59,566
2026-09-01T14:00:00+00:00,332.59,332.89,332.13,332.14,592
2026-09-01T14:03:00+00:00,332.14,332.78,332.03,332.74,705
2026-09-01T14:06:00+00:00,332.74,332.75,332.38,332.57,600
2026-09-01T14:09:00+00:00,332.57,333.11,332.38,332.94,481
2026-09-01T14:12:00+00:00,332.94,333.39,332.8,333.05,466
2026-09-01T14:15:00+00:00,333.05,333.5,332.97,333.19,421
2026-09-01T14:18:00+00:00,333.19,333.67,333.14,333.29,369
2026-09-01T14:21:00+00:00,333.29,333.38,333.09,333.2,389
2026-09-01T14:24:00+00:00,333.2,333.27,332.83,333.08,549
2026-09-01T14:27:00+00:00,333.08,333.41,332.95,333.06,618
2026-09-01T14:30:00+00:00,333.06,333.48,332.98,333.36,541
2026-09-01T14:33:00+00:00,333.36,333.55,333.09,333.18,574
2026-09-01T14:36:00+00:00,333.18,333.37,332.97,333.16,534
2026-09-01T14:39:00+00:00,333.16,333.61,333.1,333.28,379
2026-09-01T14:42:00+00:00,333.28,333.78,332.96,333.02,526
2026-09-01T14:45:00+00:00,333.02,333.21,332.89,332.99,466
2026-09-01T14:48:00+00:00,332.99,333.21,332.89,333.13,341
2026-09-01T14:51:00+00:00,333.13,333.31,332.89,332.91,280
2026-09-01T14:54:00+00:00,332.91,333.03,332.58,332.81,431
2026-09-01T14:57:00+00:00,332.81,333.06,332.43,333.01,626
2026-09-01T15:00:00+00:00,333.01,333.41,332.61,332.62,617
2026-09-01T15:03:00+00:00,332.62,332.71,332.28,332.37,594
2026-09-01T15:06:00+00:00,332.37,332.73,332.32,332.64,525
2026-09-01T15:09:00+00:00,332.64,333.32,332.63,333.01,611
2026-09-01T15:12:00+00:00,333.01,333.2,332.86,332.87,698
2026-09-01T15:15:00+00:00,332.87,333.1,332.73,332.91,592
2026-09-01T15:18:00+00:00,332.91,333.34,332.91,332.95,563
2026-09-01T15:21:00+00:00,332.95,333.05,332.7,332.82,639
2026-09-01T15:24:00+00:00,332.82,333,332.69,332.69,468
2026-09-01T15:27:00+00:00,332.69,332.96,332.6,332.9,281
2026-09-01T15:30:00+00:00,332.9,332.95,332.57,332.64,254
2026-09-01T15:33:00+00:00,332.64,332.78,332.44,332.65,351
2026-09-01T15:36:00+00:00,332.65,332.9,332.63,332.81,292
2026-09-01T15:39:00+00:00,332.81,333.12,332.68,332.93,383
2026-09-01T15:42:00+00:00,332.93,332.98,332.44,332.5,303
2026-09-01T15:45:00+00:00,332.5,332.88,332.48,332.71,414
2026-09-01T15:48:00+00:00,332.71,332.92,332.43,332.5,321
2026-09-01T15:51:00+00:00,332.5,332.82,332.43,332.74,245
2026-09-01T15:54:00+00:00,332.74,333.1,332.73,332.92,275
2026-09-01T15:57:00+00:00,332.92,332.93,332.63,332.75,324
2026-09-01T16:00:00+00:00,332.75,332.96,332.75,332.87,217
2026-09-01T16:03:00+00:00,332.87,333.24,332.83,333.14,209
2026-09-01T16:06:00+00:00,333.14,333.19,332.78,332.79,322
2026-09-01T16:09:00+00:00,332.79,332.84,332.58,332.67,316
2026-09-01T16:12:00+00:00,332.67,332.75,332.27,332.33,429
2026-09-01T16:15:00+00:00,332.33,332.35,331.91,331.92,414
2026-09-01T16:18:00+00:00,331.92,332.02,331.76,331.79,368
2026-09-01T16:21:00+00:00,331.79,332.39,331.76,332.26,573
2026-09-01T16:24:00+00:00,332.26,332.44,331.83,331.84,537
2026-09-01T16:27:00+00:00,331.84,332.13,331.83,332.05,420
2026-09-01T16:30:00+00:00,332.05,332.28,331.91,332.22,666
2026-09-01T16:33:00+00:00,332.22,332.4,332.06,332.3,472
2026-09-01T16:36:00+00:00,332.3,332.44,332.08,332.31,448
2026-09-01T16:39:00+00:00,332.31,332.45,332.08,332.31,362
2026-09-01T16:42:00+00:00,332.31,332.34,331.93,332.02,293
2026-09-01T16:45:00+00:00,332.02,332.09,331.93,332.01,348
2026-09-01T16:48:00+00:00,332.01,332.1,331.96,331.97,206
2026-09-01T16:51:00+00:00,331.97,332.11,331.89,332.02,186
2026-09-01T16:54:00+00:00,332.02,332.27,331.97,332.24,315
2026-09-01T16:57:00+00:00,332.24,332.29,331.96,331.96,252
2026-09-01T17:00:00+00:00,331.96,331.99,331.78,331.81,224
2026-09-01T17:03:00+00:00,331.81,332.16,331.78,332.03,306
2026-09-01T17:06:00+00:00,332.03,332.2,332.01,332.02,252
2026-09-01T17:09:00+00:00,332.02,332.3,331.95,332.2,274
2026-09-01T17:12:00+00:00,332.2,332.36,332.16,332.2,293
2026-09-01T17:15:00+00:00,332.2,332.25,331.88,332.01,273
2026-09-01T17:18:00+00:00,332.01,332.13,331.88,332,340
2026-09-01T17:21:00+00:00,332,332.14,331.88,332.07,217
2026-09-01T17:24:00+00:00,332.07,332.22,331.53,331.67,359
2026-09-01T17:27:00+00:00,331.67,331.86,331.6,331.83,264
2026-09-01T17:30:00+00:00,331.83,332.07,331.71,331.93,280
2026-09-01T17:33:00+00:00,331.93,332.22,331.78,332.12,290
2026-09-01T17:36:00+00:00,332.12,332.28,332.06,332.13,161
2026-09-01T17:39:00+00:00,332.13,332.21,331.89,332.05,332
2026-09-01T17:42:00+00:00,332.05,332.05,331.88,331.92,205
2026-09-01T17:45:00+00:00,331.92,331.95,331.63,331.72,176
2026-09-01T17:48:00+00:00,331.72,331.76,331.43,331.55,254
2026-09-01T17:51:00+00:00,331.55,331.59,331.38,331.39,260
2026-09-01T17:54:00+00:00,331.39,331.46,331.23,331.32,277
2026-09-01T17:57:00+00:00,331.32,331.79,331.26,331.63,360
2026-09-01T18:00:00+00:00,331.63,331.77,331.51,331.64,383
2026-09-01T18:03:00+00:00,331.64,331.78,331.29,331.59,440
2026-09-01T18:06:00+00:00,331.59,331.65,331.1,331.31,416
2026-09-01T18:09:00+00:00,331.31,331.37,331.15,331.3,336
2026-09-01T18:12:00+00:00,331.3,331.42,331.19,331.2,352
2026-09-01T18:15:00+00:00,331.2,331.51,331.15,331.44,446
2026-09-01T18:18:00+00:00,331.44,331.56,331.36,331.47,218
2026-09-01T18:21:00+00:00,331.47,331.59,331.31,331.45,263
2026-09-01T18:24:00+00:00,331.45,331.53,331.31,331.32,274
2026-09-01T18:27:00+00:00,331.32,331.33,331.01,331.06,293
2026-09-01T18:30:00+00:00,331.06,331.1,330.68,330.9,330
2026-09-01T18:33:00+00:00,330.9,330.9,330.65,330.79,211
2026-09-01T18:36:00+00:00,330.79,330.86,330.63,330.64,189
2026-09-01T18:39:00+00:00,330.64,330.79,330.58,330.66,261
2026-09-01T18:42:00+00:00,330.66,330.75,330.3,330.32,279
2026-09-01T18:45:00+00:00,330.32,330.51,330.28,330.49,301
2026-09-01T18:48:00+00:00,330.49,330.63,330.38,330.53,249
2026-09-01T18:51:00+00:00,330.53,330.67,330.43,330.6,196
2026-09-01T18:54:00+00:00,330.6,330.88,330.52,330.86,253
2026-09-01T18:57:00+00:00,330.86,331.05,330.84,330.9,221
2026-09-01T19:00:00+00:00,330.9,331.13,330.78,331.04,300
2026-09-01T19:03:00+00:00,331.04,331.48,331.03,331.3,272
2026-09-01T19:06:00+00:00,331.3,331.42,331.24,331.26,210
2026-09-01T19:09:00+00:00,331.26,331.41,331.22,331.33,252
2026-09-01T19:12:00+00:00,331.33,331.39,331.25,331.36,201
2026-09-01T19:15:00+00:00,331.36,331.48,331.29,331.37,240
2026-09-01T19:18:00+00:00,331.37,331.48,331.31,331.4,175
2026-09-01T19:21:00+00:00,331.4,331.43,331.29,331.3,120
2026-09-01T19:24:00+00:00,331.3,331.3,331.09,331.11,130
2026-09-01T19:27:00+00:00,331.11,331.23,331.03,331.14,174
2026-09-01T19:30:00+00:00,331.14,331.14,330.78,330.85,167
2026-09-01T19:33:00+00:00,330.85,330.96,330.78,330.81,281
2026-09-01T19:36:00+00:00,330.81,330.86,330.68,330.77,181
2026-09-01T19:39:00+00:00,330.77,331.06,330.74,330.98,235
2026-09-01T19:42:00+00:00,330.98,331.1,330.78,331.1,210
2026-09-01T19:45:00+00:00,331.1,331.13,330.99,331.02,259
2026-09-01T19:48:00+00:00,331.02,331.31,330.89,331.27,400
2026-09-01T19:51:00+00:00,331.27,331.45,331.17,331.45,350
2026-09-01T19:54:00+00:00,331.45,331.89,331.34,331.55,598
2026-09-01T19:57:00+00:00,331.55,331.94,331.38,331.77,915
2026-09-02T13:30:00+00:00,331.77,331.77,329.41,330.17,1018
2026-09-02T13:33:00+00:00,330.17,332.08,329.89,331.66,867
2026-09-02T13:36:00+00:00,331.66,331.87,330.97,331.8,697
2026-09-02T13:39:00+00:00,331.8,331.83,331,331.33,628
2026-09-02T13:42:00+00:00,331.33,331.71,330.94,331.07,609
2026-09-02T13:45:00+00:00,331.07,331.32,330.53,331.29,601
2026-09-02T13:48:00+00:00,331.29,331.79,331.08,331.49,575
2026-09-02T13:51:00+00:00,331.49,332.64,331.44,332.56,532
2026-09-02T13:54:00+00:00,332.56,333.28,332.49,333.28,608
2026-09-02T13:57:00+00:00,333.28,333.38,332.46,332.88,560
2026-09-02T14:00:00+00:00,332.88,333.21,332.4,332.72,497
2026-09-02T14:03:00+00:00,332.72,333.61,332.66,333.55,499
2026-09-02T14:06:00+00:00,333.55,334.2,333.55,333.76,846
2026-09-02T14:09:00+00:00,333.76,334.06,333.62,333.89,654
2026-09-02T14:12:00+00:00,333.89,336.06,333.77,335.7,1103
2026-09-02T14:15:00+00:00,335.7,336.14,334.94,335.1,988
2026-09-02T14:18:00+00:00,335.1,335.63,334.57,335.03,865
2026-09-02T14:21:00+00:00,335.03,335.69,334.76,335.39,841
2026-09-02T14:24:00+00:00,335.39,335.62,335.02,335.07,721
2026-09-02T14:27:00+00:00,335.07,335.14,334.71,334.77,562
2026-09-02T14:30:00+00:00,334.77,334.81,334.44,334.6,627
2026-09-02T14:33:00+00:00,334.6,334.69,334.46,334.52,502
2026-09-02T14:36:00+00:00,334.52,334.81,333.72,333.72,532
2026-09-02T14:39:00+00:00,333.72,333.97,333.57,333.97,543
2026-09-02T14:42:00+00:00,333.97,334.14,333.63,333.89,528
2026-09-02T14:45:00+00:00,333.89,334.01,333.32,333.6,525
2026-09-02T14:48:00+00:00,333.6,333.69,332.91,332.93,493
2026-09-02T14:51:00+00:00,332.93,333.13,332.69,332.77,391
2026-09-02T14:54:00+00:00,332.77,333.11,332.68,332.99,391
2026-09-02T14:57:00+00:00,332.99,333.43,332.94,333.08,268
2026-09-02T15:00:00+00:00,333.02,333.03,332.22,332.29,420
2026-09-02T15:03:00+00:00,332.29,332.57,332.22,332.37,285
2026-09-02T15:06:00+00:00,332.37,332.83,332.03,332.05,591
2026-09-02T15:09:00+00:00,332.05,332.58,332.03,332.58,333
2026-09-02T15:12:00+00:00,332.58,332.76,332.28,332.72,443
2026-09-02T15:15:00+00:00,332.72,332.94,332.38,332.85,413
2026-09-02T15:18:00+00:00,332.85,333.62,332.73,333.21,513
2026-09-02T15:21:00+00:00,333.21,333.55,333.08,333.42,402
2026-09-02T15:24:00+00:00,333.42,333.74,333.03,333.53,349
2026-09-02T15:27:00+00:00,333.53,333.81,333.42,333.69,457
2026-09-02T15:30:00+00:00,333.69,333.82,333.42,333.61,342
2026-09-02T15:33:00+00:00,333.61,333.68,333.47,333.52,286
2026-09-02T15:36:00+00:00,333.52,333.63,333.22,333.27,240
2026-09-02T15:39:00+00:00,333.27,333.37,333.18,333.19,349
2026-09-02T15:42:00+00:00,333.19,333.32,332.77,333.01,351
2026-09-02T15:45:00+00:00,333.01,333.02,332.58,332.73,274
2026-09-02T15:48:00+00:00,332.73,333.33,332.72,333.32,304
2026-09-02T15:51:00+00:00,333.32,333.86,333.17,333.59,396
2026-09-02T15:54:00+00:00,333.59,334.05,333.37,333.76,519
2026-09-02T15:57:00+00:00,333.76,334.75,333.75,334.59,657
2026-09-02T16:00:00+00:00,334.59,335.33,334.46,335.07,609
2026-09-02T16:03:00+00:00,335.07,335.17,334.54,334.55,431
2026-09-02T16:06:00+00:00,334.55,334.68,334.27,334.35,360
2026-09-02T16:09:00+00:00,334.35,334.66,334.18,334.52,251
2026-09-02T16:12:00+00:00,334.52,334.86,334.47,334.79,309
2026-09-02T16:15:00+00:00,334.79,334.83,334.17,334.59,343
2026-09-02T16:18:00+00:00,334.59,334.86,334.47,334.56,313
2026-09-02T16:21:00+00:00,334.56,334.67,334.13,334.13,287
2026-09-02T16:24:00+00:00,334.13,334.15,333.64,333.69,338
2026-09-02T16:27:00+00:00,333.69,333.94,333.68,333.87,200
2026-09-02T16:30:00+00:00,333.87,334.26,333.87,334.15,281
2026-09-02T16:33:00+00:00,334.15,334.25,333.89,334,290
2026-09-02T16:36:00+00:00,334,334.28,333.89,334.12,387
2026-09-02T16:39:00+00:00,334.12,334.26,333.99,334.06,258
2026-09-02T16:42:00+00:00,334.06,334.18,333.88,333.89,309
2026-09-02T16:45:00+00:00,333.89,334.14,333.89,333.97,224
2026-09-02T16:48:00+00:00,333.97,334.16,333.91,334.13,243
2026-09-02T16:51:00+00:00,334.13,334.84,334.05,334.76,242
2026-09-02T16:54:00+00:00,334.76,334.84,334.46,334.5,235
2026-09-02T16:57:00+00:00,334.5,334.64,334.29,334.3,177
2026-09-02T17:00:00+00:00,334.3,334.77,334.29,334.73,243
2026-09-02T17:03:00+00:00,334.73,334.84,334.63,334.68,178
2026-09-02T17:06:00+00:00,334.68,335.07,334.47,334.49,284
2026-09-02T17:09:00+00:00,334.49,334.54,334.38,334.43,214
2026-09-02T17:12:00+00:00,334.43,334.66,334.34,334.51,233
2026-09-02T17:15:00+00:00,334.51,334.74,334.5,334.59,189
2026-09-02T17:18:00+00:00,334.59,334.73,334.34,334.35,206
2026-09-02T17:21:00+00:00,334.35,334.57,334.29,334.44,216
2026-09-02T17:24:00+00:00,334.44,334.58,334.39,334.53,212
2026-09-02T17:27:00+00:00,334.53,334.57,334.38,334.42,197
2026-09-02T17:30:00+00:00,334.42,334.51,334.01,334.07,223
2026-09-02T17:33:00+00:00,334.07,334.11,333.77,333.79,215
2026-09-02T17:36:00+00:00,333.79,334,333.78,333.91,175
2026-09-02T17:39:00+00:00,333.91,333.94,333.76,333.78,165
2026-09-02T17:42:00+00:00,333.78,333.86,333.68,333.85,353
2026-09-02T17:45:00+00:00,333.85,333.89,333.64,333.67,372
2026-09-02T17:48:00+00:00,333.67,333.76,333.49,333.61,314
2026-09-02T17:51:00+00:00,333.61,334.02,333.59,334,248
2026-09-02T17:54:00+00:00,334,334.16,333.77,334.11,253
2026-09-02T17:57:00+00:00,334.11,334.28,333.97,334.12,251
2026-09-02T18:00:00+00:00,334.12,334.16,333.67,333.75,332
2026-09-02T18:03:00+00:00,333.75,334.08,333.63,333.89,368
2026-09-02T18:06:00+00:00,333.89,334.18,333.83,334.07,179
2026-09-02T18:09:00+00:00,334.07,334.12,333.88,333.97,250
2026-09-02T18:12:00+00:00,333.97,334.17,333.94,334.03,278
2026-09-02T18:15:00+00:00,334.03,334.06,333.88,334.05,293
2026-09-02T18:18:00+00:00,334.05,334.57,334.05,334.35,379
2026-09-02T18:21:00+00:00,334.35,334.43,334.19,334.3,197
2026-09-02T18:24:00+00:00,334.3,334.32,333.95,333.98,280
2026-09-02T18:27:00+00:00,333.98,334.17,333.69,334.13,315
2026-09-02T18:30:00+00:00,334.13,334.37,334.08,334.08,331
2026-09-02T18:33:00+00:00,334.08,334.19,333.81,333.88,312
2026-09-02T18:36:00+00:00,333.88,333.97,333.69,333.76,267
2026-09-02T18:39:00+00:00,333.76,333.81,333.61,333.67,240
2026-09-02T18:42:00+00:00,333.67,333.77,333.59,333.76,188
2026-09-02T18:45:00+00:00,333.76,333.88,333.6,333.69,149
2026-09-02T18:48:00+00:00,333.69,333.78,333.61,333.68,172
2026-09-02T18:51:00+00:00,333.68,333.73,333.43,333.73,224
2026-09-02T18:54:00+00:00,333.73,333.82,333.63,333.79,143
2026-09-02T18:57:00+00:00,333.79,333.84,333.65,333.81,162
2026-09-02T19:00:00+00:00,333.81,334.13,333.62,334.09,266
2026-09-02T19:03:00+00:00,334.09,334.34,334.05,334.06,220
2026-09-02T19:06:00+00:00,334.06,334.14,333.9,334.02,215
2026-09-02T19:09:00+00:00,334.02,334.49,334,334.4,203
2026-09-02T19:12:00+00:00,334.4,334.47,334.29,334.32,186
2026-09-02T19:15:00+00:00,334.32,334.49,334.24,334.38,251
2026-09-02T19:18:00+00:00,334.38,334.46,334.18,334.26,198
2026-09-02T19:21:00+00:00,334.26,334.26,334.08,334.1,294
2026-09-02T19:24:00+00:00,334.1,334.25,334.01,334.15,264
2026-09-02T19:27:00+00:00,334.15,334.25,334.09,334.18,179
2026-09-02T19:30:00+00:00,334.18,334.18,333.88,333.9,244
2026-09-02T19:33:00+00:00,333.9,334.02,333.75,333.78,205
2026-09-02T19:36:00+00:00,333.78,333.91,333.72,333.85,327
2026-09-02T19:39:00+00:00,333.85,333.91,333.68,333.7,243
2026-09-02T19:42:00+00:00,333.7,333.77,333.33,333.6,358
2026-09-02T19:45:00+00:00,333.6,333.81,333.38,333.74,384
2026-09-02T19:48:00+00:00,333.74,334.01,333.65,334.01,320
2026-09-02T19:51:00+00:00,334.01,334.01,333.73,333.77,300
2026-09-02T19:54:00+00:00,333.77,333.99,333.25,333.54,443
2026-09-02T19:57:00+00:00,333.54,333.85,333.46,333.85,928
2026-09-03T13:30:00+00:00,333.85,339.44,333.85,339.44,1389
2026-09-03T13:33:00+00:00,339.44,339.65,337.89,338.55,1213
2026-09-03T13:36:00+00:00,338.55,340.09,338.26,339.64,998
2026-09-03T13:39:00+00:00,339.64,340.6,339.44,340.48,947
2026-09-03T13:42:00+00:00,340.48,340.69,339.53,339.97,691
2026-09-03T13:45:00+00:00,339.97,340.35,339.53,340.3,690
2026-09-03T13:48:00+00:00,340.3,340.41,339.48,339.48,593
2026-09-03T13:51:00+00:00,339.48,340.11,339.13,339.26,724
2026-09-03T13:54:00+00:00,339.26,339.31,338.48,338.65,488
2026-09-03T13:57:00+00:00,338.65,339.02,338.58,338.84,361
2026-09-03T14:00:00+00:00,338.84,338.86,337.88,338.46,502
2026-09-03T14:03:00+00:00,338.46,338.67,337.83,337.93,464
2026-09-03T14:06:00+00:00,337.93,338.78,337.92,338.48,402
2026-09-03T14:09:00+00:00,338.48,338.57,337.88,338.07,519
2026-09-03T14:12:00+00:00,338.07,338.46,337.48,338.46,693
2026-09-03T14:15:00+00:00,338.46,338.74,338.07,338.25,634
2026-09-03T14:18:00+00:00,338.25,338.81,338.25,338.47,583
2026-09-03T14:21:00+00:00,338.47,338.65,338.12,338.34,471
2026-09-03T14:24:00+00:00,338.34,338.43,337.96,338.31,374
2026-09-03T14:27:00+00:00,338.31,338.95,338.22,338.89,484
2026-09-03T14:30:00+00:00,338.89,339.03,338.64,339.03,569
2026-09-03T14:33:00+00:00,339.03,339.06,338.23,338.49,553
2026-09-03T14:36:00+00:00,338.49,338.62,337.97,338.3,524
2026-09-03T14:39:00+00:00,338.3,338.48,337.9,338.45,470
2026-09-03T14:42:00+00:00,338.45,339.01,338.45,338.83,485
2026-09-03T14:45:00+00:00,338.83,338.98,337.89,338.15,481
2026-09-03T14:48:00+00:00,338.15,338.52,337.94,338.52,390
2026-09-03T14:51:00+00:00,338.52,338.62,337.77,337.85,414
2026-09-03T14:54:00+00:00,337.85,338.39,337.32,337.38,520
2026-09-03T14:57:00+00:00,337.38,337.62,337.17,337.35,470
2026-09-03T15:00:00+00:00,337.35,337.55,337.24,337.34,346
2026-09-03T15:03:00+00:00,337.34,337.97,337.33,337.76,536
2026-09-03T15:06:00+00:00,337.76,337.78,337.05,337.61,619
2026-09-03T15:09:00+00:00,337.61,338.28,337.61,338.08,519
2026-09-03T15:12:00+00:00,338.08,338.9,338.08,338.9,457
2026-09-03T15:15:00+00:00,338.9,339.33,338.77,339.23,408
2026-09-03T15:18:00+00:00,339.23,339.61,338.94,339.34,528
2026-09-03T15:21:00+00:00,339.34,339.53,338.96,339.45,577
2026-09-03T15:24:00+00:00,339.45,339.52,339.08,339.23,453
2026-09-03T15:27:00+00:00,339.23,339.4,339.08,339.16,509
2026-09-03T15:30:00+00:00,339.16,339.3,338.98,339.13,589
2026-09-03T15:33:00+00:00,339.13,339.15,338.88,338.99,371
2026-09-03T15:36:00+00:00,338.99,339.25,338.93,339.16,401
2026-09-03T15:39:00+00:00,339.16,339.18,338.8,338.85,403
2026-09-03T15:42:00+00:00,338.85,339.04,338.76,338.76,328
2026-09-03T15:45:00+00:00,338.76,339.3,338.76,339.18,340
2026-09-03T15:48:00+00:00,339.18,339.19,338.82,338.98,330
2026-09-03T15:51:00+00:00,338.98,339.08,338.76,338.76,258
2026-09-03T15:54:00+00:00,338.76,339.04,338.76,338.98,274
2026-09-03T15:57:00+00:00,338.98,339.12,338.82,339,276
2026-09-03T16:00:00+00:00,339,339.18,338.9,339.13,315
2026-09-03T16:03:00+00:00,339.13,339.2,338.88,338.91,340
2026-09-03T16:06:00+00:00,338.91,338.94,338.39,338.41,285
2026-09-03T16:09:00+00:00,338.41,338.6,338.09,338.15,398
2026-09-03T16:12:00+00:00,338.15,338.2,337.68,337.68,403
2026-09-03T16:15:00+00:00,337.68,338.12,337.68,338.08,366
2026-09-03T16:18:00+00:00,338.08,338.29,337.92,338.18,299
2026-09-03T16:21:00+00:00,338.18,338.23,337.68,337.8,313
2026-09-03T16:24:00+00:00,337.8,337.84,337.48,337.5,439
2026-09-03T16:27:00+00:00,337.5,337.75,337.28,337.69,476
2026-09-03T16:30:00+00:00,337.69,337.75,337.28,337.39,462
2026-09-03T16:33:00+00:00,337.39,337.7,337.33,337.65,373
2026-09-03T16:36:00+00:00,337.65,338.26,337.47,338.26,414
2026-09-03T16:39:00+00:00,338.26,338.38,337.97,338.21,441
2026-09-03T16:42:00+00:00,338.21,338.36,337.93,337.93,346
2026-09-03T16:45:00+00:00,337.93,338.35,337.93,338.27,337
2026-09-03T16:48:00+00:00,338.27,338.45,338.26,338.36,301
2026-09-03T16:51:00+00:00,338.36,338.39,338.06,338.07,335
2026-09-03T16:54:00+00:00,338.07,338.25,337.98,338.15,293
2026-09-03T16:57:00+00:00,338.15,338.32,338.12,338.2,301
2026-09-03T17:00:00+00:00,338.2,338.24,338.12,338.2,212
2026-09-03T17:03:00+00:00,338.2,338.41,338.2,338.39,185
2026-09-03T17:06:00+00:00,338.39,338.39,338.18,338.3,137
2026-09-03T17:09:00+00:00,338.3,338.42,338.27,338.32,132
2026-09-03T17:12:00+00:00,338.32,338.48,338.28,338.48,177
2026-09-03T17:15:00+00:00,338.48,338.71,338.41,338.63,178
2026-09-03T17:18:00+00:00,338.63,338.7,338.48,338.55,213
2026-09-03T17:21:00+00:00,338.55,338.8,338.4,338.71,194
2026-09-03T17:24:00+00:00,338.71,338.79,338.58,338.78,132
2026-09-03T17:27:00+00:00,338.78,338.81,338.63,338.69,221
2026-09-03T17:30:00+00:00,338.69,338.89,338.69,338.8,232
2026-09-03T17:33:00+00:00,338.8,339.14,338.73,339.09,219
2026-09-03T17:36:00+00:00,339.09,339.39,339.09,339.18,290
2026-09-03T17:39:00+00:00,339.18,339.34,339.09,339.15,285
2026-09-03T17:42:00+00:00,339.15,339.26,338.97,339.11,285
2026-09-03T17:45:00+00:00,339.11,339.18,338.83,338.99,230
2026-09-03T17:48:00+00:00,338.99,339.19,338.88,339.11,229
2026-09-03T17:51:00+00:00,339.11,339.37,339.08,339.26,197
2026-09-03T17:54:00+00:00,339.26,339.34,339.21,339.28,156
2026-09-03T17:57:00+00:00,339.28,339.33,339.11,339.25,115
2026-09-03T18:00:00+00:00,339.25,339.5,339.08,339.08,226
2026-09-03T18:03:00+00:00,339.08,339.2,338.88,338.91,239
2026-09-03T18:06:00+00:00,338.91,338.97,338.69,338.81,233
2026-09-03T18:09:00+00:00,338.81,339.16,338.79,339.16,270
2026-09-03T18:12:00+00:00,339.16,339.27,339.03,339.13,213
2026-09-03T18:15:00+00:00,339.13,339.45,339.11,339.27,199
2026-09-03T18:18:00+00:00,339.27,339.35,339.03,339.26,175
2026-09-03T18:21:00+00:00,339.26,339.36,339.04,339.2,252
2026-09-03T18:24:00+00:00,339.2,339.67,339.18,339.63,183
2026-09-03T18:27:00+00:00,339.63,339.99,339.53,339.93,251
2026-09-03T18:30:00+00:00,339.93,340.04,339.43,339.46,318
2026-09-03T18:33:00+00:00,339.46,339.5,339.27,339.38,263
2026-09-03T18:36:00+00:00,339.38,339.4,339.13,339.22,220
2026-09-03T18:39:00+00:00,339.22,339.39,338.97,339.34,237
2026-09-03T18:42:00+00:00,339.34,339.39,339.09,339.17,218
2026-09-03T18:45:00+00:00,339.17,339.33,339.08,339.09,171
2026-09-03T18:48:00+00:00,339.09,339.23,338.91,339.05,206
2026-09-03T18:51:00+00:00,339.05,339.14,338.94,339.07,207
2026-09-03T18:54:00+00:00,339.07,339.14,338.77,338.92,287
2026-09-03T18:57:00+00:00,338.92,339.3,338.87,339.27,163
2026-09-03T19:00:00+00:00,339.27,339.35,339.05,339.2,288
2026-09-03T19:03:00+00:00,339.2,339.41,339.03,339.21,325
2026-09-03T19:06:00+00:00,339.21,339.61,339.16,339.57,332
2026-09-03T19:09:00+00:00,339.57,339.79,339.55,339.74,170
2026-09-03T19:12:00+00:00,339.74,339.99,339.69,339.7,218
2026-09-03T19:15:00+00:00,339.7,339.88,338.91,339.26,560
2026-09-03T19:18:00+00:00,339.26,339.76,339.23,339.71,311
2026-09-03T19:21:00+00:00,339.71,339.72,339.42,339.55,244
2026-09-03T19:24:00+00:00,339.55,339.64,339.38,339.58,248
2026-09-03T19:27:00+00:00,339.58,339.77,339.47,339.64,184
2026-09-03T19:30:00+00:00,339.64,339.86,339.6,339.84,308
2026-09-03T19:33:00+00:00,339.84,339.84,339.53,339.59,279
2026-09-03T19:36:00+00:00,339.59,339.81,339.53,339.8,179
2026-09-03T19:39:00+00:00,339.8,340.04,339.71,339.96,308
2026-09-03T19:42:00+00:00,339.96,340.06,339.82,339.87,242
2026-09-03T19:45:00+00:00,339.87,339.92,339.48,339.52,270
2026-09-03T19:48:00+00:00,339.52,339.58,338.88,339.02,390
2026-09-03T19:51:00+00:00,339.02,339.21,338.93,338.95,287
2026-09-03T19:54:00+00:00,338.95,339.32,338.15,338.81,553
2026-09-03T19:57:00+00:00,338.81,339.12,338.42,339.03,965
2026-09-04T13:30:00+00:00,339.03,339.94,337.88,338.01,751
2026-09-04T13:33:00+00:00,338.01,338.27,337.44,338.08,844
2026-09-04T13:36:00+00:00,338.08,338.4,337.78,338.09,821
2026-09-04T13:39:00+00:00,338.09,338.69,337.69,338.03,636
2026-09-04T13:42:00+00:00,338.03,338.2,337.1,337.45,577
2026-09-04T13:45:00+00:00,337.45,337.83,337.12,337.38,583
2026-09-04T13:48:00+00:00,337.38,337.56,336.51,336.88,444
2026-09-04T13:51:00+00:00,336.88,336.94,336.28,336.59,507
2026-09-04T13:54:00+00:00,336.59,337.28,336.51,337.15,448
2026-09-04T13:57:00+00:00,337.15,338,337.11,337.87,616
2026-09-04T14:00:00+00:00,337.87,338.05,337.49,337.65,694
2026-09-04T14:03:00+00:00,337.65,338.12,337.64,337.95,570
2026-09-04T14:06:00+00:00,337.95,338.15,337.48,337.56,513
2026-09-04T14:09:00+00:00,337.56,337.7,337.19,337.3,433
2026-09-04T14:12:00+00:00,337.3,337.39,336.89,337.1,514
2026-09-04T14:15:00+00:00,337.1,337.17,336.68,336.69,484
2026-09-04T14:18:00+00:00,336.69,336.89,336.08,336.1,581
2026-09-04T14:21:00+00:00,336.1,336.15,335.38,335.54,612
2026-09-04T14:24:00+00:00,335.54,335.54,334.69,334.96,604
2026-09-04T14:27:00+00:00,334.96,334.96,334.43,334.54,466
2026-09-04T14:30:00+00:00,334.54,335.18,334.26,335.11,603
2026-09-04T14:33:00+00:00,335.11,335.39,335.02,335.14,503
2026-09-04T14:36:00+00:00,335.14,335.59,334.92,335.49,347
2026-09-04T14:39:00+00:00,335.49,335.69,335.32,335.55,407
2026-09-04T14:42:00+00:00,335.55,335.74,335.32,335.32,370
2026-09-04T14:45:00+00:00,335.32,335.5,334.93,334.98,368
2026-09-04T14:48:00+00:00,334.98,335.02,334.59,334.78,461
2026-09-04T14:51:00+00:00,334.78,334.95,334.65,334.69,316
2026-09-04T14:54:00+00:00,334.69,334.75,334.22,334.24,371
2026-09-04T14:57:00+00:00,334.24,334.47,334.11,334.25,351
2026-09-04T15:00:00+00:00,334.25,334.33,333.84,333.96,369
2026-09-04T15:03:00+00:00,333.96,334.32,333.86,334.15,466
2026-09-04T15:06:00+00:00,334.15,334.39,334.02,334.19,335
2026-09-04T15:09:00+00:00,334.19,334.46,334.18,334.34,518
2026-09-04T15:12:00+00:00,334.34,334.46,334.15,334.25,309
2026-09-04T15:15:00+00:00,334.25,334.31,333.8,333.8,392
2026-09-04T15:18:00+00:00,333.8,333.93,333.63,333.85,444
2026-09-04T15:21:00+00:00,333.85,334.25,333.66,334.02,462
2026-09-04T15:24:00+00:00,334.02,334.22,333.93,333.97,430
2026-09-04T15:27:00+00:00,333.97,334.51,333.94,334.22,417
2026-09-04T15:30:00+00:00,334.22,334.33,334.01,334.14,539
2026-09-04T15:33:00+00:00,334.14,334.65,334.01,334.37,545
2026-09-04T15:36:00+00:00,334.37,334.5,334.13,334.31,292
2026-09-04T15:39:00+00:00,334.31,334.39,334.08,334.11,301
2026-09-04T15:42:00+00:00,334.11,334.42,334.09,334.26,275
2026-09-04T15:45:00+00:00,334.26,334.41,334.09,334.1,291
2026-09-04T15:48:00+00:00,334.1,334.54,334,334.31,450
2026-09-04T15:51:00+00:00,334.31,334.71,334.29,334.65,416
2026-09-04T15:54:00+00:00,334.65,334.77,334.42,334.6,305
2026-09-04T15:57:00+00:00,334.6,334.86,334.48,334.74,224
2026-09-04T16:00:00+00:00,334.74,334.79,334.6,334.62,173
2026-09-04T16:03:00+00:00,334.62,334.65,334.44,334.44,229
2026-09-04T16:06:00+00:00,334.44,334.77,334.33,334.6,247
2026-09-04T16:09:00+00:00,334.6,334.79,334.49,334.72,224
2026-09-04T16:12:00+00:00,334.72,334.96,334.67,334.84,272
2026-09-04T16:15:00+00:00,334.84,334.85,334.6,334.76,263
2026-09-04T16:18:00+00:00,334.76,335.22,334.76,335.01,348
2026-09-04T16:21:00+00:00,335.01,335.28,335,335.28,216
2026-09-04T16:24:00+00:00,335.28,335.28,335.01,335.15,237
2026-09-04T16:27:00+00:00,335.15,335.38,335.12,335.14,259
2026-09-04T16:30:00+00:00,335.14,335.21,334.98,334.99,355
2026-09-04T16:33:00+00:00,334.99,335.18,334.98,335.11,212
2026-09-04T16:36:00+00:00,335.11,335.18,334.98,334.99,320
2026-09-04T16:39:00+00:00,334.99,335.19,334.94,335.02,228
2026-09-04T16:42:00+00:00,335.02,335.25,334.94,335.18,208
2026-09-04T16:45:00+00:00,335.18,335.41,335.16,335.29,182
2026-09-04T16:48:00+00:00,335.29,335.42,335.21,335.42,168
2026-09-04T16:51:00+00:00,335.42,335.42,335.28,335.3,228
2026-09-04T16:54:00+00:00,335.3,335.3,335.09,335.13,236
2026-09-04T16:57:00+00:00,335.13,335.26,334.98,335.06,219
2026-09-04T17:00:00+00:00,335.06,335.2,334.94,335.1,221
2026-09-04T17:03:00+00:00,335.1,335.22,334.99,335.12,288
2026-09-04T17:06:00+00:00,335.12,335.49,335.1,335.25,245
2026-09-04T17:09:00+00:00,335.25,335.28,335.1,335.12,242
2026-09-04T17:12:00+00:00,335.12,335.32,335.03,335.14,160
2026-09-04T17:15:00+00:00,335.14,335.32,335.08,335.21,232
2026-09-04T17:18:00+00:00,335.21,335.37,335.18,335.33,198
2026-09-04T17:21:00+00:00,335.33,335.38,335.19,335.2,218
2026-09-04T17:24:00+00:00,335.2,335.25,335.07,335.19,191
2026-09-04T17:27:00+00:00,335.19,335.31,335.13,335.19,217
2026-09-04T17:30:00+00:00,335.19,335.21,334.99,335.03,286
2026-09-04T17:33:00+00:00,335.03,335.17,334.89,335,284
2026-09-04T17:36:00+00:00,335,335.01,334.79,334.99,301
2026-09-04T17:39:00+00:00,334.99,335.02,334.72,334.73,203
2026-09-04T17:42:00+00:00,334.73,334.99,334.72,334.88,352
2026-09-04T17:45:00+00:00,334.88,334.95,334.73,334.81,276
2026-09-04T17:48:00+00:00,334.81,335.11,334.81,334.93,308
2026-09-04T17:51:00+00:00,334.93,335.06,334.88,334.98,255
2026-09-04T17:54:00+00:00,334.98,335.04,334.88,334.93,184
2026-09-04T17:57:00+00:00,334.93,335.15,334.89,335.04,171
2026-09-04T18:00:00+00:00,335.04,335.19,335,335.11,231
2026-09-04T18:03:00+00:00,335.11,335.17,334.92,334.96,244
2026-09-04T18:06:00+00:00,334.96,334.99,334.75,334.81,204
2026-09-04T18:09:00+00:00,334.81,334.82,334.46,334.47,266
2026-09-04T18:12:00+00:00,334.47,334.58,334.29,334.38,237
2026-09-04T18:15:00+00:00,334.38,334.71,334.35,334.59,273
2026-09-04T18:18:00+00:00,334.59,334.98,334.58,334.94,280
2026-09-04T18:21:00+00:00,334.94,335.1,334.82,335,263
2026-09-04T18:24:00+00:00,335,335.1,334.94,334.98,141
2026-09-04T18:27:00+00:00,334.98,335.04,334.92,334.95,218
2026-09-04T18:30:00+00:00,334.95,335.13,334.92,334.93,223
2026-09-04T18:33:00+00:00,334.93,335.07,334.92,334.99,195
2026-09-04T18:36:00+00:00,334.99,335.09,334.88,335.02,227
2026-09-04T18:39:00+00:00,335.02,335.29,334.94,335.2,305
2026-09-04T18:42:00+00:00,335.2,335.56,335.2,335.42,262
2026-09-04T18:45:00+00:00,335.42,335.53,335.13,335.2,222
2026-09-04T18:48:00+00:00,335.2,335.3,335.15,335.3,205
2026-09-04T18:51:00+00:00,335.3,335.43,335.28,335.43,136
2026-09-04T18:54:00+00:00,335.43,335.62,335.35,335.57,141
2026-09-04T18:57:00+00:00,335.57,335.74,335.55,335.69,109
2026-09-04T19:00:00+00:00,335.69,335.73,335.52,335.67,204
2026-09-04T19:03:00+00:00,335.67,335.68,335.47,335.54,182
2026-09-04T19:06:00+00:00,335.54,335.66,335.48,335.59,174
2026-09-04T19:09:00+00:00,335.59,335.94,335.52,335.87,132
2026-09-04T19:12:00+00:00,335.87,335.91,335.6,335.79,166
2026-09-04T19:15:00+00:00,335.79,336.01,335.66,335.72,325
2026-09-04T19:18:00+00:00,335.72,335.92,335.7,335.83,315
2026-09-04T19:21:00+00:00,335.83,335.95,335.77,335.82,334
2026-09-04T19:24:00+00:00,335.82,336,335.82,335.94,308
2026-09-04T19:27:00+00:00,335.94,336.24,335.94,336.19,305
2026-09-04T19:30:00+00:00,336.19,336.24,335.88,335.89,379
2026-09-04T19:33:00+00:00,335.89,335.9,335.65,335.7,479
2026-09-04T19:36:00+00:00,335.7,335.81,335.6,335.74,519
2026-09-04T19:39:00+00:00,335.74,335.84,335.38,335.41,544
2026-09-04T19:42:00+00:00,335.41,335.88,335.38,335.67,690
2026-09-04T19:45:00+00:00,335.67,335.78,335.43,335.62,778
2026-09-04T19:48:00+00:00,335.62,335.96,335.52,335.53,623
2026-09-04T19:51:00+00:00,335.53,335.53,335.2,335.23,496
2026-09-04T19:54:00+00:00,335.23,335.55,334.98,335.08,847
2026-09-04T19:57:00+00:00,335.08,335.28,335,335.27,806
2026-09-08T13:30:00+00:00,335.27,335.27,331.16,331.72,1032
2026-09-08T13:33:00+00:00,331.72,333.17,331.4,332.39,704
2026-09-08T13:36:00+00:00,332.39,333.3,331.6,332.9,589
2026-09-08T13:39:00+00:00,332.9,333.05,332.14,332.71,692
2026-09-08T13:42:00+00:00,332.71,332.77,331.93,332.18,736
2026-09-08T13:45:00+00:00,332.18,332.18,330.79,330.85,997
2026-09-08T13:48:00+00:00,330.85,331.35,330.85,331.17,930
2026-09-08T13:51:00+00:00,331.17,331.31,330.55,330.77,795
2026-09-08T13:54:00+00:00,330.77,331.38,330.68,331.11,556
2026-09-08T13:57:00+00:00,331.11,331.52,330.79,330.95,405
2026-09-08T14:00:00+00:00,330.95,331.01,330.26,330.31,655
2026-09-08T14:03:00+00:00,330.31,330.9,330.28,330.83,551
2026-09-08T14:06:00+00:00,330.83,331.69,330.83,331.69,459
2026-09-08T14:09:00+00:00,331.69,331.73,330.68,330.69,620
2026-09-08T14:12:00+00:00,330.69,331.31,330.68,330.69,534
2026-09-08T14:15:00+00:00,330.69,331.54,330.6,331.41,618
2026-09-08T14:18:00+00:00,331.41,332.07,331.4,331.83,493
2026-09-08T14:21:00+00:00,331.83,331.9,331.54,331.66,403
2026-09-08T14:24:00+00:00,331.66,331.94,331.54,331.7,421
2026-09-08T14:27:00+00:00,331.7,331.93,331.59,331.77,399
2026-09-08T14:30:00+00:00,331.77,331.85,331.54,331.56,597
2026-09-08T14:33:00+00:00,331.56,331.84,331.48,331.57,477
2026-09-08T14:36:00+00:00,331.57,332.07,331.51,332.07,444
2026-09-08T14:39:00+00:00,332.07,332.84,331.97,332.69,407
2026-09-08T14:42:00+00:00,332.69,333.17,332.68,332.97,604
2026-09-08T14:45:00+00:00,332.97,333.57,332.82,333.49,463
2026-09-08T14:48:00+00:00,333.49,333.56,333.18,333.44,390
2026-09-08T14:51:00+00:00,333.44,334.28,333.34,334.19,485
2026-09-08T14:54:00+00:00,334.19,334.41,333.76,333.89,471
2026-09-08T14:57:00+00:00,333.89,333.91,333.41,333.71,355
2026-09-08T15:00:00+00:00,333.71,334.68,333.7,334.38,526
2026-09-08T15:03:00+00:00,334.38,334.56,334.06,334.45,415
2026-09-08T15:06:00+00:00,334.45,334.46,334.08,334.26,389
2026-09-08T15:09:00+00:00,334.26,334.55,333.9,334.25,380
2026-09-08T15:12:00+00:00,334.25,334.66,334.15,334.59,287
2026-09-08T15:15:00+00:00,334.59,335.15,334.48,334.97,477
2026-09-08T15:18:00+00:00,334.97,334.97,334.3,334.4,426
2026-09-08T15:21:00+00:00,334.4,334.5,334.08,334.45,385
2026-09-08T15:24:00+00:00,334.45,335.16,334.42,335.07,468
2026-09-08T15:27:00+00:00,335.07,335.2,334.88,334.99,407
2026-09-08T15:30:00+00:00,334.99,335.33,334.97,335.07,394
2026-09-08T15:33:00+00:00,335.07,335.31,334.92,335,398
2026-09-08T15:36:00+00:00,335,335.12,334.78,334.84,440
2026-09-08T15:39:00+00:00,334.84,335.31,334.81,335.27,285
2026-09-08T15:42:00+00:00,335.27,335.4,335.1,335.25,290
2026-09-08T15:45:00+00:00,335.25,335.35,334.91,334.97,306
2026-09-08T15:48:00+00:00,334.97,335.25,334.84,335.17,406
2026-09-08T15:51:00+00:00,335.17,335.42,335.12,335.34,343
2026-09-08T15:54:00+00:00,335.34,335.41,335.19,335.3,314
2026-09-08T15:57:00+00:00,335.3,335.47,335.03,335.21,348
2026-09-08T16:00:00+00:00,335.21,335.21,334.8,334.84,354
2026-09-08T16:03:00+00:00,334.84,335.38,334.82,335.35,259
2026-09-08T16:06:00+00:00,335.35,335.41,334.75,334.78,324
2026-09-08T16:09:00+00:00,334.78,335.12,334.69,334.89,389
2026-09-08T16:12:00+00:00,334.89,335.04,334.88,334.9,298
2026-09-08T16:15:00+00:00,334.9,335.14,334.77,334.79,347
2026-09-08T16:18:00+00:00,334.79,334.99,334.75,334.9,335
2026-09-08T16:21:00+00:00,334.9,335.12,334.9,335.02,248
2026-09-08T16:24:00+00:00,335.02,335.63,334.95,335.36,375
2026-09-08T16:27:00+00:00,335.36,335.37,334.97,335.18,292
2026-09-08T16:30:00+00:00,335.18,335.19,334.96,335.01,335
2026-09-08T16:33:00+00:00,335.01,335.27,334.98,335.17,364
2026-09-08T16:36:00+00:00,335.17,335.32,335.03,335.05,325
2026-09-08T16:39:00+00:00,335.05,335.17,334.8,335,231
2026-09-08T16:42:00+00:00,335,335.42,335,335.42,181
2026-09-08T16:45:00+00:00,335.42,335.42,335.09,335.16,239
2026-09-08T16:48:00+00:00,335.16,335.55,335.04,335.37,332
2026-09-08T16:51:00+00:00,335.37,335.56,335.21,335.54,282
2026-09-08T16:54:00+00:00,335.54,335.98,335.31,335.39,470
2026-09-08T16:57:00+00:00,335.39,335.46,335.14,335.37,309
2026-09-08T17:00:00+00:00,335.37,336.02,335.31,335.91,327
2026-09-08T17:03:00+00:00,335.91,336.18,335.89,335.93,227
2026-09-08T17:06:00+00:00,335.93,336.29,335.88,336.07,337
2026-09-08T17:09:00+00:00,336.07,336.07,335.78,335.93,294
2026-09-08T17:12:00+00:00,335.93,336.02,335.5,335.53,235
2026-09-08T17:15:00+00:00,335.53,335.53,335.19,335.22,275
2026-09-08T17:18:00+00:00,335.22,335.75,335.17,335.59,313
2026-09-08T17:21:00+00:00,335.59,335.87,335.56,335.72,332
2026-09-08T17:24:00+00:00,335.72,336.09,335.61,335.99,425
2026-09-08T17:27:00+00:00,335.99,336.12,335.87,335.95,279
2026-09-08T17:30:00+00:00,335.95,336.31,335.94,336.08,432
2026-09-08T17:33:00+00:00,336.08,336.16,335.95,336.1,301
2026-09-08T17:36:00+00:00,336.1,336.26,336.03,336.2,347
2026-09-08T17:39:00+00:00,336.2,336.34,335.88,335.94,291
2026-09-08T17:42:00+00:00,335.94,336.01,335.33,335.39,402
2026-09-08T17:45:00+00:00,335.39,335.68,335.21,335.59,422
2026-09-08T17:48:00+00:00,335.59,336,335.43,335.91,461
2026-09-08T17:51:00+00:00,335.91,336.14,335.7,335.93,369
2026-09-08T17:54:00+00:00,335.93,335.95,335.41,335.49,290
2026-09-08T17:57:00+00:00,335.49,335.64,335.41,335.41,289
2026-09-08T18:00:00+00:00,335.41,335.51,334.97,334.98,306
2026-09-08T18:03:00+00:00,334.98,335.31,334.97,335.28,237
2026-09-08T18:06:00+00:00,335.28,335.33,334.59,334.7,343
2026-09-08T18:09:00+00:00,334.7,335.02,334.63,334.79,401
2026-09-08T18:12:00+00:00,334.79,334.85,334.51,334.77,346
2026-09-08T18:15:00+00:00,334.77,334.87,334.58,334.63,307
2026-09-08T18:18:00+00:00,334.63,334.75,334.58,334.75,327
2026-09-08T18:21:00+00:00,334.75,334.76,334.58,334.59,321
2026-09-08T18:24:00+00:00,334.59,334.68,334.49,334.49,254
2026-09-08T18:27:00+00:00,334.49,334.78,334.41,334.69,360
2026-09-08T18:30:00+00:00,334.69,334.79,334.57,334.71,249
2026-09-08T18:33:00+00:00,334.71,335.03,334.63,334.65,291
2026-09-08T18:36:00+00:00,334.65,334.69,334.47,334.56,286
2026-09-08T18:39:00+00:00,334.56,334.72,334.48,334.68,216
2026-09-08T18:42:00+00:00,334.68,335,334.68,334.95,181
2026-09-08T18:45:00+00:00,334.95,335.16,334.53,334.55,223
2026-09-08T18:48:00+00:00,334.55,334.85,333.88,334.7,698
2026-09-08T18:51:00+00:00,334.7,334.73,334.18,334.47,412
2026-09-08T18:54:00+00:00,334.47,334.68,334.32,334.65,361
2026-09-08T18:57:00+00:00,334.65,334.74,334.4,334.48,228
2026-09-08T19:00:00+00:00,334.48,334.79,334.43,334.69,375
2026-09-08T19:03:00+00:00,334.69,334.83,334.01,334.31,433
2026-09-08T19:06:00+00:00,334.31,334.31,333.76,333.84,565
2026-09-08T19:09:00+00:00,333.84,334,333.78,333.82,485
2026-09-08T19:12:00+00:00,333.82,334.01,333.78,333.79,363
2026-09-08T19:15:00+00:00,333.79,333.94,333.63,333.73,258
2026-09-08T19:18:00+00:00,333.73,333.99,333.68,333.95,293
2026-09-08T19:21:00+00:00,333.95,334.05,333.81,333.95,275
2026-09-08T19:24:00+00:00,333.95,334.21,333.9,334.17,212
2026-09-08T19:27:00+00:00,334.17,334.34,334.09,334.27,296
2026-09-08T19:30:00+00:00,334.27,334.3,333.89,333.94,465
2026-09-08T19:33:00+00:00,333.94,334.23,333.91,334.09,349
2026-09-08T19:36:00+00:00,334.09,334.36,334.06,334.32,312
2026-09-08T19:39:00+00:00,334.32,335.04,334.27,334.86,434
2026-09-08T19:42:00+00:00,334.86,335.05,334.8,334.86,331
2026-09-08T19:45:00+00:00,334.86,335.21,334.76,335.13,419
2026-09-08T19:48:00+00:00,335.13,335.35,334.51,334.98,496
2026-09-08T19:51:00+00:00,334.98,335.02,334.39,334.43,399
2026-09-08T19:54:00+00:00,334.43,335.12,334.29,334.94,601
2026-09-08T19:57:00+00:00,334.94,335.33,334.76,335.26,959
2026-09-09T13:30:00+00:00,335.26,335.26,325.48,325.75,1543
2026-09-09T13:33:00+00:00,325.75,327.71,325.75,327.49,1079
2026-09-09T13:36:00+00:00,327.49,327.68,326.58,327.23,823
2026-09-09T13:39:00+00:00,327.23,327.74,327.2,327.62,798
2026-09-09T13:42:00+00:00,327.62,327.82,326.62,326.62,715
2026-09-09T13:45:00+00:00,326.62,327.01,326.22,326.55,854
2026-09-09T13:48:00+00:00,326.55,326.75,326.12,326.68,789
2026-09-09T13:51:00+00:00,326.68,327.04,326.48,327,598
2026-09-09T13:54:00+00:00,327,327.17,326.66,326.79,631
2026-09-09T13:57:00+00:00,326.79,327.4,326.73,326.98,534
2026-09-09T14:00:00+00:00,326.98,327.04,325.78,325.9,835
2026-09-09T14:03:00+00:00,325.9,326.08,325.59,325.76,673
2026-09-09T14:06:00+00:00,325.76,327.47,325.71,327.37,562
2026-09-09T14:09:00+00:00,327.37,327.54,327.08,327.1,673
2026-09-09T14:12:00+00:00,327.1,327.71,327.01,327.67,590
2026-09-09T14:15:00+00:00,327.67,328.08,327.41,327.49,547
2026-09-09T14:18:00+00:00,327.49,327.77,327.28,327.51,484
2026-09-09T14:21:00+00:00,327.51,328,327.28,327.6,450
2026-09-09T14:24:00+00:00,327.6,327.9,327.21,327.48,571
2026-09-09T14:27:00+00:00,327.48,328.43,327.38,328.11,401
2026-09-09T14:30:00+00:00,328.11,328.11,327.1,327.25,508
2026-09-09T14:33:00+00:00,327.25,327.3,326.9,327.21,502
2026-09-09T14:36:00+00:00,327.21,327.39,327.02,327.25,467
2026-09-09T14:39:00+00:00,327.25,327.93,327.14,327.89,406
2026-09-09T14:42:00+00:00,327.89,327.98,327.68,327.68,433
2026-09-09T14:45:00+00:00,327.68,327.78,327.41,327.64,452
2026-09-09T14:48:00+00:00,327.64,328.1,327.63,327.78,326
2026-09-09T14:51:00+00:00,327.78,328.1,327.63,327.63,388
2026-09-09T14:54:00+00:00,327.63,327.93,327.19,327.24,329
2026-09-09T14:57:00+00:00,327.24,327.45,327.11,327.44,247
2026-09-09T15:00:00+00:00,327.21,327.31,326.55,326.55,556
2026-09-09T15:03:00+00:00,326.55,326.98,326.48,326.81,563
2026-09-09T15:06:00+00:00,326.81,327.22,326.81,327.17,399
2026-09-09T15:09:00+00:00,327.17,327.17,326.18,326.19,592
2026-09-09T15:12:00+00:00,326.19,326.21,325.62,325.8,634
2026-09-09T15:15:00+00:00,325.8,326.32,325.75,326.2,398
2026-09-09T15:18:00+00:00,326.2,326.85,326.18,326.79,436
2026-09-09T15:21:00+00:00,326.79,326.9,326.46,326.56,437
2026-09-09T15:24:00+00:00,326.56,326.57,326.28,326.33,371
2026-09-09T15:27:00+00:00,326.33,326.53,326.27,326.4,372
2026-09-09T15:30:00+00:00,326.4,326.72,326.38,326.7,405
2026-09-09T15:33:00+00:00,326.7,326.99,326.6,326.9,274
2026-09-09T15:36:00+00:00,326.9,326.98,326.68,326.82,358
2026-09-09T15:39:00+00:00,326.82,327.21,326.62,326.8,389
2026-09-09T15:42:00+00:00,326.8,327.04,326.79,326.9,282
2026-09-09T15:45:00+00:00,326.9,327.07,326.88,327,244
2026-09-09T15:48:00+00:00,327,327.5,326.94,327.48,315
2026-09-09T15:51:00+00:00,327.48,327.71,327.41,327.51,323
2026-09-09T15:54:00+00:00,327.51,327.66,327.04,327.05,270
2026-09-09T15:57:00+00:00,327.05,327.22,327.04,327.13,194
2026-09-09T16:00:00+00:00,327.13,327.31,326.97,327.26,318
2026-09-09T16:03:00+00:00,327.26,327.32,327.09,327.24,307
2026-09-09T16:06:00+00:00,327.24,327.24,326.85,326.96,336
2026-09-09T16:09:00+00:00,326.96,326.97,326.63,326.88,337
2026-09-09T16:12:00+00:00,326.88,327.32,326.76,327.08,366
2026-09-09T16:15:00+00:00,327.08,327.15,326.88,326.9,387
2026-09-09T16:18:00+00:00,326.9,327.18,326.78,327.04,335
2026-09-09T16:21:00+00:00,327.04,327.29,327.01,327.09,258
2026-09-09T16:24:00+00:00,327.09,327.19,326.93,327.14,190
2026-09-09T16:27:00+00:00,327.14,327.23,327.08,327.12,209
2026-09-09T16:30:00+00:00,327.12,327.29,327.08,327.27,201
2026-09-09T16:33:00+00:00,327.27,327.41,327.23,327.23,190
2026-09-09T16:36:00+00:00,327.23,327.27,327.1,327.17,242
2026-09-09T16:39:00+00:00,327.17,327.28,327.08,327.16,220
2026-09-09T16:42:00+00:00,327.16,327.34,327.08,327.34,187
2026-09-09T16:45:00+00:00,327.34,327.46,327.17,327.46,175
2026-09-09T16:48:00+00:00,327.46,327.55,327.26,327.52,233
2026-09-09T16:51:00+00:00,327.52,327.74,327.44,327.7,169
2026-09-09T16:54:00+00:00,327.7,327.89,327.59,327.74,209
2026-09-09T16:57:00+00:00,327.74,327.84,327.66,327.8,220
2026-09-09T17:00:00+00:00,327.8,328.11,327.68,327.9,341
2026-09-09T17:03:00+00:00,327.9,328.28,327.88,328.28,252
2026-09-09T17:06:00+00:00,328.28,328.32,328.01,328.09,301
2026-09-09T17:09:00+00:00,328.09,328.37,328.01,328.34,161
2026-09-09T17:12:00+00:00,328.34,328.68,328.25,328.6,258
2026-09-09T17:15:00+00:00,328.6,328.96,328.58,328.93,309
2026-09-09T17:18:00+00:00,328.93,329,328.58,328.72,289
2026-09-09T17:21:00+00:00,328.72,328.99,328.64,328.94,344
2026-09-09T17:24:00+00:00,328.94,329.2,328.78,328.82,362
2026-09-09T17:27:00+00:00,328.82,328.89,328.58,328.69,235
2026-09-09T17:30:00+00:00,328.69,328.79,328.53,328.62,236
2026-09-09T17:33:00+00:00,328.62,329.1,328.53,329.04,281
2026-09-09T17:36:00+00:00,329.04,329.07,328.68,328.69,249
2026-09-09T17:39:00+00:00,328.69,328.79,328.48,328.49,264
2026-09-09T17:42:00+00:00,328.49,328.56,328.4,328.44,298
2026-09-09T17:45:00+00:00,328.44,328.5,328.26,328.4,241
2026-09-09T17:48:00+00:00,328.4,328.45,328.28,328.31,334
2026-09-09T17:51:00+00:00,328.31,328.54,328.29,328.52,306
2026-09-09T17:54:00+00:00,328.52,328.62,328.38,328.4,352
2026-09-09T17:57:00+00:00,328.4,328.48,328.28,328.35,322
2026-09-09T18:00:00+00:00,328.35,328.35,327.91,328.02,345
2026-09-09T18:03:00+00:00,328.02,328.13,327.82,327.82,282
2026-09-09T18:06:00+00:00,327.82,327.94,327.78,327.84,225
2026-09-09T18:09:00+00:00,327.84,328.19,327.82,327.91,304
2026-09-09T18:12:00+00:00,327.91,328.02,327.82,327.97,209
2026-09-09T18:15:00+00:00,327.97,328.05,327.83,327.97,214
2026-09-09T18:18:00+00:00,327.97,328.1,327.88,328.04,223
2026-09-09T18:21:00+00:00,328.04,328.15,327.96,328.15,169
2026-09-09T18:24:00+00:00,328.15,328.27,328.06,328.18,221
2026-09-09T18:27:00+00:00,328.18,328.32,328,328.1,237
2026-09-09T18:30:00+00:00,328.1,328.11,327.62,327.7,347
2026-09-09T18:33:00+00:00,327.7,327.74,327.55,327.67,254
2026-09-09T18:36:00+00:00,327.67,327.71,327.55,327.63,270
2026-09-09T18:39:00+00:00,327.63,328.25,327.63,328.13,322
2026-09-09T18:42:00+00:00,328.13,328.3,328.01,328.01,282
2026-09-09T18:45:00+00:00,328.01,328.12,327.79,327.81,253
2026-09-09T18:48:00+00:00,327.81,327.91,327.68,327.75,277
2026-09-09T18:51:00+00:00,327.75,328,327.74,327.95,316
2026-09-09T18:54:00+00:00,327.95,328.01,327.78,327.89,235
2026-09-09T18:57:00+00:00,327.89,327.92,327.77,327.78,165
2026-09-09T19:00:00+00:00,327.78,327.94,327.68,327.81,206
2026-09-09T19:03:00+00:00,327.81,327.91,327.71,327.74,169
2026-09-09T19:06:00+00:00,327.74,328.16,327.7,328.12,237
2026-09-09T19:09:00+00:00,328.12,328.17,327.88,328.03,291
2026-09-09T19:12:00+00:00,328.03,328.05,327.89,327.91,150
2026-09-09T19:15:00+00:00,327.91,327.95,327.65,327.89,309
2026-09-09T19:18:00+00:00,327.89,328.18,327.86,327.97,305
2026-09-09T19:21:00+00:00,327.97,328.28,327.96,328.27,217
2026-09-09T19:24:00+00:00,328.27,328.88,328.21,328.75,252
2026-09-09T19:27:00+00:00,328.75,328.92,328.52,328.52,266
2026-09-09T19:30:00+00:00,328.52,328.63,328.28,328.43,351
2026-09-09T19:33:00+00:00,328.43,328.5,328.35,328.36,182
2026-09-09T19:36:00+00:00,328.36,328.36,327.76,327.8,237
2026-09-09T19:39:00+00:00,327.8,327.91,327.75,327.82,230
2026-09-09T19:42:00+00:00,327.82,328.32,327.78,328.27,223
2026-09-09T19:45:00+00:00,328.27,328.34,328.18,328.19,230
2026-09-09T19:48:00+00:00,328.19,328.54,328.07,328.4,572
2026-09-09T19:51:00+00:00,328.4,328.43,327.96,328.31,317
2026-09-09T19:54:00+00:00,328.31,328.5,327.89,328.04,536
2026-09-09T19:57:00+00:00,328.04,328.52,328.03,328.52,989
2026-09-10T13:30:00+00:00,328.52,328.52,325.56,326.89,1160
2026-09-10T13:33:00+00:00,326.89,327.92,326.66,327.02,1102
2026-09-10T13:36:00+00:00,327.02,327.28,326.42,326.67,943
2026-09-10T13:39:00+00:00,326.67,327.31,326.45,326.61,856
2026-09-10T13:42:00+00:00,326.61,327.31,326.39,326.5,710
2026-09-10T13:45:00+00:00,326.5,326.81,326.28,326.59,635
2026-09-10T13:48:00+00:00,326.59,326.82,326.1,326.48,735
2026-09-10T13:51:00+00:00,326.48,326.99,326.24,326.95,580
2026-09-10T13:54:00+00:00,326.95,327.09,326.49,326.52,640
2026-09-10T13:57:00+00:00,326.52,326.77,325.93,325.95,519
2026-09-10T14:00:00+00:00,325.95,326.23,325.8,325.89,614
2026-09-10T14:03:00+00:00,325.89,326.36,325.88,326.02,498
2026-09-10T14:06:00+00:00,326.02,326.39,325.9,325.96,520
2026-09-10T14:09:00+00:00,325.96,326.52,325.91,326.44,556
2026-09-10T14:12:00+00:00,326.44,327.06,326.42,326.85,556
2026-09-10T14:15:00+00:00,326.85,326.85,326.45,326.64,471
2026-09-10T14:18:00+00:00,326.64,327.78,326.56,327.54,519
2026-09-10T14:21:00+00:00,327.54,328.03,327.22,327.24,665
2026-09-10T14:24:00+00:00,327.24,328.16,327.24,328.09,883
2026-09-10T14:27:00+00:00,328.09,328.78,328.09,328.34,692
2026-09-10T14:30:00+00:00,328.34,328.72,328.23,328.33,603
2026-09-10T14:33:00+00:00,328.33,328.87,328.32,328.65,681
2026-09-10T14:36:00+00:00,328.65,329.18,328.64,329.05,533
2026-09-10T14:39:00+00:00,329.05,329.05,328.57,328.9,592
2026-09-10T14:42:00+00:00,328.9,328.94,328.08,328.31,669
2026-09-10T14:45:00+00:00,328.31,328.51,328.12,328.3,691
2026-09-10T14:48:00+00:00,328.3,328.67,328.29,328.38,669
2026-09-10T14:51:00+00:00,328.38,328.6,328.17,328.6,629
2026-09-10T14:54:00+00:00,328.6,328.6,328.31,328.44,589
2026-09-10T14:57:00+00:00,328.44,328.76,328.28,328.55,697
2026-09-10T15:00:00+00:00,328.55,328.68,327.93,327.95,872
2026-09-10T15:03:00+00:00,327.95,328.25,327.88,328.06,642
2026-09-10T15:06:00+00:00,328.06,328.41,327.79,328.25,677
2026-09-10T15:09:00+00:00,328.25,328.54,328.06,328.34,667
2026-09-10T15:12:00+00:00,328.34,328.53,327.93,327.98,487
2026-09-10T15:15:00+00:00,327.98,328.18,327.75,327.91,493
2026-09-10T15:18:00+00:00,327.91,327.94,327.5,327.5,417
2026-09-10T15:21:00+00:00,327.5,327.72,327.4,327.6,406
2026-09-10T15:24:00+00:00,327.6,327.96,327.6,327.74,382
2026-09-10T15:27:00+00:00,327.74,327.85,327.33,327.39,430
2026-09-10T15:30:00+00:00,327.39,327.44,326.79,326.96,536
2026-09-10T15:33:00+00:00,326.96,327.41,326.96,327.41,482
2026-09-10T15:36:00+00:00,327.41,327.89,327.41,327.45,383
2026-09-10T15:39:00+00:00,327.45,327.67,327.38,327.64,433
2026-09-10T15:42:00+00:00,327.64,327.87,327.63,327.71,320
2026-09-10T15:45:00+00:00,327.71,327.9,327.69,327.77,402
2026-09-10T15:48:00+00:00,327.77,328.2,327.76,327.8,455
2026-09-10T15:51:00+00:00,327.8,328.04,327.61,327.61,442
2026-09-10T15:54:00+00:00,327.61,327.69,327.33,327.37,275
2026-09-10T15:57:00+00:00,327.37,327.52,327.23,327.36,507
2026-09-10T16:00:00+00:00,327.36,327.72,327.29,327.56,480
2026-09-10T16:03:00+00:00,327.56,328.22,327.56,328.17,380
2026-09-10T16:06:00+00:00,328.17,328.17,327.78,327.78,319
2026-09-10T16:09:00+00:00,327.78,327.89,327.71,327.77,354
2026-09-10T16:12:00+00:00,327.77,328.04,327.76,327.8,345
2026-09-10T16:15:00+00:00,327.8,327.9,327.71,327.77,358
2026-09-10T16:18:00+00:00,327.77,328.31,327.77,328.3,475
2026-09-10T16:21:00+00:00,328.3,328.5,328.14,328.31,410
2026-09-10T16:24:00+00:00,328.31,328.43,328.18,328.2,427
2026-09-10T16:27:00+00:00,328.2,328.3,328.05,328.12,440
2026-09-10T16:30:00+00:00,328.12,328.38,327.94,328.27,377
2026-09-10T16:33:00+00:00,328.27,328.38,327.88,327.92,773
2026-09-10T16:36:00+00:00,327.92,328.36,327.92,328.26,417
2026-09-10T16:39:00+00:00,328.26,328.5,328.09,328.48,435
2026-09-10T16:42:00+00:00,328.48,328.92,328.38,328.79,319
2026-09-10T16:45:00+00:00,328.79,329.53,328.78,329.38,423
2026-09-10T16:48:00+00:00,329.38,329.52,328.84,328.91,529
2026-09-10T16:51:00+00:00,328.91,329.1,328.84,328.98,358
2026-09-10T16:54:00+00:00,328.98,329.38,328.88,329.31,303
2026-09-10T16:57:00+00:00,329.31,329.56,329.24,329.38,261
2026-09-10T17:00:00+00:00,329.38,329.6,329.25,329.3,450
2026-09-10T17:03:00+00:00,329.3,329.34,328.88,328.94,507
2026-09-10T17:06:00+00:00,328.94,328.95,328.5,328.53,353
2026-09-10T17:09:00+00:00,328.53,329.07,328.52,328.92,414
2026-09-10T17:12:00+00:00,328.92,329.32,328.89,329.21,385
2026-09-10T17:15:00+00:00,329.21,329.62,329.15,329.54,372
2026-09-10T17:18:00+00:00,329.54,329.62,329.29,329.59,384
2026-09-10T17:21:00+00:00,329.59,329.83,329.39,329.4,468
2026-09-10T17:24:00+00:00,329.4,329.48,329.29,329.4,356
2026-09-10T17:27:00+00:00,329.4,329.48,329.2,329.23,426
2026-09-10T17:30:00+00:00,329.23,329.35,328.84,328.84,444
2026-09-10T17:33:00+00:00,328.84,329.15,328.83,329.15,403
2026-09-10T17:36:00+00:00,329.15,329.26,328.96,329.14,437
2026-09-10T17:39:00+00:00,329.14,329.33,329.05,329.27,312
2026-09-10T17:42:00+00:00,329.27,329.65,329.27,329.55,407
2026-09-10T17:45:00+00:00,329.55,329.64,329.45,329.52,357
2026-09-10T17:48:00+00:00,329.52,329.54,329.34,329.46,274
2026-09-10T17:51:00+00:00,329.46,329.77,329.41,329.75,431
2026-09-10T17:54:00+00:00,329.75,329.78,329.36,329.54,326
2026-09-10T17:57:00+00:00,329.54,329.7,329.33,329.46,370
2026-09-10T18:00:00+00:00,329.46,329.46,329.14,329.25,444
2026-09-10T18:03:00+00:00,329.25,329.71,329.23,329.71,354
2026-09-10T18:06:00+00:00,329.71,329.95,329.67,329.82,382
2026-09-10T18:09:00+00:00,329.82,329.9,329.58,329.86,400
2026-09-10T18:12:00+00:00,329.86,329.91,329.73,329.76,304
2026-09-10T18:15:00+00:00,329.76,329.78,329.54,329.75,364
2026-09-10T18:18:00+00:00,329.75,329.78,329.58,329.72,282
2026-09-10T18:21:00+00:00,329.72,329.77,329.53,329.76,213
2026-09-10T18:24:00+00:00,329.76,329.76,329.48,329.49,309
2026-09-10T18:27:00+00:00,329.49,329.63,329.38,329.43,366
2026-09-10T18:30:00+00:00,329.43,329.56,329.25,329.44,331
2026-09-10T18:33:00+00:00,329.44,329.77,329.43,329.71,505
2026-09-10T18:36:00+00:00,329.71,329.71,329.41,329.59,392
2026-09-10T18:39:00+00:00,329.59,329.71,329.56,329.64,378
2026-09-10T18:42:00+00:00,329.64,329.69,329.54,329.6,319
2026-09-10T18:45:00+00:00,329.6,329.69,329.39,329.44,438
2026-09-10T18:48:00+00:00,329.44,329.72,329.29,329.68,523
2026-09-10T18:51:00+00:00,329.68,330.14,329.65,330,621
2026-09-10T18:54:00+00:00,330,330.11,329.51,329.85,373
2026-09-10T18:57:00+00:00,329.85,329.86,329.26,329.66,316
2026-09-10T19:00:00+00:00,329.66,329.68,329.47,329.65,397
2026-09-10T19:03:00+00:00,329.65,329.7,329.48,329.7,406
2026-09-10T19:06:00+00:00,329.7,329.86,329.61,329.75,503
2026-09-10T19:09:00+00:00,329.75,330.17,329.74,330.02,433
2026-09-10T19:12:00+00:00,330.02,330.41,329.98,330.29,365
2026-09-10T19:15:00+00:00,330.29,330.31,329.71,329.83,413
2026-09-10T19:18:00+00:00,329.83,329.97,329.71,329.97,325
2026-09-10T19:21:00+00:00,329.97,330.09,329.91,329.91,280
2026-09-10T19:24:00+00:00,329.91,330.04,329.79,329.83,338
2026-09-10T19:27:00+00:00,329.83,329.93,329.68,329.92,221
2026-09-10T19:30:00+00:00,329.92,330.05,329.72,329.95,349
2026-09-10T19:33:00+00:00,329.95,330.22,329.91,330.09,333
2026-09-10T19:36:00+00:00,330.09,330.34,330.03,330.3,277
2026-09-10T19:39:00+00:00,330.3,330.45,330.24,330.35,281
2026-09-10T19:42:00+00:00,330.35,330.6,330.25,330.46,295
2026-09-10T19:45:00+00:00,330.46,330.74,330.06,330.31,425
2026-09-10T19:48:00+00:00,330.31,330.31,330.13,330.24,424
2026-09-10T19:51:00+00:00,330.24,330.53,330.13,330.33,509
2026-09-10T19:54:00+00:00,330.33,330.42,329.9,330.42,742
2026-09-10T19:57:00+00:00,330.42,330.45,329.98,330.27,959
2026-09-11T13:30:00+00:00,330.27,335.5,330.27,334.94,1163
2026-09-11T13:33:00+00:00,334.94,338.08,334.6,337.12,1111
2026-09-11T13:36:00+00:00,337.12,337.38,335.94,336.11,1105
2026-09-11T13:39:00+00:00,336.11,336.31,334.92,334.97,1001
2026-09-11T13:42:00+00:00,334.97,336.36,334.72,335.98,863
2026-09-11T13:45:00+00:00,335.98,336.3,335.04,335.41,961
2026-09-11T13:48:00+00:00,335.41,335.57,335.03,335.56,740
2026-09-11T13:51:00+00:00,335.56,335.9,335.14,335.38,740
2026-09-11T13:54:00+00:00,335.38,335.82,335.28,335.5,546
2026-09-11T13:57:00+00:00,335.5,335.87,335.37,335.59,510
2026-09-11T14:00:00+00:00,335.59,336.19,335.08,336.12,632
2026-09-11T14:03:00+00:00,336.12,336.43,335.88,335.97,496
2026-09-11T14:06:00+00:00,335.97,336.46,335.92,336.45,631
2026-09-11T14:09:00+00:00,336.45,336.65,336.13,336.58,679
2026-09-11T14:12:00+00:00,336.58,336.79,336.19,336.26,739
2026-09-11T14:15:00+00:00,336.26,336.78,336.21,336.75,779
2026-09-11T14:18:00+00:00,336.75,337.48,336.5,337.24,869
2026-09-11T14:21:00+00:00,337.24,337.78,337.08,337.49,789
2026-09-11T14:24:00+00:00,337.49,337.75,336.49,336.63,712
2026-09-11T14:27:00+00:00,336.63,337.56,336.45,337.19,784
2026-09-11T14:30:00+00:00,337.19,337.56,336.75,337.01,710
2026-09-11T14:33:00+00:00,337.01,337.12,336.41,336.93,659
2026-09-11T14:36:00+00:00,336.93,337.17,336.38,336.52,751
2026-09-11T14:39:00+00:00,336.52,337.01,336.5,336.93,484
2026-09-11T14:42:00+00:00,336.93,337.2,336.75,336.98,583
2026-09-11T14:45:00+00:00,336.98,337.31,336.54,336.61,617
2026-09-11T14:48:00+00:00,336.61,337.39,336.61,337.3,702
2026-09-11T14:51:00+00:00,337.3,337.45,336.81,337.2,403
2026-09-11T14:54:00+00:00,337.2,337.21,336.51,336.73,546
2026-09-11T14:57:00+00:00,336.73,337.21,336.54,337.21,597
2026-09-11T15:00:00+00:00,337.21,337.41,337.03,337.35,558
2026-09-11T15:03:00+00:00,337.35,338.45,337.34,338.23,724
2026-09-11T15:06:00+00:00,338.23,338.67,338.16,338.42,706
2026-09-11T15:09:00+00:00,338.42,338.64,338.16,338.29,555
2026-09-11T15:12:00+00:00,338.29,339.25,338.17,339.23,463
2026-09-11T15:15:00+00:00,339.23,339.62,339.13,339.49,626
2026-09-11T15:18:00+00:00,339.49,339.81,339.4,339.4,603
2026-09-11T15:21:00+00:00,339.4,339.51,338.68,338.68,553
2026-09-11T15:24:00+00:00,338.68,338.99,338.45,338.94,479
2026-09-11T15:27:00+00:00,338.94,339.19,338.74,338.85,457
2026-09-11T15:30:00+00:00,338.85,338.94,338.42,338.51,490
2026-09-11T15:33:00+00:00,338.51,338.54,338.16,338.38,410
2026-09-11T15:36:00+00:00,338.38,338.72,338.23,338.34,322
2026-09-11T15:39:00+00:00,338.34,338.79,338.29,338.72,325
2026-09-11T15:42:00+00:00,338.72,338.72,338.18,338.19,295
2026-09-11T15:45:00+00:00,338.19,338.25,337.79,338.07,359
2026-09-11T15:48:00+00:00,338.07,338.18,337.89,338.07,326
2026-09-11T15:51:00+00:00,338.07,338.24,337.98,338.05,310
2026-09-11T15:54:00+00:00,338.05,338.61,337.88,338.59,373
2026-09-11T15:57:00+00:00,338.59,338.81,338.31,338.32,431
2026-09-11T16:00:00+00:00,338.32,338.7,338.21,338.64,318
2026-09-11T16:03:00+00:00,338.64,338.7,338.48,338.61,240
2026-09-11T16:06:00+00:00,338.61,338.64,338.45,338.6,320
2026-09-11T16:09:00+00:00,338.6,338.64,338.26,338.26,353
2026-09-11T16:12:00+00:00,338.26,338.52,338.24,338.48,335
2026-09-11T16:15:00+00:00,338.48,338.62,338.07,338.07,393
2026-09-11T16:18:00+00:00,338.07,338.22,337.88,338.04,330
2026-09-11T16:21:00+00:00,338.04,338.2,337.58,337.64,414
2026-09-11T16:24:00+00:00,337.64,337.74,337.22,337.4,377
2026-09-11T16:27:00+00:00,337.4,337.82,337.05,337.08,431
2026-09-11T16:30:00+00:00,337.08,337.36,336.96,337.34,498
2026-09-11T16:33:00+00:00,337.34,337.57,337.18,337.45,341
2026-09-11T16:36:00+00:00,337.45,337.56,337.21,337.29,348
2026-09-11T16:39:00+00:00,337.29,337.41,337.08,337.34,329
2026-09-11T16:42:00+00:00,337.34,337.54,337.21,337.53,287
2026-09-11T16:45:00+00:00,337.53,337.73,337.38,337.42,371
2026-09-11T16:48:00+00:00,337.42,337.46,337.23,337.42,267
2026-09-11T16:51:00+00:00,337.42,337.43,337.22,337.32,227
2026-09-11T16:54:00+00:00,337.32,337.86,337.26,337.77,352
2026-09-11T16:57:00+00:00,337.77,337.77,337.48,337.51,274
2026-09-11T17:00:00+00:00,337.51,337.85,337.43,337.85,321
2026-09-11T17:03:00+00:00,337.85,337.87,337.7,337.75,292
2026-09-11T17:06:00+00:00,337.75,337.97,337.63,337.97,386
2026-09-11T17:09:00+00:00,337.97,338.06,337.88,337.88,313
2026-09-11T17:12:00+00:00,337.88,338.03,337.81,337.92,255
2026-09-11T17:15:00+00:00,337.92,338.14,337.88,338.14,236
2026-09-11T17:18:00+00:00,338.14,338.15,337.84,338.1,313
2026-09-11T17:21:00+00:00,338.1,338.21,338.02,338.03,252
2026-09-11T17:24:00+00:00,338.03,338.23,337.88,337.98,229
2026-09-11T17:27:00+00:00,337.98,338.01,337.49,337.49,224
2026-09-11T17:30:00+00:00,337.49,337.87,337.42,337.7,356
2026-09-11T17:33:00+00:00,337.7,337.77,337.54,337.58,236
2026-09-11T17:36:00+00:00,337.58,337.8,337.46,337.55,243
2026-09-11T17:39:00+00:00,337.55,337.6,337.41,337.43,272
2026-09-11T17:42:00+00:00,337.43,337.5,337.34,337.34,259
2026-09-11T17:45:00+00:00,337.34,337.42,337.14,337.31,236
2026-09-11T17:48:00+00:00,337.31,337.31,337.11,337.26,328
2026-09-11T17:51:00+00:00,337.26,337.35,337.02,337.09,270
2026-09-11T17:54:00+00:00,337.09,337.23,336.93,337.06,339
2026-09-11T17:57:00+00:00,337.06,337.13,336.88,336.96,324
2026-09-11T18:00:00+00:00,336.96,337.42,336.89,337.35,324
2026-09-11T18:03:00+00:00,337.35,337.35,336.92,336.96,226
2026-09-11T18:06:00+00:00,336.96,337.1,336.62,336.62,209
2026-09-11T18:09:00+00:00,336.62,336.72,336.13,336.21,407
2026-09-11T18:12:00+00:00,336.21,336.3,335.98,336.2,332
2026-09-11T18:15:00+00:00,336.2,336.31,336.12,336.27,237
2026-09-11T18:18:00+00:00,336.27,336.38,335.89,335.9,461
2026-09-11T18:21:00+00:00,335.9,336.16,335.9,336.08,348
2026-09-11T18:24:00+00:00,336.08,336.27,336.07,336.11,323
2026-09-11T18:27:00+00:00,336.11,336.44,336.1,336.32,339
2026-09-11T18:30:00+00:00,336.32,336.39,336.03,336.09,286
2026-09-11T18:33:00+00:00,336.09,336.25,336.03,336.07,246
2026-09-11T18:36:00+00:00,336.07,336.31,336.07,336.2,225
2026-09-11T18:39:00+00:00,336.2,336.3,336.1,336.21,252
2026-09-11T18:42:00+00:00,336.21,336.21,335.85,335.86,186
2026-09-11T18:45:00+00:00,335.86,335.98,335.73,335.87,302
2026-09-11T18:48:00+00:00,335.87,335.9,335.52,335.84,269
2026-09-11T18:51:00+00:00,335.84,335.98,335.79,335.89,249
2026-09-11T18:54:00+00:00,335.89,335.94,335.58,335.63,288
2026-09-11T18:57:00+00:00,335.63,335.69,335.5,335.64,256
2026-09-11T19:00:00+00:00,335.64,335.99,335.64,335.78,342
2026-09-11T19:03:00+00:00,335.78,336.02,335.65,335.9,206
2026-09-11T19:06:00+00:00,335.9,335.96,335.69,335.79,213
2026-09-11T19:09:00+00:00,335.79,335.93,335.78,335.88,250
2026-09-11T19:12:00+00:00,335.88,335.98,335.78,335.9,273
2026-09-11T19:15:00+00:00,335.9,336.03,335.8,335.9,242
2026-09-11T19:18:00+00:00,335.9,335.95,335.78,335.82,203
2026-09-11T19:21:00+00:00,335.82,335.93,335.7,335.91,236
2026-09-11T19:24:00+00:00,335.91,336.1,335.87,335.88,275
2026-09-11T19:27:00+00:00,335.88,335.96,335.81,335.93,397
2026-09-11T19:30:00+00:00,335.93,336.01,335.68,335.93,412
2026-09-11T19:33:00+00:00,335.93,335.97,335.79,335.95,299
2026-09-11T19:36:00+00:00,335.95,336.01,335.88,335.9,214
2026-09-11T19:39:00+00:00,335.9,335.96,335.52,335.53,267
2026-09-11T19:42:00+00:00,335.53,335.64,335.36,335.48,476
2026-09-11T19:45:00+00:00,335.48,335.82,335.23,335.48,500
2026-09-11T19:48:00+00:00,335.48,335.79,335.1,335.28,552
2026-09-11T19:51:00+00:00,335.28,335.65,335.11,335.49,640
2026-09-11T19:54:00+00:00,335.49,335.91,335.35,335.75,697
2026-09-11T19:57:00+00:00,335.75,336,334.98,335.39,1054
